X,Y,FID,Año,IdAccident,Latitud,longitud,ClaseAccid,Fecha,Hora,Región,Comuna,Tipo_Accid,Tipo__CONA,Zona,Ubicación,Causa__CON,Causa_Acci,Calle_Uno,Calle_Dos,Intersecci,Número,Ruta,Ubicaci_1,Calzada,Tipo_Calza,Estado_Cal,Condición,Estado_Atm,Fallecidos,Graves,Menos_Grav,Leves
-8132799.06192485,-4410963.12394353,156,2024,1596736,-36.797822,-73.058177,1,2024/02/01 00:00:00+00,1899/12/30 00:00:00+00,REGION BIO BIO,CONCEPCION,CHOQUE FRENTE/POSTERIOR,CHOQUE,URBANA,TRAMO DE VIA RECTA,IMPRUDENCIA DEL CONDUCTOR,CONDUCCION NO ATENTO CONDICIONES TRANSITO MOMENTO,ALONSO DE RIBERA, ,- ALONSO DE RIBERA,2850, , ,BIDIRECCIONAL CON BANDEJON,CONCRETO,BUENO,SECO,DESPEJADO,0,0,0,0
-8009002.77128398,-4472471.33146431,157,2024,1596740,-37.238989,-71.946096,1,2024/02/25 00:00:00+00,1899/12/30 00:00:00+00,REGION BIO BIO,TUCAPEL,COLISION,COLISION,URBANA,TRAMO DE VIA RECTA,IMPRUDENCIA DEL CONDUCTOR,CONDUCCION NO ATENTO CONDICIONES TRANSITO MOMENTO,SAN GUILLERMO,INDEPENDENCIA,INDEPENDENCIA - SAN GUILLERMO,0, , ,BIDIRECCIONAL,ASFALTO,BUENO,SECO,DESPEJADO,0,0,2,1
-8055191.00912596,-4504707.35136202,158,2024,1596746,-37.469177,-72.361012,1,2024/02/25 00:00:00+00,1899/12/30 00:00:00+00,REGION BIO BIO,LOS ANGELES,CHOQUE FRENTE/POSTERIOR,CHOQUE,URBANA,TRAMO DE VIA RECTA,IMPRUDENCIA DEL CONDUCTOR,CONDUCCION NO ATENTO CONDICIONES TRANSITO MOMENTO,ALEMANIA, ,- ALEMANIA,333, , ,BIDIRECCIONAL CON BANDEJON,ASFALTO,REGULAR,SECO,DESPEJADO,0,0,0,0
-8130059.60057592,-4410426.52677115,159,2024,1596752,-36.793962,-73.033568,1,2024/02/02 00:00:00+00,1899/12/30 00:00:00+00,REGION BIO BIO,CONCEPCION,COLISION LATERAL,COLISION,URBANA,TRAMO DE VIA RECTA,IMPRUDENCIA DEL CONDUCTOR,CONDUCCION NO ATENTO CONDICIONES TRANSITO MOMENTO,VIRGEN DEL BOLDO,ANDALIEN,ANDALIEN - VIRGEN DEL BOLDO,0, , ,BIDIRECCIONAL CON BANDEJON,CONCRETO,BUENO,SECO,DESPEJADO,0,1,0,0
-8132539.24223334,-4413625.79661554,160,2024,1596761,-36.816973,-73.055843,1,2024/02/03 00:00:00+00,1899/12/30 00:00:00+00,REGION BIO BIO,CONCEPCION,CHOQUE FRENTE/POSTERIOR,CHOQUE,URBANA,CRUCE CON SEMAFORO FUNCIONANDO,IMPRUDENCIA DEL CONDUCTOR,CONDUCCION NO ATENTO CONDICIONES TRANSITO MOMENTO,MANUEL RODRIGUEZ,ANIBAL PINTO,ANIBAL PINTO - MANUEL RODRIGUEZ,0, , ,BIDIRECCIONAL,CONCRETO,BUENO,SECO,DESPEJADO,0,0,0,1
-8135113.61677742,-4416023.06376145,161,2024,1596773,-36.834211,-73.078969,1,2024/02/03 00:00:00+00,1899/12/30 00:00:00+00,REGION BIO BIO,CHIGUAYANTE,CHOQUE FRENTE/POSTERIOR,CHOQUE,URBANA,PUENTE,IMPRUDENCIA DEL CONDUCTOR,CONDUCCION NO ATENTO CONDICIONES TRANSITO MOMENTO,PUENTE LLACOLEN, ,- PUENTE LLACOLEN,0, , ,BIDIRECCIONAL,CONCRETO,BUENO,SECO,DESPEJADO,0,0,0,1
-8052778.381802,-4504155.73402863,162,2024,1596777,-37.465244,-72.339339,1,2024/02/26 00:00:00+00,1899/12/30 00:00:00+00,REGION BIO BIO,LOS ANGELES,COLISION LATERAL,COLISION,URBANA,CRUCE CON SEMAFORO FUNCIONANDO,IMPRUDENCIA DEL CONDUCTOR,CONDUCCION NO ATENTO CONDICIONES TRANSITO MOMENTO,SOR VICENTA,GUILLERMO MARCONI,GUILLERMO MARCONI - SOR VICENTA,0, , ,BIDIRECCIONAL,CONCRETO,BUENO,CON ACEITE,DESPEJADO,0,0,0,0
-8051980.66633097,-4501335.54769356,163,2024,1596781,-37.445133,-72.332173,1,2024/02/26 00:00:00+00,1899/12/30 00:00:00+00,REGION BIO BIO,LOS ANGELES,CHOQUE POSTERIOR/FRENTE,CHOQUE,URBANA,CRUCE CON SEMAFORO FUNCIONANDO,IMPRUDENCIA DEL CONDUCTOR,CONDUCCION NO ATENTO CONDICIONES TRANSITO MOMENTO,SOR VICENTA,LAGUNA VERDE,LAGUNA VERDE - SOR VICENTA,0, , ,BIDIRECCIONAL CON BANDEJON,CONCRETO,BUENO,SECO,DESPEJADO,0,0,0,0
-8127927.83232723,-4432975.80643644,164,2024,1596784,-36.956002,-73.014418,1,2024/02/03 00:00:00+00,1899/12/30 00:00:00+00,REGION BIO BIO,CHIGUAYANTE,CHOQUE FRENTE/POSTERIOR,CHOQUE,URBANA,TRAMO DE VIA RECTA,IMPRUDENCIA DEL CONDUCTOR,CONDUCCION NO ATENTO CONDICIONES TRANSITO MOMENTO,21 DE MAYO, ,- 21 DE MAYO,2750, , ,BIDIRECCIONAL CON BANDEJON,CONCRETO,BUENO,SECO,DESPEJADO,0,0,0,0
-8051976.6588293,-4508129.48600045,165,2024,1596806,-37.493572,-72.332137,1,2024/02/26 00:00:00+00,1899/12/30 00:00:00+00,REGION BIO BIO,LOS ANGELES,COLISION FRONTAL,COLISION,URBANA,CRUCE CON SENAL PARE,IMPRUDENCIA DEL CONDUCTOR,CONDUCCION NO ATENTO CONDICIONES TRANSITO MOMENTO,LAUQUEN,LA CUMBRE,LA CUMBRE - LAUQUEN,0, , ,BIDIRECCIONAL,CONCRETO,BUENO,SECO,DESPEJADO,0,0,0,0
-8055191.00912596,-4504707.35136202,166,2024,1596814,-37.469177,-72.361012,1,2024/02/27 00:00:00+00,1899/12/30 00:00:00+00,REGION BIO BIO,LOS ANGELES,CHOQUE POSTERIOR/FRENTE,CHOQUE,URBANA,TRAMO DE VIA RECTA,IMPRUDENCIA DEL CONDUCTOR,CONDUCCION NO ATENTO CONDICIONES TRANSITO MOMENTO,ALEMANIA, ,- ALEMANIA,1410, , ,UNIDIRECCIONAL,CONCRETO,BUENO,SECO,DESPEJADO,0,0,0,0
-8055245.44435696,-4506324.78270898,167,2024,1596825,-37.480708,-72.361501,1,2024/02/28 00:00:00+00,1899/12/30 00:00:00+00,REGION BIO BIO,LOS ANGELES,IMPACTO CON ANIMAL,OTRO TIPO,URBANA,TRAMO DE VIA RECTA,DEFICIENCIAS VIALES,ANIMALES SUELTOS VIA PUBLICA,VICUNA MACKENNA,CAMILO HENRIQUEZ,CAMILO HENRIQUEZ - VICUNA MACKENNA,0, , ,BIDIRECCIONAL CON BANDEJON,CONCRETO,BUENO,SECO,DESPEJADO,0,0,0,1
-8056785.77215106,-4503690.39521391,168,2024,1596829,-37.461926,-72.375338,1,2024/02/28 00:00:00+00,1899/12/30 00:00:00+00,REGION BIO BIO,LOS ANGELES,ATROPELLO,ATROPELLO,URBANA,CRUCE CON SENAL CEDA EL PASO,ALCOHOL EN CONDUCTOR,CONDUCCION EN ESTADO DE EBRIEDAD,EL REBANO,LAGO GENERAL CARRERA,EL REBANO - LAGO GENERAL CARRERA,0, , ,BIDIRECCIONAL,ASFALTO,BUENO,SECO,DESPEJADO,0,0,0,1
-8055191.00912596,-4504707.35136202,169,2024,1596841,-37.469177,-72.361012,1,2024/02/29 00:00:00+00,1899/12/30 00:00:00+00,REGION BIO BIO,LOS ANGELES,CHOQUE LADO/LADO,CHOQUE,URBANA,TRAMO DE VIA RECTA,IMPRUDENCIA DEL CONDUCTOR,CONDUCCION NO ATENTO CONDICIONES TRANSITO MOMENTO,VANCOUVER, ,- VANCOUVER,860, , ,UNIDIRECCIONAL,CONCRETO,BUENO,SECO,DESPEJADO,0,0,0,0
-8054541.01461922,-4503936.66598639,170,2024,1596844,-37.463682,-72.355173,1,2024/02/29 00:00:00+00,1899/12/30 00:00:00+00,REGION BIO BIO,LOS ANGELES,CHOQUE FRENTE/POSTERIOR,CHOQUE,URBANA,TRAMO DE VIA RECTA,IMPRUDENCIA DEL CONDUCTOR,CONDUCCION NO ATENTO CONDICIONES TRANSITO MOMENTO,ERCILLA,GALVARINO,ERCILLA - GALVARINO,0, , ,BIDIRECCIONAL,CONCRETO,BUENO,SECO,DESPEJADO,0,0,0,0
-8131812.65991693,-4414344.44724378,171,2024,1596848,-36.822141,-73.049316,1,2024/02/03 00:00:00+00,1899/12/30 00:00:00+00,REGION BIO BIO,CHIGUAYANTE,COLISION POR ALCANCE,COLISION,URBANA,TRAMO DE VIA RECTA,IMPRUDENCIA DEL CONDUCTOR,CONDUCCION CAMBIAR SORPRESIVAMENTE PISTA CIRCULACION,LOS CARRERA PONIENTE,CARDENAL RAUL SILVA HENRIQUEZ,CARDENAL RAUL SILVA HENRIQUEZ - LOS CARRERA PONIENTE,0, , ,UNIDIRECCIONAL,CONCRETO,BUENO,SECO,DESPEJADO,0,0,0,0
-8128780.5396267,-4429157.96194278,172,2024,1596851,-36.928591,-73.022078,1,2024/02/04 00:00:00+00,1899/12/30 00:00:00+00,REGION BIO BIO,CHIGUAYANTE,CHOQUE FRENTE/POSTERIOR,CHOQUE,URBANA,CRUCE CON SEMAFORO FUNCIONANDO,IMPRUDENCIA DEL CONDUCTOR,CONDUCCION NO ATENTO CONDICIONES TRANSITO MOMENTO,21 DE MAYO,VALENZUELA,21 DE MAYO - VALENZUELA,0, , ,BIDIRECCIONAL CON BANDEJON,CONCRETO,BUENO,SECO,DESPEJADO,0,1,0,1
-8127890.6516173,-4433046.15646916,173,2024,1596856,-36.956507,-73.014084,1,2024/02/06 00:00:00+00,1899/12/30 00:00:00+00,REGION BIO BIO,CHIGUAYANTE,CHOQUE LADO/LADO,CHOQUE,URBANA,TRAMO DE VIA RECTA,IMPRUDENCIA DEL CONDUCTOR,CONDUCCION NO ATENTO CONDICIONES TRANSITO MOMENTO,21 DE MAYO, ,- 21 DE MAYO,3225, , ,BIDIRECCIONAL CON BANDEJON,CONCRETO,BUENO,SECO,DESPEJADO,0,0,0,0
-8130957.72622764,-4411807.55466773,174,2024,1596862,-36.803896,-73.041636,1,2024/02/07 00:00:00+00,1899/12/30 00:00:00+00,REGION BIO BIO,CONCEPCION,ATROPELLO,ATROPELLO,URBANA,TRAMO DE VIA RECTA,IMPRUDENCIA DEL PEATON,PEATON CRUZA CALZADA FUERA PASO PEATONES,CALLE SEIS, ,- CALLE SEIS,36, , ,BIDIRECCIONAL,CONCRETO,BUENO,SECO,DESPEJADO,0,0,0,2
-8124759.79093874,-4400727.53615158,175,2024,1596887,-36.724159,-72.985959,1,2024/02/08 00:00:00+00,1899/12/30 00:00:00+00,REGION BIO BIO,PENCO,COLISION POR ALCANCE,COLISION,URBANA,TRAMO DE VIA RECTA,IMPRUDENCIA DEL CONDUCTOR,CONDUCCION NO ATENTO CONDICIONES TRANSITO MOMENTO,COVADONGA, ,- COVADONGA,73, , ,UNIDIRECCIONAL,ASFALTO,BUENO,SECO,DESPEJADO,0,0,0,0
-8162252.86335486,-4473516.59627631,176,2024,1596889,-37.246464,-73.322765,1,2024/02/26 00:00:00+00,1899/12/30 00:00:00+00,REGION BIO BIO,ARAUCO,COLISION LATERAL,COLISION,URBANA,CRUCE CON SENAL CEDA EL PASO,IMPRUDENCIA DEL CONDUCTOR,NO RESPETAR DERECHO PREFERENTE DE PASO A VEHICULO,CARLOS CONDELL,COLO COLO,CARLOS CONDELL - COLO COLO,0, , ,UNIDIRECCIONAL,CONCRETO,BUENO,SECO,DESPEJADO,0,0,0,0
-8125514.87104479,-4402798.37156705,177,2024,1596895,-36.739068,-72.992742,1,2024/02/12 00:00:00+00,1899/12/30 00:00:00+00,REGION BIO BIO,PENCO,COLISION POR ALCANCE,COLISION,URBANA,TRAMO DE VIA RECTA,IMPRUDENCIA DEL CONDUCTOR,CONDUCCION NO ATENTO CONDICIONES TRANSITO MOMENTO,RUPANCO, ,- RUPANCO,23, , ,UNIDIRECCIONAL,ASFALTO,REGULAR,SECO,DESPEJADO,0,0,0,0
-8125089.96454844,-4402290.52200486,178,2024,1596896,-36.735412,-72.988925,1,2024/02/14 00:00:00+00,1899/12/30 00:00:00+00,REGION BIO BIO,PENCO,COLISION LATERAL,COLISION,URBANA,TRAMO DE VIA RECTA,IMPRUDENCIA DEL CONDUCTOR,CONDUCCION NO ATENTO CONDICIONES TRANSITO MOMENTO,FREIRE, ,- FREIRE,1022, , ,UNIDIRECCIONAL,ASFALTO,BUENO,SECO,DESPEJADO,0,0,0,0
-8089585.72615483,-4414712.69106002,179,2024,1596897,-36.824789,-72.669985,1,2024/02/16 00:00:00+00,1899/12/30 00:00:00+00,REGION BIO BIO,FLORIDA,COLISION POR ALCANCE,COLISION,URBANA,TRAMO DE VIA RECTA,IMPRUDENCIA DEL CONDUCTOR,CONDUCCION NO ATENTO CONDICIONES TRANSITO MOMENTO,IGNACIO SERRANO, ,- IGNACIO SERRANO,186, , ,UNIDIRECCIONAL,ASFALTO,BUENO,SECO,DESPEJADO,0,0,0,0
-8125514.87104479,-4402798.37156705,180,2024,1596898,-36.739068,-72.992742,1,2024/02/16 00:00:00+00,1899/12/30 00:00:00+00,REGION BIO BIO,PENCO,COLISION LATERAL,COLISION,URBANA,TRAMO DE VIA RECTA,IMPRUDENCIA DEL CONDUCTOR,CONDUCCION NO ATENTO CONDICIONES TRANSITO MOMENTO,CENTRAL, ,- CENTRAL,186, , ,UNIDIRECCIONAL,ASFALTO,BUENO,SECO,DESPEJADO,0,0,0,0
-8125221.98946451,-4402677.93568926,181,2024,1596919,-36.738201,-72.990111,1,2024/02/25 00:00:00+00,1899/12/30 00:00:00+00,REGION BIO BIO,PENCO,COLISION,COLISION,URBANA,TRAMO DE VIA RECTA,ALCOHOL EN CONDUCTOR,CONDUCCION EN ESTADO DE EBRIEDAD,YERBAS BUENAS, ,- YERBAS BUENAS,400, , ,UNIDIRECCIONAL,CONCRETO,BUENO,SECO,DESPEJADO,0,0,0,3
-8076852.11224197,-4442205.81557278,182,2024,1596999,-37.02223,-72.555597,1,2024/01/25 00:00:00+00,1899/12/30 00:00:00+00,REGION VALPARAISO,QUILPUE,COLISION,COLISION,URBANA,CRUCE SIN SENALIZACION,IMPRUDENCIA DEL CONDUCTOR,CONDUCCION SIN MANTENER DISTANCIA RAZONABLE NI PRUDENTE,LOS CARRERA,PEDRO AGUIRRE CERDA,LOS CARRERA - PEDRO AGUIRRE CERDA,0, , ,BIDIRECCIONAL,ASFALTO,BUENO,SECO,DESPEJADO,0,0,0,0
-8132507.85013694,-4414714.35986765,183,2024,1597037,-36.824801,-73.055561,1,2024/02/09 00:00:00+00,1899/12/30 00:00:00+00,REGION BIO BIO,CONCEPCION,CHOQUE FRONTAL,CHOQUE,URBANA,CRUCE CON SEMAFORO FUNCIONANDO,IMPRUDENCIA DEL CONDUCTOR,CONDUCCION NO ATENTO CONDICIONES TRANSITO MOMENTO,LOS CARRERA,LINCOYAN,LINCOYAN - LOS CARRERA,0, , ,BIDIRECCIONAL CON BANDEJON,CONCRETO,BUENO,SECO,DESPEJADO,0,0,0,0
-8133479.2240136,-4415258.82232772,184,2024,1597041,-36.828716,-73.064287,1,2024/02/09 00:00:00+00,1899/12/30 00:00:00+00,REGION BIO BIO,CONCEPCION,ATROPELLO,ATROPELLO,URBANA,TRAMO DE VIA RECTA,IMPRUDENCIA DEL CONDUCTOR,CONDUCCION NO ATENTO CONDICIONES TRANSITO MOMENTO,CALETERA LOS CARRERA, ,- CALETERA LOS CARRERA,214, , ,BIDIRECCIONAL,CONCRETO,BUENO,SECO,DESPEJADO,0,0,0,1
-8131448.19990407,-4410005.33083436,185,2024,1597043,-36.790932,-73.046042,1,2024/02/09 00:00:00+00,1899/12/30 00:00:00+00,REGION BIO BIO,CONCEPCION,CHOQUE LATERAL,CHOQUE,URBANA,TRAMO DE VIA RECTA,IMPRUDENCIA DEL CONDUCTOR,CONDUCCION NO ATENTO CONDICIONES TRANSITO MOMENTO,ABDON CIFUENTES, ,- ABDON CIFUENTES,1810, , ,BIDIRECCIONAL,CONCRETO,BUENO,SECO,DESPEJADO,0,0,0,0
-8131682.08215423,-4413217.26647939,186,2024,1597046,-36.814035,-73.048143,1,2024/02/10 00:00:00+00,1899/12/30 00:00:00+00,REGION BIO BIO,CONCEPCION,COLISION LATERAL,COLISION,URBANA,CRUCE CON SEMAFORO FUNCIONANDO,IMPRUDENCIA DEL CONDUCTOR,CONDUCCION NO ATENTO CONDICIONES TRANSITO MOMENTO,PAICAVI,MANUEL RODRIGUEZ,MANUEL RODRIGUEZ - PAICAVI,0, , ,BIDIRECCIONAL CON BANDEJON,CONCRETO,BUENO,SECO,DESPEJADO,0,1,0,0
-8130304.61477515,-4408837.88501355,187,2024,1597053,-36.782533,-73.035769,1,2024/02/11 00:00:00+00,1899/12/30 00:00:00+00,REGION BIO BIO,CONCEPCION,CHOQUE LADO/LADO,CHOQUE,URBANA,TRAMO DE VIA RECTA,IMPRUDENCIA DEL CONDUCTOR,CONDUCCION NO ATENTO CONDICIONES TRANSITO MOMENTO,TORREONES OESTE, ,- TORREONES OESTE,1915, , ,BIDIRECCIONAL,CONCRETO,BUENO,SECO,DESPEJADO,0,0,0,0
-8132257.38128265,-4412076.02370829,188,2024,1597054,-36.805827,-73.053311,1,2024/02/12 00:00:00+00,1899/12/30 00:00:00+00,REGION BIO BIO,CONCEPCION,COLISION POR ALCANCE,COLISION,URBANA,TRAMO DE VIA RECTA,IMPRUDENCIA DEL CONDUCTOR,CONDUCCION SIN MANTENER DISTANCIA RAZONABLE NI PRUDENTE,PAICAVI, ,- PAICAVI,2200, , ,BIDIRECCIONAL CON BANDEJON,CONCRETO,BUENO,SECO,DESPEJADO,0,0,0,0
-8057199.10142038,-4504273.68485087,189,2024,1597056,-37.466085,-72.379051,1,2024/03/01 00:00:00+00,1899/12/30 00:00:00+00,REGION BIO BIO,LOS ANGELES,COLISION LATERAL,COLISION,URBANA,TRAMO DE VIA RECTA,IMPRUDENCIA DEL CONDUCTOR,CONDUCCION NO ATENTO CONDICIONES TRANSITO MOMENTO,AGUAS CALIENTES,BELLAVISTA,AGUAS CALIENTES - BELLAVISTA,0, , ,BIDIRECCIONAL,CONCRETO,BUENO,SECO,DESPEJADO,0,0,0,1
-8054519.75259648,-4506307.52841701,190,2024,1597058,-37.480585,-72.354982,1,2024/03/01 00:00:00+00,1899/12/30 00:00:00+00,REGION BIO BIO,LOS ANGELES,COLISION,COLISION,URBANA,TRAMO DE VIA RECTA,ALCOHOL EN CONDUCTOR,CONDUCCION EN ESTADO DE EBRIEDAD,FREIRE,VICUNA MACKENNA,FREIRE - VICUNA MACKENNA,0, , ,BIDIRECCIONAL CON BANDEJON,CONCRETO,BUENO,SECO,DESPEJADO,0,0,0,1
-8131264.30010528,-4414065.49156644,191,2024,1597059,-36.820135,-73.04439,1,2024/02/12 00:00:00+00,1899/12/30 00:00:00+00,REGION BIO BIO,CONCEPCION,CHOQUE LADO/LADO,CHOQUE,URBANA,TRAMO DE VIA RECTA,IMPRUDENCIA DEL CONDUCTOR,CONDUCCION NO ATENTO CONDICIONES TRANSITO MOMENTO,JOSE JOAQUIN PRIETO, ,- JOSE JOAQUIN PRIETO,318, , ,UNIDIRECCIONAL,CONCRETO,BUENO,SECO,DESPEJADO,0,0,0,0
-8132799.06192485,-4410963.12394353,192,2024,1597062,-36.797822,-73.058177,1,2024/02/13 00:00:00+00,1899/12/30 00:00:00+00,REGION BIO BIO,CONCEPCION,COLISION LATERAL,COLISION,URBANA,TRAMO DE VIA RECTA,IMPRUDENCIA DEL CONDUCTOR,CONDUCCION NO ATENTO CONDICIONES TRANSITO MOMENTO,ALONSO DE RIBERA, ,- ALONSO DE RIBERA,2850, , ,BIDIRECCIONAL CON BANDEJON,CONCRETO,BUENO,SECO,DESPEJADO,0,0,0,0
-8130767.03593991,-4412460.87358208,193,2024,1597064,-36.808595,-73.039923,1,2024/02/13 00:00:00+00,1899/12/30 00:00:00+00,REGION BIO BIO,CONCEPCION,COLISION FRONTAL,COLISION,URBANA,CRUCE CON SENAL PARE,DESOBEDIENCIA A SENALIZACION,SENALIZACION DESOBEDECER SENAL PARE,ANTUCO,OSORNO,ANTUCO - OSORNO,0, , ,BIDIRECCIONAL,CONCRETO,BUENO,SECO,DESPEJADO,0,0,0,0
-8051933.1329084,-4501981.94577572,194,2024,1597077,-37.449743,-72.331746,1,2024/03/01 00:00:00+00,1899/12/30 00:00:00+00,REGION BIO BIO,LOS ANGELES,CHOQUE FRENTE/POSTERIOR,CHOQUE,URBANA,TRAMO DE VIA RECTA,IMPRUDENCIA DEL CONDUCTOR,CONDUCCION NO ATENTO CONDICIONES TRANSITO MOMENTO,PARQUE ORDEZA, ,- PARQUE ORDEZA,371, , ,UNIDIRECCIONAL,CONCRETO,BUENO,SECO,DESPEJADO,0,0,0,0
-8131736.74002421,-4414140.16642239,195,2024,1597079,-36.820672,-73.048634,1,2024/02/13 00:00:00+00,1899/12/30 00:00:00+00,REGION BIO BIO,CONCEPCION,COLISION POR ALCANCE,COLISION,URBANA,CRUCE CON SEMAFORO FUNCIONANDO,IMPRUDENCIA DEL CONDUCTOR,CONDUCCION SIN MANTENER DISTANCIA RAZONABLE NI PRUDENTE,LAS HERAS,TUCAPEL,LAS HERAS - TUCAPEL,0, , ,UNIDIRECCIONAL,CONCRETO,BUENO,SECO,DESPEJADO,0,0,0,0
-8042715.32247327,-4540137.76221157,196,2024,1597081,-37.72136,-72.248941,1,2024/03/10 00:00:00+00,1899/12/30 00:00:00+00,REGION BIO BIO,MULCHEN,COLISION,COLISION,URBANA,CRUCE CON SENAL PARE,IMPRUDENCIA DEL CONDUCTOR,CONDUCCION NO ATENTO CONDICIONES TRANSITO MOMENTO,AMUNATEGUI,UNZUETA,AMUNATEGUI - UNZUETA,0, , ,UNIDIRECCIONAL,CONCRETO,BUENO,SECO,DESPEJADO,0,0,0,1
-8131906.05696971,-4412789.84227066,197,2024,1597088,-36.810961,-73.050155,1,2024/02/13 00:00:00+00,1899/12/30 00:00:00+00,REGION BIO BIO,CONCEPCION,COLISION POR ALCANCE,COLISION,URBANA,TRAMO DE VIA RECTA,IMPRUDENCIA DEL CONDUCTOR,CONDUCCION NO ATENTO CONDICIONES TRANSITO MOMENTO,PAICAVI,JORGE ALESSANDRI,JORGE ALESSANDRI - PAICAVI,0, , ,BIDIRECCIONAL,CONCRETO,BUENO,SECO,DESPEJADO,0,1,0,0
-8056376.6730224,-4503365.73614871,198,2024,1597090,-37.459611,-72.371663,1,2024/03/01 00:00:00+00,1899/12/30 00:00:00+00,REGION BIO BIO,LOS ANGELES,ATROPELLO,ATROPELLO,URBANA,TRAMO DE VIA RECTA,IMPRUDENCIA DEL CONDUCTOR,CONDUCCION NO ATENTO CONDICIONES TRANSITO MOMENTO,OROMPELLO, ,- OROMPELLO,360, , ,BIDIRECCIONAL,CONCRETO,BUENO,SECO,DESPEJADO,0,1,0,0
-8132167.43513409,-4414366.41913819,199,2024,1597095,-36.822299,-73.052503,1,2024/02/14 00:00:00+00,1899/12/30 00:00:00+00,REGION BIO BIO,CONCEPCION,COLISION LATERAL,COLISION,URBANA,CRUCE CON SEMAFORO FUNCIONANDO,DESOBEDIENCIA A SENALIZACION,SENALIZACION DESOBEDECER LUZ ROJA DE SEMAFORO,LAS HERAS,ANIBAL PINTO,ANIBAL PINTO - LAS HERAS,0, , ,UNIDIRECCIONAL,CONCRETO,BUENO,SECO,DESPEJADO,0,0,0,0
-8152542.46417296,-4474852.30893357,200,2024,1597099,-37.256015,-73.235535,1,2024/02/27 00:00:00+00,1899/12/30 00:00:00+00,REGION BIO BIO,ARAUCO,CHOQUE POSTERIOR,CHOQUE,RURAL,TRAMO DE VIA RECTA,IMPRUDENCIA DEL CONDUCTOR,CONDUCCION NO ATENTO CONDICIONES TRANSITO MOMENTO,ESTACIONAMIENTO CEMENTERIO CARAMPAGUE, ,- ESTACIONAMIENTO CEMENTERIO CARAMPAGUE,0, , ,BIDIRECCIONAL,RIPIO,REGULAR, ,DESPEJADO,0,0,0,0
-8131701.45174563,-4413740.23792334,201,2024,1597102,-36.817796,-73.048317,1,2024/02/16 00:00:00+00,1899/12/30 00:00:00+00,REGION BIO BIO,CONCEPCION,COLISION POR ALCANCE,COLISION,URBANA,TRAMO DE VIA RECTA,IMPRUDENCIA DEL CONDUCTOR,CONDUCIR VEHICULO EN RETROCESO,MANUEL BULNES, ,- MANUEL BULNES,1121, , ,UNIDIRECCIONAL,CONCRETO,BUENO,SECO,DESPEJADO,0,0,0,0
-8137594.95255052,-4416638.29698509,202,2024,1598880,-36.838634,-73.101259,1,2024/03/13 00:00:00+00,1899/12/30 00:00:00+00,REGION BIO BIO,SAN PEDRO DE LA PAZ,ATROPELLO,ATROPELLO,URBANA,CRUCE CON SEMAFORO FUNCIONANDO,IMPRUDENCIA DEL PEATON,PEATON CRUZA CALZADA FORMA SORPRESIVA O DESCUIDADA,PEDRO AGUIRRE CERDA,LOS CANELOS,LOS CANELOS - PEDRO AGUIRRE CERDA,0, , ,BIDIRECCIONAL CON BANDEJON,CONCRETO,BUENO,SECO,DESPEJADO,0,0,0,0
-8131550.50251611,-4412799.01905777,203,2024,1597105,-36.811027,-73.046961,1,2024/02/16 00:00:00+00,1899/12/30 00:00:00+00,REGION BIO BIO,CONCEPCION,CHOQUE LATERAL,CHOQUE,URBANA,TRAMO DE VIA RECTA,IMPRUDENCIA DEL CONDUCTOR,CONDUCCION NO ATENTO CONDICIONES TRANSITO MOMENTO,VICUNA MACKENNA,LAUTARO,LAUTARO - VICUNA MACKENNA,0, , ,BIDIRECCIONAL,CONCRETO,BUENO,SECO,DESPEJADO,0,0,0,1
-8161753.48411916,-4473430.87366757,204,2024,1597108,-37.245851,-73.318279,1,2024/03/03 00:00:00+00,1899/12/30 00:00:00+00,REGION BIO BIO,ARAUCO,COLISION,COLISION,URBANA,CRUCE CON SENAL PARE,DESOBEDIENCIA A SENALIZACION,SENALIZACION DESOBEDECER SENAL PARE,CAUPOLICAN,CARLOS CONDELL,CARLOS CONDELL - CAUPOLICAN,0, , ,BIDIRECCIONAL,CONCRETO,BUENO,SECO,DESPEJADO,0,0,0,1
-8131963.27518797,-4413363.96286892,205,2024,1597111,-36.81509,-73.050669,1,2024/02/16 00:00:00+00,1899/12/30 00:00:00+00,REGION BIO BIO,CONCEPCION,COLISION LATERAL,COLISION,URBANA,TRAMO DE VIA RECTA,IMPRUDENCIA DEL CONDUCTOR,CONDUCCION NO ATENTO CONDICIONES TRANSITO MOMENTO,OROMPELLO,MANUEL RODRIGUEZ,MANUEL RODRIGUEZ - OROMPELLO,0, , ,UNIDIRECCIONAL,CONCRETO,BUENO,SECO,DESPEJADO,0,0,0,0
-8132799.06192485,-4410963.12394353,206,2024,1597113,-36.797822,-73.058177,1,2024/02/16 00:00:00+00,1899/12/30 00:00:00+00,REGION BIO BIO,CONCEPCION,COLISION POR ALCANCE,COLISION,URBANA,TRAMO DE VIA RECTA,IMPRUDENCIA DEL CONDUCTOR,CONDUCCION SIN MANTENER DISTANCIA RAZONABLE NI PRUDENTE,ALONSO DE RIBERA, ,- ALONSO DE RIBERA,2850, , ,BIDIRECCIONAL CON BANDEJON,CONCRETO,BUENO,SECO,DESPEJADO,0,0,0,2