X,Y,FID,Año,IdAccident,Latitud,longitud,ClaseAccid,Fecha,Hora,Región,Comuna,Tipo_Accid,Tipo__CONA,Zona,Ubicación,Causa__CON,Causa_Acci,Calle_Uno,Calle_Dos,Intersecci,Número,Ruta,Ubicaci_1,Calzada,Tipo_Calza,Estado_Cal,Condición,Estado_Atm,Fallecidos,Graves,Menos_Grav,Leves
-8053763.33665653,-4504292.61881631,617,2024,1606493,-37.46622,-72.348187,1,2024/04/24 00:00:00+00,1899/12/30 00:00:00+00,REGION BIO BIO,LOS ANGELES,COLISION POR ALCANCE,COLISION,URBANA,TRAMO DE VIA RECTA,IMPRUDENCIA DEL CONDUCTOR,CONDUCCION NO ATENTO CONDICIONES TRANSITO MOMENTO,VILLAGRAN,TUCAPEL,TUCAPEL - VILLAGRAN,0, , ,UNIDIRECCIONAL,CONCRETO,BUENO,SECO,DESPEJADO,0,0,0,0
-8055245.44435696,-4506324.78270898,618,2024,1606496,-37.480708,-72.361501,1,2024/04/24 00:00:00+00,1899/12/30 00:00:00+00,REGION BIO BIO,LOS ANGELES,IMPACTO CON ANIMAL,OTRO TIPO,URBANA,TRAMO DE VIA RECTA,IMPRUDENCIA DEL CONDUCTOR,CONDUCCION NO ATENTO CONDICIONES TRANSITO MOMENTO,CAMILO HENRIQUEZ,VICUNA MACKENNA,CAMILO HENRIQUEZ - VICUNA MACKENNA,0, , ,UNIDIRECCIONAL,CONCRETO,BUENO,SECO,DESPEJADO,0,0,0,1
-8046424.15394802,-4515448.70738234,619,2024,1606498,-37.545721,-72.282258,1,2024/04/24 00:00:00+00,1899/12/30 00:00:00+00,REGION BIO BIO,LOS ANGELES,COLISION,COLISION,URBANA,CRUCE CON SENAL PARE,IMPRUDENCIA DEL CONDUCTOR,CONDUCCION NO ATENTO CONDICIONES TRANSITO MOMENTO,LOS COPIHUES,LOS COPIHUES,LOS COPIHUES - LOS COPIHUES,0, , ,BIDIRECCIONAL,RIPIO,REGULAR, ,DESPEJADO,0,0,0,2
-8051352.71308341,-4504372.14184455,620,2024,1606500,-37.466787,-72.326532,1,2024/04/25 00:00:00+00,1899/12/30 00:00:00+00,REGION BIO BIO,LOS ANGELES,CHOQUE POSTERIOR/FRENTE,CHOQUE,URBANA,TRAMO DE VIA RECTA,ALCOHOL EN CONDUCTOR,CONDUCCION EN ESTADO DE EBRIEDAD,LAS INDUSTRIAS,ALEMANIA,ALEMANIA - LAS INDUSTRIAS,0, , ,BIDIRECCIONAL CON BANDEJON,CONCRETO,REGULAR,HUMEDO,NUBLADO,0,0,0,0
-8074231.5401092,-4521140.99537153,621,2024,1606643,-37.586253,-72.532056,1,2024/04/25 00:00:00+00,1899/12/30 00:00:00+00,REGION BIO BIO,NEGRETE,COLISION,COLISION,RURAL,TRAMO DE VIA RECTA,IMPRUDENCIA DEL CONDUCTOR,CONDUCCION NO ATENTO CONDICIONES TRANSITO MOMENTO,CAMINO VECINAL SANTA LUISA, ,- CAMINO VECINAL SANTA LUISA,2600, , ,BIDIRECCIONAL,RIPIO,REGULAR, ,DESPEJADO,0,0,0,0
-8171031.29575984,-4552005.38971389,622,2024,1606647,-37.805639,-73.401623,1,2024/04/14 00:00:00+00,1899/12/30 00:00:00+00,REGION BIO BIO,CANETE,VOLCADURA,VOLCADURA,URBANA,TRAMO DE VIA RECTA,IMPRUDENCIA DEL CONDUCTOR,CONDUCCION NO ATENTO CONDICIONES TRANSITO MOMENTO,SARGENTO ALDEA,SAAVEDRA,SAAVEDRA - SARGENTO ALDEA,0, , ,UNIDIRECCIONAL,CONCRETO,BUENO,SECO,DESPEJADO,0,0,0,5
-8170801.42101135,-4551332.50239214,623,2024,1606654,-37.800863,-73.399558,1,2024/04/14 00:00:00+00,1899/12/30 00:00:00+00,REGION BIO BIO,CANETE,CHOQUE,CHOQUE,URBANA,CRUCE CON SEMAFORO FUNCIONANDO,ALCOHOL EN CONDUCTOR,CONDUCCION EN ESTADO DE EBRIEDAD,CONDELL, ,- CONDELL,209, , ,BIDIRECCIONAL,ASFALTO,BUENO,HUMEDO,LLOVIZNA,0,0,0,1
-8134201.46486986,-4410294.04981766,624,2024,1606663,-36.793009,-73.070775,1,2024/04/26 00:00:00+00,1899/12/30 00:00:00+00,REGION BIO BIO,HUALPEN,COLISION,COLISION,URBANA,TRAMO DE VIA RECTA,IMPRUDENCIA DEL CONDUCTOR,CONDUCCION NO ATENTO CONDICIONES TRANSITO MOMENTO,AUTOPISTA CONCEPCION TALCAHUANO, ,- AUTOPISTA CONCEPCION TALCAHUANO,8676, , ,BIDIRECCIONAL CON BANDEJON,CONCRETO,BUENO,SECO,DESPEJADO,0,0,0,0
-8166885.86924219,-4504703.00338754,625,2024,1606664,-37.469146,-73.364384,1,2024/04/24 00:00:00+00,1899/12/30 00:00:00+00,REGION BIO BIO,CURANILAHUE,COLISION LATERAL,COLISION,URBANA,TRAMO DE VIA RECTA,IMPRUDENCIA DEL CONDUCTOR,ADELANTAMIENTO SIN EL ESPACIO O TIEMPO SUFICIENTE,EDUARDO FREI,LOS AROMOS,EDUARDO FREI - LOS AROMOS,0, , ,BIDIRECCIONAL,CONCRETO,BUENO,HUMEDO,NUBLADO,0,0,0,0
-8198089.94702594,-4525236.15678643,626,2024,1606669,-37.615399,-73.644695,1,2024/04/26 00:00:00+00,1899/12/30 00:00:00+00,REGION BIO BIO,LEBU,COLISION FRONTAL,COLISION,URBANA,TRAMO DE VIA RECTA,IMPRUDENCIA DEL CONDUCTOR,CONDUCCION CONTRA SENTIDO DEL TRANSITO,PROLONGACION PRAT, ,- PROLONGACION PRAT,557, , ,UNIDIRECCIONAL,ASFALTO,BUENO,SECO,DESPEJADO,0,0,0,0
-8139085.16225046,-4407329.94400236,627,2024,1606672,-36.771683,-73.114646,1,2024/04/26 00:00:00+00,1899/12/30 00:00:00+00,REGION BIO BIO,HUALPEN,COLISION,COLISION,URBANA,TRAMO DE VIA RECTA,IMPRUDENCIA DEL CONDUCTOR,CONDUCCION NO ATENTO CONDICIONES TRANSITO MOMENTO,COSTANERA,GRAN BRETANA,COSTANERA - GRAN BRETANA,0, , ,BIDIRECCIONAL CON BANDEJON,CONCRETO,BUENO,SECO,DESPEJADO,0,0,0,0
-8090135.75575884,-4508885.8871514,628,2024,1606676,-37.498963,-72.674926,1,2024/04/25 00:00:00+00,1899/12/30 00:00:00+00,REGION BIO BIO,NACIMIENTO,ATROPELLO,ATROPELLO,URBANA,CRUCE SIN SENALIZACION,IMPRUDENCIA DEL CONDUCTOR,CONDUCCION NO ATENTO CONDICIONES TRANSITO MOMENTO,VILLA ALEGRE, ,- VILLA ALEGRE,817, , ,BIDIRECCIONAL,CONCRETO,BUENO,SECO,DESPEJADO,0,0,0,1
-8131181.47840413,-4414205.38567309,629,2024,1606678,-36.821141,-73.043646,1,2024/04/23 00:00:00+00,1899/12/30 00:00:00+00,REGION BIO BIO,CONCEPCION,ATROPELLO,ATROPELLO,URBANA,CRUCE CON SEMAFORO FUNCIONANDO,IMPRUDENCIA DEL CONDUCTOR,NO RESPETAR DERECHO PREFERENTE DE PASO A PEATON,PAICAVI,MAIPU,MAIPU - PAICAVI,0, , ,UNIDIRECCIONAL,CONCRETO,BUENO,SECO,DESPEJADO,0,0,1,0
-8137913.41329037,-4409412.20955455,630,2024,1606680,-36.786665,-73.10412,1,2024/04/27 00:00:00+00,1899/12/30 00:00:00+00,REGION BIO BIO,HUALPEN,COLISION,COLISION,URBANA,CRUCE CON SEMAFORO FUNCIONANDO,ALCOHOL EN CONDUCTOR,CONDUCCION EN ESTADO DE EBRIEDAD,BULGARIA,GRECIA,BULGARIA - GRECIA,0, , ,BIDIRECCIONAL,CONCRETO,BUENO,SECO,DESPEJADO,0,0,0,1
-8135979.45977682,-4410541.21171865,631,2024,1606685,-36.794787,-73.086747,1,2024/04/27 00:00:00+00,1899/12/30 00:00:00+00,REGION BIO BIO,HUALPEN,ATROPELLO,ATROPELLO,URBANA,CRUCE CON SEMAFORO FUNCIONANDO,IMPRUDENCIA DEL CONDUCTOR,NO RESPETAR DERECHO PREFERENTE DE PASO A PEATON,CANETE,CRISTOBAL COLON,CANETE - CRISTOBAL COLON,0, , ,BIDIRECCIONAL,CONCRETO,BUENO,SECO,DESPEJADO,0,0,0,1
-8163671.852904,-4506629.89378319,632,2024,1606691,-37.482883,-73.335512,1,2024/04/25 00:00:00+00,1899/12/30 00:00:00+00,REGION BIO BIO,CURANILAHUE,ATROPELLO,ATROPELLO,URBANA,TRAMO DE VIA RECTA,ALCOHOL EN PEATON,EBRIEDAD DEL PEATON,PEDRO AGUIRRE CERDA, ,- PEDRO AGUIRRE CERDA,126, , ,BIDIRECCIONAL,CONCRETO,BUENO,HUMEDO,NUBLADO,0,0,0,0
-8126698.5311904,-4414354.87693483,633,2024,1606699,-36.822216,-73.003375,1,2024/04/23 00:00:00+00,1899/12/30 00:00:00+00,REGION BIO BIO,CONCEPCION,COLISION PERPENDICULAR,COLISION,URBANA,TRAMO DE VIA RECTA,IMPRUDENCIA DEL CONDUCTOR,CONDUCCION NO ATENTO CONDICIONES TRANSITO MOMENTO,COLLAO, ,- COLLAO,1954, , ,UNIDIRECCIONAL,CONCRETO,BUENO,SECO,NUBLADO,0,0,0,2
-8139345.09326146,-4400814.20065655,634,2024,1606707,-36.724783,-73.116981,1,2024/04/23 00:00:00+00,1899/12/30 00:00:00+00,REGION BIO BIO,TALCAHUANO,CHOQUE POSTERIOR,CHOQUE,URBANA,TRAMO DE VIA RECTA,IMPRUDENCIA DEL CONDUCTOR,CONDUCCION NO ATENTO CONDICIONES TRANSITO MOMENTO,PAICAVI,PRESIDENTE JORGE ALESSANDRI,PAICAVI - PRESIDENTE JORGE ALESSANDRI,0, , ,UNIDIRECCIONAL,CONCRETO,BUENO,SECO,DESPEJADO,0,0,0,0
-8090150.22729264,-4509603.8943913,635,2024,1606722,-37.50408,-72.675056,1,2024/04/26 00:00:00+00,1899/12/30 00:00:00+00,REGION BIO BIO,NACIMIENTO,CHOQUE,CHOQUE,URBANA,TRAMO DE VIA RECTA,IMPRUDENCIA DEL CONDUCTOR,CONDUCCION NO ATENTO CONDICIONES TRANSITO MOMENTO,LINCANLEBO, ,- LINCANLEBO,1033, , ,BIDIRECCIONAL,CONCRETO,BUENO,HUMEDO,DESPEJADO,0,1,0,0
-8130893.49488145,-4414413.42245702,636,2024,1606734,-36.822637,-73.041059,1,2024/04/24 00:00:00+00,1899/12/30 00:00:00+00,REGION BIO BIO,CONCEPCION,COLISION PERPENDICULAR,COLISION,URBANA,CRUCE CON SENAL CEDA EL PASO,DESOBEDIENCIA A SENALIZACION,SENALIZACION DESOBEDECER SENAL CEDA EL PASO,BARROS ARANA,JANEQUEO,BARROS ARANA - JANEQUEO,0, , ,UNIDIRECCIONAL,CONCRETO,BUENO,SECO,DESPEJADO,0,0,0,0
-8132079.38141687,-4415215.98748979,637,2024,1606742,-36.828408,-73.051712,1,2024/04/24 00:00:00+00,1899/12/30 00:00:00+00,REGION BIO BIO,CONCEPCION,COLISION LATERAL,COLISION,URBANA,CRUCE CON SEMAFORO FUNCIONANDO,IMPRUDENCIA DEL CONDUCTOR,VIRAJES INDEBIDOS,O'HIGGINS,RENGO,O'HIGGINS - RENGO,0, , ,UNIDIRECCIONAL,CONCRETO,BUENO,SECO,DESPEJADO,0,0,0,0
-8090243.8469844,-4509062.96390446,638,2024,1606752,-37.500225,-72.675897,1,2024/04/27 00:00:00+00,1899/12/30 00:00:00+00,REGION BIO BIO,NACIMIENTO,CHOQUE,CHOQUE,URBANA,TRAMO DE VIA RECTA,IMPRUDENCIA DEL CONDUCTOR,CONDUCIR VEHICULO EN RETROCESO,LA CRUZ, ,- LA CRUZ,377, , ,UNIDIRECCIONAL,CONCRETO,BUENO,SECO,DESPEJADO,0,0,0,0
-8129367.97257962,-4412820.29254922,639,2024,1606764,-36.81118,-73.027355,1,2024/04/24 00:00:00+00,1899/12/30 00:00:00+00,REGION BIO BIO,CONCEPCION,CHOQUE,CHOQUE,URBANA,TRAMO DE VIA RECTA,IMPRUDENCIA DEL CONDUCTOR,CONDUCCION NO ATENTO CONDICIONES TRANSITO MOMENTO,GENERAL BONILLA,JUAN BOSCO,GENERAL BONILLA - JUAN BOSCO,0, , ,UNIDIRECCIONAL,CONCRETO,BUENO,CON ACEITE,DESPEJADO,0,0,0,1
-8137600.93947971,-4416996.97744086,640,2024,1606771,-36.841213,-73.101313,1,2024/04/24 00:00:00+00,1899/12/30 00:00:00+00,REGION BIO BIO,SAN PEDRO DE LA PAZ,ATROPELLO,ATROPELLO,URBANA,CRUCE SIN SENALIZACION,IMPRUDENCIA DEL CONDUCTOR,NO RESPETAR DERECHO PREFERENTE DE PASO A PEATON,MADRESELVA,MILLARAPUE,MADRESELVA - MILLARAPUE,0, , ,BIDIRECCIONAL,CONCRETO,BUENO,SECO,DESPEJADO,0,0,0,1
-8131605.71698355,-4414428.71943988,641,2024,1606782,-36.822747,-73.047457,1,2024/04/25 00:00:00+00,1899/12/30 00:00:00+00,REGION BIO BIO,CONCEPCION,COLISION,COLISION,URBANA,TRAMO DE VIA RECTA,IMPRUDENCIA DEL CONDUCTOR,CONDUCIR VEHICULO EN RETROCESO,MAIPU,TUCAPEL,MAIPU - TUCAPEL,0, , ,UNIDIRECCIONAL,CONCRETO,BUENO,SECO,DESPEJADO,0,0,0,0
-8130655.60512963,-4414899.18193195,642,2024,1606797,-36.82613,-73.038922,1,2024/04/25 00:00:00+00,1899/12/30 00:00:00+00,REGION BIO BIO,CONCEPCION,COLISION PERPENDICULAR,COLISION,URBANA,CRUCE SIN SENALIZACION,IMPRUDENCIA DEL CONDUCTOR,CONDUCCION NO ATENTO CONDICIONES TRANSITO MOMENTO,AUGUSTO D'HALMAR,JANEQUEO,AUGUSTO D'HALMAR - JANEQUEO,0, , ,UNIDIRECCIONAL,CONCRETO,BUENO,SECO,NUBLADO,0,0,0,0
-8130752.89836458,-4414696.00299813,643,2024,1606840,-36.824669,-73.039796,1,2024/04/25 00:00:00+00,1899/12/30 00:00:00+00,REGION BIO BIO,CONCEPCION,COLISION LATERAL,COLISION,URBANA,TRAMO DE VIA RECTA,IMPRUDENCIA DEL CONDUCTOR,ADELANTAMIENTO SIN EL ESPACIO O TIEMPO SUFICIENTE,JANEQUEO,SAN MARTIN,JANEQUEO - SAN MARTIN,0, , ,UNIDIRECCIONAL,CONCRETO,BUENO,SECO,DESPEJADO,0,0,0,0
-8133283.19039031,-4410617.94706411,644,2024,1606848,-36.795339,-73.062526,1,2024/04/26 00:00:00+00,1899/12/30 00:00:00+00,REGION BIO BIO,CONCEPCION,COLISION POR ALCANCE,COLISION,URBANA,TRAMO DE VIA RECTA,IMPRUDENCIA DEL CONDUCTOR,CONDUCCION NO ATENTO CONDICIONES TRANSITO MOMENTO,PAICAVI, ,- PAICAVI,3280, , ,BIDIRECCIONAL,CONCRETO,BUENO,SECO,DESPEJADO,0,0,0,0
-8131805.42415003,-4415072.18608075,645,2024,1606849,-36.827374,-73.049251,1,2024/04/25 00:00:00+00,1899/12/30 00:00:00+00,REGION BIO BIO,CONCEPCION,CHOQUE,CHOQUE,URBANA,CRUCE CON SEMAFORO FUNCIONANDO,IMPRUDENCIA DEL CONDUCTOR,CONDUCCION NO ATENTO CONDICIONES TRANSITO MOMENTO,O'HIGGINS,ANIBAL PINTO,ANIBAL PINTO - O'HIGGINS,0, , ,UNIDIRECCIONAL,CONCRETO,BUENO,SECO,DESPEJADO,0,0,0,1
-8131941.01128982,-4418593.79351236,646,2024,1606858,-36.852692,-73.050469,1,2024/04/25 00:00:00+00,1899/12/30 00:00:00+00,REGION BIO BIO,CONCEPCION,ATROPELLO,ATROPELLO,URBANA,CRUCE CON SEMAFORO FUNCIONANDO,IMPRUDENCIA DEL CONDUCTOR,NO RESPETAR DERECHO PREFERENTE DE PASO A PEATON,PEDRO DE VALDIVIA,INGLESA,INGLESA - PEDRO DE VALDIVIA,0, , ,BIDIRECCIONAL,CONCRETO,BUENO,SECO,DESPEJADO,0,1,0,0
-8121519.8371592,-4385810.61805471,647,2024,1606869,-36.616679,-72.956854,1,2024/04/28 00:00:00+00,1899/12/30 00:00:00+00,REGION BIO BIO,TOME,ATROPELLO,ATROPELLO,URBANA,TRAMO DE VIA RECTA,IMPRUDENCIA DEL CONDUCTOR,CONDUCIR VEHICULO EN RETROCESO,NOGUEIRA,MARIANO EGANA,MARIANO EGANA - NOGUEIRA,0, , ,UNIDIRECCIONAL,CONCRETO,BUENO,SECO,DESPEJADO,0,0,0,1
-8121336.60527736,-4387719.03797701,648,2024,1606889,-36.630438,-72.955208,1,2024/04/27 00:00:00+00,1899/12/30 00:00:00+00,REGION BIO BIO,TOME,CHOQUE,CHOQUE,URBANA,TRAMO DE VIA RECTA,ALCOHOL EN CONDUCTOR,CONDUCCION EN ESTADO DE EBRIEDAD,LATORRE, ,- LATORRE,167, , ,BIDIRECCIONAL CON BANDEJON,CONCRETO,BUENO,SECO,DESPEJADO,0,0,0,0
-8052543.05239846,-4503075.86546806,649,2024,1606893,-37.457544,-72.337225,1,2024/04/25 00:00:00+00,1899/12/30 00:00:00+00,REGION BIO BIO,LOS ANGELES,COLISION LATERAL,COLISION,URBANA,TRAMO DE VIA CURVA VERTICAL,IMPRUDENCIA DEL CONDUCTOR,CONDUCCION NO ATENTO CONDICIONES TRANSITO MOMENTO,ALMIRANTE LATORRE,SEGOVIA,ALMIRANTE LATORRE - SEGOVIA,0, , ,BIDIRECCIONAL CON BANDEJON,CONCRETO,REGULAR,SECO,DESPEJADO,0,1,0,0
-8054067.57282487,-4504857.56797462,650,2024,1606912,-37.470248,-72.35092,1,2024/04/25 00:00:00+00,1899/12/30 00:00:00+00,REGION BIO BIO,LOS ANGELES,CHOQUE LATERAL,CHOQUE,URBANA,TRAMO DE VIA RECTA,IMPRUDENCIA DEL CONDUCTOR,CONDUCCION NO ATENTO CONDICIONES TRANSITO MOMENTO,LAUTARO,COLON,COLON - LAUTARO,0, , ,UNIDIRECCIONAL,CONCRETO,BUENO,SECO,DESPEJADO,0,0,0,0
-8054604.68936795,-4506282.83939822,651,2024,1606917,-37.480409,-72.355745,1,2024/04/25 00:00:00+00,1899/12/30 00:00:00+00,REGION BIO BIO,LOS ANGELES,CHOQUE FRENTE/POSTERIOR,CHOQUE,URBANA,TRAMO DE VIA RECTA,IMPRUDENCIA DEL CONDUCTOR,CONDUCCION NO ATENTO CONDICIONES TRANSITO MOMENTO,VICUNA MACKENNA, ,- VICUNA MACKENNA,551, , ,UNIDIRECCIONAL,CONCRETO,BUENO,MOJADO,LLUVIA,0,0,0,0
-8051439.20832775,-4506818.01496829,652,2024,1606923,-37.484224,-72.327309,1,2024/04/26 00:00:00+00,1899/12/30 00:00:00+00,REGION BIO BIO,LOS ANGELES,CHOQUE FRENTE/POSTERIOR,CHOQUE,URBANA,CRUCE CON SENAL CEDA EL PASO,IMPRUDENCIA DEL CONDUCTOR,CONDUCCION NO ATENTO CONDICIONES TRANSITO MOMENTO,FRANCISCO ENCINA, ,- FRANCISCO ENCINA,1451, , ,BIDIRECCIONAL CON BANDEJON,CONCRETO,REGULAR,HUMEDO,DESPEJADO,0,0,0,1
-8052306.72111951,-4503705.82202871,653,2024,1606930,-37.462036,-72.335102,1,2024/04/26 00:00:00+00,1899/12/30 00:00:00+00,REGION BIO BIO,LOS ANGELES,COLISION,COLISION,URBANA,TRAMO DE VIA RECTA,IMPRUDENCIA DEL CONDUCTOR,CONDUCCION NO ATENTO CONDICIONES TRANSITO MOMENTO,COSTANERA QUILQUE, ,- COSTANERA QUILQUE,1053, , ,BIDIRECCIONAL,CONCRETO,BUENO,SECO,NUBLADO,0,0,0,0
-8138220.54376547,-4410890.00056135,654,2024,1607166,-36.797296,-73.106879,1,2024/04/27 00:00:00+00,1899/12/30 00:00:00+00,REGION BIO BIO,HUALPEN,ATROPELLO,ATROPELLO,URBANA,CRUCE CON SEMAFORO FUNCIONANDO,IMPRUDENCIA DEL PEATON,PEATON CRUZA CALZADA FORMA SORPRESIVA O DESCUIDADA,AVENIDA DOS,GRAN BRETANA,AVENIDA DOS - GRAN BRETANA,0, , ,BIDIRECCIONAL CON BANDEJON,CONCRETO,BUENO,SECO,DESPEJADO,0,0,0,1
-8051336.01515979,-4505198.82435638,655,2024,1607171,-37.472681,-72.326382,1,2024/04/27 00:00:00+00,1899/12/30 00:00:00+00,REGION BIO BIO,LOS ANGELES,COLISION,COLISION,URBANA,TRAMO DE VIA RECTA,IMPRUDENCIA DEL CONDUCTOR,CONDUCCION NO ATENTO CONDICIONES TRANSITO MOMENTO,LAS INDUSTRIAS,GABRIELA MISTRAL,GABRIELA MISTRAL - LAS INDUSTRIAS,0, , ,BIDIRECCIONAL CON BANDEJON,CONCRETO,BUENO,SECO,DESPEJADO,0,0,0,1
-8138562.73988017,-4409413.73853343,656,2024,1607174,-36.786676,-73.109953,1,2024/04/29 00:00:00+00,1899/12/30 00:00:00+00,REGION BIO BIO,HUALPEN,CHOQUE FRONTAL,CHOQUE,URBANA,TRAMO DE VIA RECTA,VELOCIDAD IMPRUDENTE,VELOCIDAD MAYOR QUE MAXIMA PERMITIDA,COSTANERA,LA HAYA,COSTANERA - LA HAYA,0, , ,BIDIRECCIONAL CON BANDEJON,CONCRETO,BUENO,SECO,DESPEJADO,0,0,0,1
-8057392.12941741,-4504703.56441641,657,2024,1607176,-37.46915,-72.380785,1,2024/04/27 00:00:00+00,1899/12/30 00:00:00+00,REGION BIO BIO,LOS ANGELES,ATROPELLO,ATROPELLO,URBANA,CRUCE CON SENAL CEDA EL PASO,IMPRUDENCIA DEL CONDUCTOR,CONDUCCION NO ATENTO CONDICIONES TRANSITO MOMENTO,LOS CARDOS,NAHUELBUTA,LOS CARDOS - NAHUELBUTA,0, , ,BIDIRECCIONAL,ASFALTO,BUENO,SECO,DESPEJADO,0,0,0,1
-8054623.16840342,-4506394.64183993,658,2024,1607180,-37.481206,-72.355911,1,2024/04/27 00:00:00+00,1899/12/30 00:00:00+00,REGION BIO BIO,LOS ANGELES,CHOQUE FRENTE/POSTERIOR,CHOQUE,URBANA,TRAMO DE VIA RECTA,ALCOHOL EN CONDUCTOR,CONDUCCION EN ESTADO DE EBRIEDAD,VICUNA MACKENNA, ,- VICUNA MACKENNA,530, , ,UNIDIRECCIONAL,CONCRETO,REGULAR,SECO,DESPEJADO,0,0,0,2
-8053857.40162625,-4503489.4279637,659,2024,1607199,-37.460493,-72.349032,1,2024/04/29 00:00:00+00,1899/12/30 00:00:00+00,REGION BIO BIO,LOS ANGELES,CHOQUE POSTERIOR/FRENTE,CHOQUE,URBANA,CRUCE CON SEMAFORO FUNCIONANDO,IMPRUDENCIA DEL CONDUCTOR,CONDUCCION NO ATENTO CONDICIONES TRANSITO MOMENTO,OROMPELLO,ALMAGRO,ALMAGRO - OROMPELLO,0, , ,UNIDIRECCIONAL,CONCRETO,BUENO,SECO,DESPEJADO,0,0,0,0
-8053725.59934916,-4503259.43527837,660,2024,1607202,-37.458853,-72.347848,1,2024/04/29 00:00:00+00,1899/12/30 00:00:00+00,REGION BIO BIO,LOS ANGELES,CHOQUE FRENTE/LADO,CHOQUE,URBANA,TRAMO DE VIA RECTA,IMPRUDENCIA DEL CONDUCTOR,CONDUCCION NO ATENTO CONDICIONES TRANSITO MOMENTO,ALMIRANTE LATORRE,ALMAGRO,ALMAGRO - ALMIRANTE LATORRE,0, , ,UNIDIRECCIONAL,CONCRETO,BUENO,MOJADO,LLUVIA,0,0,0,0
-8054307.91160549,-4495034.06113028,661,2024,1607207,-37.400177,-72.353079,1,2024/04/29 00:00:00+00,1899/12/30 00:00:00+00,REGION BIO BIO,LOS ANGELES,COLISION LATERAL,COLISION,URBANA,TRAMO DE VIA RECTA,IMPRUDENCIA DEL CONDUCTOR,CONDUCCION NO ATENTO CONDICIONES TRANSITO MOMENTO,LAS INDUSTRIAS, ,- LAS INDUSTRIAS,1200, , ,BIDIRECCIONAL,CONCRETO,REGULAR,MOJADO,NUBLADO,0,1,0,2
-8161777.86308765,-4473263.76552953,662,2024,1607209,-37.244656,-73.318498,1,2024/04/28 00:00:00+00,1899/12/30 00:00:00+00,REGION BIO BIO,ARAUCO,CHOQUE,CHOQUE,URBANA,TRAMO DE VIA RECTA,IMPRUDENCIA DEL CONDUCTOR,CONDUCCION NO ATENTO CONDICIONES TRANSITO MOMENTO,COCHRANE,CAUPOLICAN,CAUPOLICAN - COCHRANE,0, , ,UNIDIRECCIONAL,CONCRETO,BUENO,SECO,DESPEJADO,0,0,0,0
-8053303.03056211,-4504973.42277991,663,2024,1607211,-37.471074,-72.344052,1,2024/04/29 00:00:00+00,1899/12/30 00:00:00+00,REGION BIO BIO,LOS ANGELES,COLISION FRONTAL,COLISION,URBANA,TRAMO DE VIA RECTA,IMPRUDENCIA DEL CONDUCTOR,CONDUCCION NO ATENTO CONDICIONES TRANSITO MOMENTO,DARIO BARRUETO,JUAN ANTONIO COLOMA,DARIO BARRUETO - JUAN ANTONIO COLOMA,0, , ,UNIDIRECCIONAL,CONCRETO,BUENO,MOJADO,LLUVIA,0,0,0,0
-8053103.43471511,-4504805.11113518,664,2024,1607212,-37.469874,-72.342259,1,2024/04/29 00:00:00+00,1899/12/30 00:00:00+00,REGION BIO BIO,LOS ANGELES,COLISION FRONTAL,COLISION,URBANA,TRAMO DE VIA RECTA,IMPRUDENCIA DEL CONDUCTOR,CONDUCCION NO ATENTO CONDICIONES TRANSITO MOMENTO,BALMACEDA, ,- BALMACEDA,454, , ,BIDIRECCIONAL,CONCRETO,BUENO,MOJADO,NUBLADO,0,0,0,0
-8136618.99025142,-4404779.71620403,665,2024,1607213,-36.75333,-73.092492,1,2024/04/29 00:00:00+00,1899/12/30 00:00:00+00,REGION BIO BIO,TALCAHUANO,COLISION LATERAL,COLISION,URBANA,CRUCE CON SEMAFORO FUNCIONANDO,IMPRUDENCIA DEL CONDUCTOR,VIRAJES INDEBIDOS,CRISTOBAL COLON, ,- CRISTOBAL COLON,4318, , ,BIDIRECCIONAL CON BANDEJON,CONCRETO,BUENO,MOJADO,DESPEJADO,1,0,0,1
-8139345.09326146,-4400814.20065655,666,2024,1607214,-36.724783,-73.116981,1,2024/04/15 00:00:00+00,1899/12/30 00:00:00+00,REGION BIO BIO,TALCAHUANO,ATROPELLO,ATROPELLO,URBANA,TRAMO DE VIA RECTA,IMPRUDENCIA DEL PEATON,PEATON CRUZA CALZADA FUERA PASO PEATONES,LAS GOLONDRINAS, ,- LAS GOLONDRINAS,1204, , ,BIDIRECCIONAL CON BANDEJON,CONCRETO,BUENO,SECO,DESPEJADO,0,1,1,0
-8136401.91724438,-4408716.96389928,667,2024,1607215,-36.781663,-73.090542,1,2024/04/20 00:00:00+00,1899/12/30 00:00:00+00,REGION BIO BIO,TALCAHUANO,ATROPELLO,ATROPELLO,URBANA,TRAMO DE VIA RECTA,IMPRUDENCIA DEL CONDUCTOR,NO RESPETAR DERECHO PREFERENTE DE PASO A PEATON,LAS GOLONDRINAS, ,- LAS GOLONDRINAS,2607, , ,BIDIRECCIONAL CON BANDEJON,CONCRETO,BUENO,SECO,DESPEJADO,0,1,0,0
-8137078.51710942,-4406170.01701134,668,2024,1607216,-36.763336,-73.09662,1,2024/01/12 00:00:00+00,1899/12/30 00:00:00+00,REGION BIO BIO,TALCAHUANO,VOLCADURA,VOLCADURA,URBANA,TRAMO DE VIA RECTA,DEFICIENCIAS VIALES,ANIMALES SUELTOS VIA PUBLICA,RIO PETROHUE, ,- RIO PETROHUE,658, , ,BIDIRECCIONAL,CONCRETO,BUENO,SECO,DESPEJADO,0,0,0,0