X,Y,FID,Año,IdAccident,Latitud,longitud,ClaseAccid,Fecha,Hora,Región,Comuna,Tipo_Accid,Tipo__CONA,Zona,Ubicación,Causa__CON,Causa_Acci,Calle_Uno,Calle_Dos,Intersecci,Número,Ruta,Ubicaci_1,Calzada,Tipo_Calza,Estado_Cal,Condición,Estado_Atm,Fallecidos,Graves,Menos_Grav,Leves
-8055207.03913263,-4503835.6886603,720,2024,1607992,-37.462962,-72.361156,1,2024/05/02 00:00:00+00,1899/12/30 00:00:00+00,REGION BIO BIO,LOS ANGELES,CHOQUE FRENTE/LADO,CHOQUE,URBANA,TRAMO DE VIA RECTA,IMPRUDENCIA DEL CONDUCTOR,CONDUCCION NO ATENTO CONDICIONES TRANSITO MOMENTO,LOS ANGELES,BOMBERO FRANCISCO RIOSECO,BOMBERO FRANCISCO RIOSECO - LOS ANGELES,0, , ,BIDIRECCIONAL,CONCRETO,BUENO,SECO,DESPEJADO,0,0,0,0
-8053763.33665653,-4504292.61881631,721,2024,1607993,-37.46622,-72.348187,1,2024/05/02 00:00:00+00,1899/12/30 00:00:00+00,REGION BIO BIO,LOS ANGELES,ATROPELLO,ATROPELLO,URBANA,CRUCE CON SENAL CEDA EL PASO,IMPRUDENCIA DEL CONDUCTOR,CONDUCCION NO ATENTO CONDICIONES TRANSITO MOMENTO,TUCAPEL,VILLAGRAN,TUCAPEL - VILLAGRAN,0, , ,BIDIRECCIONAL CON BANDEJON,CONCRETO,BUENO,SECO,DESPEJADO,0,0,0,1
-8056789.44569426,-4504864.16016285,722,2024,1608028,-37.470295,-72.375371,1,2024/05/03 00:00:00+00,1899/12/30 00:00:00+00,REGION BIO BIO,LOS ANGELES,CHOQUE FRONTAL,CHOQUE,URBANA,TRAMO DE VIA RECTA,IMPRUDENCIA DEL CONDUCTOR,CONDUCCION NO ATENTO CONDICIONES TRANSITO MOMENTO,PONIENTE,CAUQUENES,CAUQUENES - PONIENTE,0, , ,UNIDIRECCIONAL,ASFALTO,BUENO,SECO,NUBLADO,0,0,0,0
-8053670.38488172,-4506693.02132124,723,2024,1608029,-37.483333,-72.347352,1,2024/05/03 00:00:00+00,1899/12/30 00:00:00+00,REGION BIO BIO,LOS ANGELES,CHOQUE LADO/FRENTE,CHOQUE,URBANA,TRAMO DE VIA RECTA,IMPRUDENCIA DEL CONDUCTOR,CONDUCCION NO ATENTO CONDICIONES TRANSITO MOMENTO,BAQUEDANO,LOS CARRERA,BAQUEDANO - LOS CARRERA,0, , ,UNIDIRECCIONAL,ASFALTO,BUENO,MOJADO,LLUVIA,0,0,0,0
-8055906.57081278,-4504122.91560536,724,2024,1608046,-37.46501,-72.36744,1,2024/05/03 00:00:00+00,1899/12/30 00:00:00+00,REGION BIO BIO,LOS ANGELES,COLISION FRONTAL,COLISION,URBANA,TRAMO DE VIA RECTA,ALCOHOL EN CONDUCTOR,CONDUCCION EN ESTADO DE EBRIEDAD,BRAVO, ,- BRAVO,1312, , ,BIDIRECCIONAL,CONCRETO,BUENO,SECO,NUBLADO,0,0,0,1
-8055023.80725079,-4505724.68670146,725,2024,1608048,-37.47643,-72.35951,1,2024/05/03 00:00:00+00,1899/12/30 00:00:00+00,REGION BIO BIO,LOS ANGELES,VOLCADURA,VOLCADURA,URBANA,TRAMO DE VIA RECTA,VELOCIDAD IMPRUDENTE,VELOCIDAD NO RAZONABLE NI PRUDENTE,BULNES,JOSE MIGUEL INFANTE,BULNES - JOSE MIGUEL INFANTE,0, , ,UNIDIRECCIONAL,ASFALTO,BUENO,MOJADO,LLUVIA,0,0,0,1
-8054161.97175307,-4506404.46143382,726,2024,1608049,-37.481276,-72.351768,1,2024/05/03 00:00:00+00,1899/12/30 00:00:00+00,REGION BIO BIO,LOS ANGELES,COLISION POR ALCANCE,COLISION,URBANA,TRAMO DE VIA RECTA,ALCOHOL EN CONDUCTOR,CONDUCCION EN ESTADO DE EBRIEDAD,VICUNA MACKENNA,BERNARDO O'HIGGINS,BERNARDO O'HIGGINS - VICUNA MACKENNA,0, , ,BIDIRECCIONAL CON BANDEJON,ASFALTO,BUENO,MOJADO,LLUVIA,0,0,0,0
-8060231.44434959,-4444165.51626588,727,2024,1608138,-37.036284,-72.406291,1,2024/04/12 00:00:00+00,1899/12/30 00:00:00+00,REGION BIO BIO,CABRERO,COLISION,COLISION,URBANA,CRUCE CON SENAL CEDA EL PASO,DESOBEDIENCIA A SENALIZACION,SENALIZACION DESOBEDECER SENAL CEDA EL PASO,ARTURO PRAT,VIAL,ARTURO PRAT - VIAL,0, , ,UNIDIRECCIONAL,ASFALTO,BUENO,SECO,DESPEJADO,0,1,0,0
-8092780.81817958,-4478586.51797747,728,2024,1608141,-37.28271,-72.698687,1,2024/04/17 00:00:00+00,1899/12/30 00:00:00+00,REGION BIO BIO,LAJA,COLISION,COLISION,URBANA,CRUCE CON SENAL CEDA EL PASO,IMPRUDENCIA DEL CONDUCTOR,CONDUCCION NO ATENTO CONDICIONES TRANSITO MOMENTO,LAS ILUSIONES,MICHIMALONGO,LAS ILUSIONES - MICHIMALONGO,0, , ,BIDIRECCIONAL,ASFALTO,BUENO,SECO,NUBLADO,0,0,0,0
-8077353.27258952,-4452890.54465842,729,2024,1608144,-37.098824,-72.560099,1,2024/04/22 00:00:00+00,1899/12/30 00:00:00+00,REGION BIO BIO,YUMBEL,COLISION,COLISION,URBANA,TRAMO DE VIA RECTA,IMPRUDENCIA DEL CONDUCTOR,CONDUCCION NO ATENTO CONDICIONES TRANSITO MOMENTO,ANIBAL PINTO, ,- ANIBAL PINTO,750, , ,UNIDIRECCIONAL,CONCRETO,BUENO,SECO,DESPEJADO,0,0,0,0
-8058922.9950548,-4443773.9375721,730,2024,1608147,-37.033476,-72.394537,1,2024/04/25 00:00:00+00,1899/12/30 00:00:00+00,REGION BIO BIO,CABRERO,CHOQUE FRENTE/POSTERIOR,CHOQUE,URBANA,TRAMO DE VIA RECTA,ALCOHOL EN CONDUCTOR,CONDUCCION EN ESTADO DE EBRIEDAD,PADRE HURTADO, ,- PADRE HURTADO,1023, , ,BIDIRECCIONAL,ASFALTO,BUENO,SECO,DESPEJADO,0,0,0,1
-8059579.89136997,-4444163.84282186,731,2024,1608150,-37.036272,-72.400438,1,2024/04/29 00:00:00+00,1899/12/30 00:00:00+00,REGION BIO BIO,CABRERO,ATROPELLO,ATROPELLO,URBANA,TRAMO DE VIA RECTA,IMPRUDENCIA DEL PEATON,PEATON CRUZA CALZADA FUERA PASO PEATONES,LAS VIOLETAS, ,- LAS VIOLETAS,268, , ,BIDIRECCIONAL,ASFALTO,BUENO,SECO,NUBLADO,0,0,0,1
-8095043.27551046,-4477643.57343871,732,2024,1608153,-37.27597,-72.719011,1,2024/04/30 00:00:00+00,1899/12/30 00:00:00+00,REGION BIO BIO,LAJA,COLISION,COLISION,URBANA,TRAMO DE VIA RECTA,IMPRUDENCIA DEL CONDUCTOR,CONDUCCION NO ATENTO CONDICIONES TRANSITO MOMENTO,ARTURO PRAT, ,- ARTURO PRAT,520, , ,BIDIRECCIONAL,ASFALTO,BUENO,MOJADO,LLUVIA,0,0,0,0
-8130820.91457346,-4414555.40711577,733,2024,1608173,-36.823658,-73.040407,1,2024/05/02 00:00:00+00,1899/12/30 00:00:00+00,REGION BIO BIO,CONCEPCION,ATROPELLO,ATROPELLO,URBANA,CRUCE CON SEMAFORO FUNCIONANDO,IMPRUDENCIA DEL CONDUCTOR,NO RESPETAR DERECHO PREFERENTE DE PASO A PEATON,O'HIGGINS,JANEQUEO,JANEQUEO - O'HIGGINS,0, , ,UNIDIRECCIONAL,CONCRETO,BUENO,SECO,DESPEJADO,0,0,0,1
-8142550.09272089,-4416630.88003511,734,2024,1608174,-36.838581,-73.145772,1,2024/04/23 00:00:00+00,1899/12/30 00:00:00+00,REGION BIO BIO,SAN PEDRO DE LA PAZ,COLISION LATERAL,COLISION,URBANA,CRUCE SIN SENALIZACION,IMPRUDENCIA DEL CONDUCTOR,ADELANTAMIENTO SIN EL ESPACIO O TIEMPO SUFICIENTE,IRENE MORALES,PASAJE DIECISIETE,IRENE MORALES - PASAJE DIECISIETE,0, , ,BIDIRECCIONAL,CONCRETO,BUENO,SECO,DESPEJADO,0,0,0,1
-8132199.60646693,-4415383.57282189,735,2024,1608179,-36.829613,-73.052792,1,2024/05/02 00:00:00+00,1899/12/30 00:00:00+00,REGION BIO BIO,CONCEPCION,ATROPELLO,ATROPELLO,URBANA,TRAMO DE VIA RECTA,IMPRUDENCIA DEL PEATON,PEATON CRUZA CALZADA FUERA PASO PEATONES,LINCOYAN, ,- LINCOYAN,333, , ,UNIDIRECCIONAL,CONCRETO,BUENO,SECO,DESPEJADO,0,0,0,1
-8142480.62935863,-4420733.36593514,736,2024,1608180,-36.86807,-73.145148,1,2024/04/28 00:00:00+00,1899/12/30 00:00:00+00,REGION BIO BIO,SAN PEDRO DE LA PAZ,CHOQUE FRONTAL,CHOQUE,URBANA,CRUCE SIN SENALIZACION,DROGAS Y/O FATIGA EN CONDUCTOR,"CONDICIONES FISICAS DEFICIENTES (CANSANCIO, SUENO)",COSTANERA,1 NORTE,1 NORTE - COSTANERA,0, , ,BIDIRECCIONAL CON BANDEJON,CONCRETO,BUENO,SECO,DESPEJADO,0,0,0,0
-8139531.9986865,-4416444.08062818,737,2024,1608185,-36.837238,-73.11866,1,2024/04/29 00:00:00+00,1899/12/30 00:00:00+00,REGION BIO BIO,SAN PEDRO DE LA PAZ,ATROPELLO,ATROPELLO,URBANA,CRUCE CON SEMAFORO FUNCIONANDO,IMPRUDENCIA DEL CONDUCTOR,NO RESPETAR DERECHO PREFERENTE DE PASO A PEATON,PEDRO AGUIRRE CERDA,DIAGONAL BIOBIO,DIAGONAL BIOBIO - PEDRO AGUIRRE CERDA,0, , ,BIDIRECCIONAL CON BANDEJON,CONCRETO,BUENO,MOJADO,LLUVIA,0,0,0,1
-8137014.95368017,-4416710.16297893,738,2024,1608188,-36.839151,-73.096049,1,2024/04/23 00:00:00+00,1899/12/30 00:00:00+00,REGION BIO BIO,SAN PEDRO DE LA PAZ,COLISION POR ALCANCE,COLISION,URBANA,TRAMO DE VIA RECTA,IMPRUDENCIA DEL CONDUCTOR,CONDUCCION SIN MANTENER DISTANCIA RAZONABLE NI PRUDENTE,PEDRO AGUIRRE CERDA, ,- PEDRO AGUIRRE CERDA,1055, , ,BIDIRECCIONAL CON BANDEJON,CONCRETO,BUENO,SECO,DESPEJADO,0,0,0,0
-8130497.08617474,-4414162.41601524,739,2024,1608196,-36.820832,-73.037498,1,2024/05/02 00:00:00+00,1899/12/30 00:00:00+00,REGION BIO BIO,CONCEPCION,CHOQUE FRONTAL,CHOQUE,URBANA,TRAMO DE VIA RECTA,IMPRUDENCIA DEL CONDUCTOR,CONDUCCION NO ATENTO CONDICIONES TRANSITO MOMENTO,AINAVILLO, ,- AINAVILLO,513, , ,UNIDIRECCIONAL,CONCRETO,BUENO,SECO,DESPEJADO,0,0,0,0
-8133078.13988827,-4414301.33796253,740,2024,1608202,-36.821831,-73.060684,1,2024/05/02 00:00:00+00,1899/12/30 00:00:00+00,REGION BIO BIO,CONCEPCION,VOLCADURA,VOLCADURA,URBANA,TRAMO DE VIA RECTA,VELOCIDAD IMPRUDENTE,VELOCIDAD NO RAZONABLE NI PRUDENTE,OBISPO HIPOLITO SALAS,GENERAL CRUZ,GENERAL CRUZ - OBISPO HIPOLITO SALAS,0, , ,UNIDIRECCIONAL,CONCRETO,BUENO,SECO,DESPEJADO,0,0,0,1
-8130886.37043404,-4414768.31812198,741,2024,1608210,-36.825189,-73.040995,1,2024/05/03 00:00:00+00,1899/12/30 00:00:00+00,REGION BIO BIO,CONCEPCION,CHOQUE POSTERIOR,CHOQUE,URBANA,CRUCE CON SEMAFORO FUNCIONANDO,IMPRUDENCIA DEL CONDUCTOR,CONDUCCION SIN MANTENER DISTANCIA RAZONABLE NI PRUDENTE,SAN MARTIN,PAICAVI,PAICAVI - SAN MARTIN,0, , ,UNIDIRECCIONAL,CONCRETO,BUENO,SECO,DESPEJADO,0,0,0,0
-8136940.70357982,-4417048.16531616,742,2024,1608212,-36.841581,-73.095382,1,2024/04/23 00:00:00+00,1899/12/30 00:00:00+00,REGION BIO BIO,SAN PEDRO DE LA PAZ,CHOQUE LADO/LADO,CHOQUE,URBANA,CRUCE SIN SENALIZACION,IMPRUDENCIA DEL CONDUCTOR,ADELANTAMIENTO SIN EL ESPACIO O TIEMPO SUFICIENTE,PEDRO LIRA,LAUREANO GUEVARA,LAUREANO GUEVARA - PEDRO LIRA,0, , ,BIDIRECCIONAL,CONCRETO,BUENO,SECO,DESPEJADO,0,0,0,0
-8136542.62508074,-4414573.62467728,743,2024,1608221,-36.823789,-73.091806,1,2024/05/03 00:00:00+00,1899/12/30 00:00:00+00,REGION BIO BIO,HUALPEN,COLISION LATERAL,COLISION,URBANA,PUENTE,IMPRUDENCIA DEL CONDUCTOR,CONDUCCION SIN MANTENER DISTANCIA RAZONABLE NI PRUDENTE,PUENTE JUAN PABLO II, ,- PUENTE JUAN PABLO II,2, , ,BIDIRECCIONAL,CONCRETO,BUENO,SECO,DESPEJADO,0,0,0,0
-8136524.9252817,-4417291.72839082,744,2024,1608223,-36.843332,-73.091647,1,2024/04/26 00:00:00+00,1899/12/30 00:00:00+00,REGION BIO BIO,SAN PEDRO DE LA PAZ,CHOQUE FRONTAL,CHOQUE,URBANA,TRAMO DE VIA RECTA,ALCOHOL EN CONDUCTOR,CONDUCCION EN ESTADO DE EBRIEDAD,COSTANERA, ,- COSTANERA,7482, , ,BIDIRECCIONAL CON BANDEJON,CONCRETO,BUENO,SECO,DESPEJADO,0,0,0,0
-8161654.52109185,-4474011.64749534,745,2024,1608233,-37.250004,-73.31739,1,2024/05/05 00:00:00+00,1899/12/30 00:00:00+00,REGION BIO BIO,ARAUCO,ATROPELLO,ATROPELLO,URBANA,CRUCE CON SENAL PARE,IMPRUDENCIA DEL PEATON,PEATON CRUZA CALZADA FUERA PASO PEATONES,CAUPOLICAN,LOS DURAZNOS,CAUPOLICAN - LOS DURAZNOS,0, , ,BIDIRECCIONAL,CONCRETO,BUENO,MOJADO,LLOVIZNA,0,0,0,1
-8127890.6516173,-4433046.15646916,746,2024,1608382,-36.956507,-73.014084,1,2024/04/09 00:00:00+00,1899/12/30 00:00:00+00,REGION BIO BIO,CHIGUAYANTE,COLISION LATERAL,COLISION,URBANA,TRAMO DE VIA RECTA,IMPRUDENCIA DEL CONDUCTOR,CONDUCCION NO ATENTO CONDICIONES TRANSITO MOMENTO,21 DE MAYO, ,- 21 DE MAYO,3225, , ,BIDIRECCIONAL CON BANDEJON,CONCRETO,BUENO,SECO,DESPEJADO,0,0,0,0
-8142287.04476414,-4424926.10626799,747,2024,1608393,-36.898196,-73.143409,1,2024/04/09 00:00:00+00,1899/12/30 00:00:00+00,REGION BIO BIO,CHIGUAYANTE,COLISION LATERAL,COLISION,URBANA,TRAMO DE VIA RECTA,IMPRUDENCIA DEL CONDUCTOR,CONDUCCION NO ATENTO CONDICIONES TRANSITO MOMENTO,CARDENAL RAUL SILVA HENRIQUEZ,JORGE ALESSANDRI,CARDENAL RAUL SILVA HENRIQUEZ - JORGE ALESSANDRI,0, , ,UNIDIRECCIONAL,CONCRETO,BUENO,SECO,DESPEJADO,0,0,0,0
-8133304.56373254,-4410861.64105777,748,2024,1608404,-36.797092,-73.062718,1,2024/04/09 00:00:00+00,1899/12/30 00:00:00+00,REGION BIO BIO,CONCEPCION,COLISION POR ALCANCE,COLISION,URBANA,TRAMO DE VIA RECTA,IMPRUDENCIA DEL CONDUCTOR,CONDUCCION NO ATENTO CONDICIONES TRANSITO MOMENTO,PAICAVI, ,- PAICAVI,3310, , ,BIDIRECCIONAL CON BANDEJON,CONCRETO,BUENO,SECO,DESPEJADO,0,0,0,0
-8128934.82844094,-4413634.00075097,749,2024,1608411,-36.817032,-73.023464,1,2024/05/04 00:00:00+00,1899/12/30 00:00:00+00,REGION BIO BIO,CONCEPCION,CHOQUE,CHOQUE,URBANA,TRAMO DE VIA RECTA,IMPRUDENCIA DEL CONDUCTOR,CONDUCCION NO ATENTO CONDICIONES TRANSITO MOMENTO,CALETERA GENERAL BONILLA,TEGUALDA,CALETERA GENERAL BONILLA - TEGUALDA,0, , ,UNIDIRECCIONAL,CONCRETO,BUENO,SECO,DESPEJADO,0,0,0,0
-8133085.59829415,-4415011.13365242,750,2024,1608414,-36.826935,-73.060751,1,2024/04/05 00:00:00+00,1899/12/30 00:00:00+00,REGION BIO BIO,CONCEPCION,CHOQUE FRONTAL,CHOQUE,URBANA,CRUCE CON SEMAFORO FUNCIONANDO,VELOCIDAD IMPRUDENTE,"VELOCIDAD NO REDUCIR CRUCE DE CALLES, CUMBRE, CURVA, ETC.",ARTURO PRAT,LOS CARRERA,ARTURO PRAT - LOS CARRERA,0, , ,UNIDIRECCIONAL,CONCRETO,BUENO,MOJADO,LLUVIA,0,0,0,0
-8133543.45535979,-4415074.68937686,751,2024,1608415,-36.827392,-73.064864,1,2024/04/10 00:00:00+00,1899/12/30 00:00:00+00,REGION BIO BIO,CHIGUAYANTE,COLISION LATERAL,COLISION,URBANA,CRUCE CON SEMAFORO FUNCIONANDO,DESOBEDIENCIA A SENALIZACION,SENALIZACION DESOBEDECER LUZ ROJA DE SEMAFORO,ZANARTU,DESIDERIO SANHUEZA,DESIDERIO SANHUEZA - ZANARTU,0, , ,BIDIRECCIONAL,CONCRETO,BUENO,SECO,DESPEJADO,0,0,0,0
-8128241.08537432,-4431337.82735116,752,2024,1608425,-36.944243,-73.017232,1,2024/04/17 00:00:00+00,1899/12/30 00:00:00+00,REGION BIO BIO,CHIGUAYANTE,COLISION PERPENDICULAR,COLISION,URBANA,CRUCE CON SEMAFORO FUNCIONANDO,IMPRUDENCIA DEL CONDUCTOR,CONDUCCION NO ATENTO CONDICIONES TRANSITO MOMENTO,MANUEL RODRIGUEZ,COQUIMBO,COQUIMBO - MANUEL RODRIGUEZ,0, , ,BIDIRECCIONAL CON BANDEJON,CONCRETO,BUENO,SECO,DESPEJADO,0,0,0,1
-8128156.7052003,-4431592.72201713,753,2024,1608436,-36.946073,-73.016474,1,2024/04/18 00:00:00+00,1899/12/30 00:00:00+00,REGION BIO BIO,CHIGUAYANTE,ATROPELLO,ATROPELLO,URBANA,CRUCE CON SEMAFORO FUNCIONANDO,IMPRUDENCIA DEL PEATON,PEATON CRUZA CALZADA FUERA PASO PEATONES,MANUEL RODRIGUEZ,ESPERANZA,ESPERANZA - MANUEL RODRIGUEZ,0, , ,BIDIRECCIONAL CON BANDEJON,CONCRETO,BUENO,SECO,DESPEJADO,0,0,0,1
-8132383.39494623,-4413583.10740272,754,2024,1608443,-36.816666,-73.054443,1,2024/04/11 00:00:00+00,1899/12/30 00:00:00+00,REGION BIO BIO,CONCEPCION,COLISION LATERAL,COLISION,URBANA,CRUCE CON SEMAFORO FUNCIONANDO,IMPRUDENCIA DEL CONDUCTOR,CONDUCCION NO ATENTO CONDICIONES TRANSITO MOMENTO,MANUEL RODRIGUEZ,COLO COLO,COLO COLO - MANUEL RODRIGUEZ,0, , ,BIDIRECCIONAL CON BANDEJON,CONCRETO,BUENO,SECO,DESPEJADO,0,0,0,0
-8128241.08537432,-4431337.82735116,755,2024,1608458,-36.944243,-73.017232,1,2024/04/20 00:00:00+00,1899/12/30 00:00:00+00,REGION BIO BIO,CHIGUAYANTE,COLISION PERPENDICULAR,COLISION,URBANA,CRUCE CON SEMAFORO FUNCIONANDO,IMPRUDENCIA DEL CONDUCTOR,CONDUCCION NO ATENTO CONDICIONES TRANSITO MOMENTO,COQUIMBO,MANUEL RODRIGUEZ,COQUIMBO - MANUEL RODRIGUEZ,0, , ,BIDIRECCIONAL CON BANDEJON,CONCRETO,BUENO,SECO,DESPEJADO,0,0,0,2
-8129832.95409266,-4425896.52037191,756,2024,1608467,-36.905167,-73.031532,1,2024/04/21 00:00:00+00,1899/12/30 00:00:00+00,REGION BIO BIO,CHIGUAYANTE,CHOQUE FRENTE/POSTERIOR,CHOQUE,URBANA,TRAMO DE VIA RECTA,IMPRUDENCIA DEL CONDUCTOR,CONDUCCION NO ATENTO CONDICIONES TRANSITO MOMENTO,8 ORIENTE, ,- 8 ORIENTE,1508, , ,BIDIRECCIONAL CON BANDEJON,CONCRETO,BUENO,MOJADO,NUBLADO,0,0,0,1
-8128241.08537432,-4431337.82735116,757,2024,1608474,-36.944243,-73.017232,1,2024/04/21 00:00:00+00,1899/12/30 00:00:00+00,REGION BIO BIO,CHIGUAYANTE,ATROPELLO,ATROPELLO,URBANA,CRUCE CON SEMAFORO FUNCIONANDO,IMPRUDENCIA DEL PEATON,PEATON CRUZA CALZADA FUERA PASO PEATONES,COQUIMBO,MANUEL RODRIGUEZ,COQUIMBO - MANUEL RODRIGUEZ,0, , ,BIDIRECCIONAL CON BANDEJON,CONCRETO,BUENO,SECO,LLUVIA,0,0,0,1
-8127498.80700971,-4430708.41696656,758,2024,1608479,-36.939724,-73.010564,1,2024/04/22 00:00:00+00,1899/12/30 00:00:00+00,REGION BIO BIO,CHIGUAYANTE,CHOQUE LADO/LADO,CHOQUE,URBANA,TRAMO DE VIA RECTA,IMPRUDENCIA DEL CONDUCTOR,CONDUCCION NO ATENTO CONDICIONES TRANSITO MOMENTO,O'HIGGINS,LOS AROMOS,LOS AROMOS - O'HIGGINS,0, , ,BIDIRECCIONAL,ASFALTO,BUENO,MOJADO,NUBLADO,0,0,0,0
-8132207.95542874,-4412222.00919749,759,2024,1608480,-36.806877,-73.052867,1,2024/04/11 00:00:00+00,1899/12/30 00:00:00+00,REGION BIO BIO,CONCEPCION,COLISION LATERAL,COLISION,URBANA,CRUCE CON SEMAFORO FUNCIONANDO,IMPRUDENCIA DEL CONDUCTOR,CONDUCCION CAMBIAR SORPRESIVAMENTE PISTA CIRCULACION,PAICAVI,MANUEL GUTIERREZ,MANUEL GUTIERREZ - PAICAVI,0, , ,BIDIRECCIONAL CON BANDEJON,CONCRETO,BUENO,SECO,DESPEJADO,0,0,0,0
-8129611.65094497,-4428671.55038874,760,2024,1608486,-36.925098,-73.029544,1,2024/04/23 00:00:00+00,1899/12/30 00:00:00+00,REGION BIO BIO,CHIGUAYANTE,COLISION PERPENDICULAR,COLISION,URBANA,CRUCE CON SENAL PARE,IMPRUDENCIA DEL CONDUCTOR,CONDUCCION NO ATENTO CONDICIONES TRANSITO MOMENTO,LA MARINA,LUIS ACEVEDO,LA MARINA - LUIS ACEVEDO,0, , ,BIDIRECCIONAL,CONCRETO,BUENO,SECO,DESPEJADO,0,0,0,1
-8133283.19039031,-4410617.94706411,761,2024,1608493,-36.795339,-73.062526,1,2024/04/11 00:00:00+00,1899/12/30 00:00:00+00,REGION BIO BIO,CONCEPCION,CHOQUE FRENTE/POSTERIOR,CHOQUE,URBANA,TRAMO DE VIA RECTA,IMPRUDENCIA DEL CONDUCTOR,CONDUCCION NO ATENTO CONDICIONES TRANSITO MOMENTO,PAICAVI, ,- PAICAVI,3280, , ,BIDIRECCIONAL CON BANDEJON,CONCRETO,BUENO,SECO,DESPEJADO,0,0,0,1
-8129666.8654124,-4425532.90051268,762,2024,1608494,-36.902555,-73.03004,1,2024/04/23 00:00:00+00,1899/12/30 00:00:00+00,REGION BIO BIO,CHIGUAYANTE,ATROPELLO,ATROPELLO,URBANA,CRUCE CON SEMAFORO FUNCIONANDO,IMPRUDENCIA DEL PEATON,PEATON CRUZA CALZADA FUERA PASO PEATONES,COLON,O'HIGGINS,COLON - O'HIGGINS,0, , ,BIDIRECCIONAL,CONCRETO,BUENO,SECO,DESPEJADO,0,0,0,1
-8130553.0798786,-4422061.73697884,763,2024,1608511,-36.877616,-73.038001,1,2024/04/19 00:00:00+00,1899/12/30 00:00:00+00,REGION BIO BIO,CHIGUAYANTE,VOLCADURA,VOLCADURA,URBANA,TRAMO DE VIA RECTA,VELOCIDAD IMPRUDENTE,VELOCIDAD NO RAZONABLE NI PRUDENTE,CAMINO A CHIGUAYANTE, ,- CAMINO A CHIGUAYANTE,1945, , ,BIDIRECCIONAL CON BANDEJON,CONCRETO,BUENO,SECO,DESPEJADO,0,1,0,0
-8139703.43070232,-4414982.06781303,764,2024,1608531,-36.826726,-73.1202,1,2024/05/01 00:00:00+00,1899/12/30 00:00:00+00,REGION BIO BIO,SAN PEDRO DE LA PAZ,COLISION LATERAL,COLISION,URBANA,CRUCE CON SEMAFORO FUNCIONANDO,ALCOHOL EN CONDUCTOR,CONDUCCION EN ESTADO DE EBRIEDAD,LOS AROMOS,LOS NOGALES,LOS AROMOS - LOS NOGALES,0, , ,BIDIRECCIONAL CON BANDEJON,CONCRETO,BUENO,SECO,DESPEJADO,0,0,0,0
-8132804.96185786,-4413804.48133527,765,2024,1608557,-36.818258,-73.05823,1,2024/04/11 00:00:00+00,1899/12/30 00:00:00+00,REGION BIO BIO,CONCEPCION,COLISION LATERAL,COLISION,URBANA,CRUCE CON SEMAFORO FUNCIONANDO,IMPRUDENCIA DEL CONDUCTOR,CONDUCCION NO ATENTO CONDICIONES TRANSITO MOMENTO,MANUEL RODRIGUEZ,RENGO,MANUEL RODRIGUEZ - RENGO,0, , ,BIDIRECCIONAL CON BANDEJON,CONCRETO,BUENO,SECO,DESPEJADO,0,0,0,0
-8134463.3996317,-4414854.81878099,766,2024,1608558,-36.825811,-73.073128,1,2024/04/11 00:00:00+00,1899/12/30 00:00:00+00,REGION BIO BIO,CHIGUAYANTE,COLISION LATERAL,COLISION,URBANA,CRUCE CON SEMAFORO FUNCIONANDO,IMPRUDENCIA DEL CONDUCTOR,CONDUCCION NO ATENTO CONDICIONES TRANSITO MOMENTO,CARDENAL RAUL SILVA HENRIQUEZ,TEMISTOCLES ROJAS,CARDENAL RAUL SILVA HENRIQUEZ - TEMISTOCLES ROJAS,0, , ,BIDIRECCIONAL CON BANDEJON,CONCRETO,BUENO,SECO,DESPEJADO,0,0,0,0
-8137379.07973456,-4415662.42397542,767,2024,1608572,-36.831618,-73.09932,1,2024/04/30 00:00:00+00,1899/12/30 00:00:00+00,REGION BIO BIO,SAN PEDRO DE LA PAZ,CHOQUE FRENTE/POSTERIOR,CHOQUE,URBANA,PUENTE,IMPRUDENCIA DEL CONDUCTOR,CONDUCCION SIN MANTENER DISTANCIA RAZONABLE NI PRUDENTE,PUENTE JUAN PABLO II, ,- PUENTE JUAN PABLO II,1, , ,BIDIRECCIONAL CON BANDEJON,CONCRETO,BUENO,MOJADO,LLOVIZNA,0,0,0,2
-8141922.80739027,-4419974.21227575,768,2024,1608576,-36.862614,-73.140137,1,2024/05/02 00:00:00+00,1899/12/30 00:00:00+00,REGION BIO BIO,SAN PEDRO DE LA PAZ,COLISION LATERAL,COLISION,URBANA,ROTONDA,IMPRUDENCIA DEL CONDUCTOR,ADELANTAMIENTO SIN EL ESPACIO O TIEMPO SUFICIENTE,PORTAL SAN PEDRO,2 NORTE,2 NORTE - PORTAL SAN PEDRO,0, , ,BIDIRECCIONAL,CONCRETO,BUENO,SECO,DESPEJADO,0,0,0,0
-8141204.1287577,-4423091.87457329,769,2024,1608578,-36.885018,-73.133681,1,2024/05/03 00:00:00+00,1899/12/30 00:00:00+00,REGION BIO BIO,SAN PEDRO DE LA PAZ,CHOQUE FRONTAL,CHOQUE,URBANA,TRAMO DE VIA RECTA,IMPRUDENCIA DEL CONDUCTOR,CONDUCCION NO ATENTO CONDICIONES TRANSITO MOMENTO,LOS CASTANOS, ,- LOS CASTANOS,7021, , ,BIDIRECCIONAL,CONCRETO,BUENO,SECO,DESPEJADO,0,0,0,0
-8141658.20096065,-4416104.84571414,770,2024,1608581,-36.834799,-73.13776,1,2024/05/03 00:00:00+00,1899/12/30 00:00:00+00,REGION BIO BIO,SAN PEDRO DE LA PAZ,CHOQUE FRENTE/POSTERIOR,CHOQUE,URBANA,TRAMO DE VIA RECTA,IMPRUDENCIA DEL CONDUCTOR,CONDUCCION NO ATENTO CONDICIONES TRANSITO MOMENTO,DANIEL BELMAR, ,- DANIEL BELMAR,300, , ,BIDIRECCIONAL CON BANDEJON,CONCRETO,BUENO,SECO,DESPEJADO,0,0,0,0