X,Y,FID,Año,IdAccident,Latitud,longitud,ClaseAccid,Fecha,Hora,Región,Comuna,Tipo_Accid,Tipo__CONA,Zona,Ubicación,Causa__CON,Causa_Acci,Calle_Uno,Calle_Dos,Intersecci,Número,Ruta,Ubicaci_1,Calzada,Tipo_Calza,Estado_Cal,Condición,Estado_Atm,Fallecidos,Graves,Menos_Grav,Leves
-8054617.82506786,-4507613.46401446,823,2024,1609444,-37.489894,-72.355863,1,2024/05/07 00:00:00+00,1899/12/30 00:00:00+00,REGION BIO BIO,LOS ANGELES,CHOQUE FRENTE/LADO,CHOQUE,URBANA,TRAMO DE VIA RECTA,IMPRUDENCIA DEL CONDUCTOR,CONDUCCION NO ATENTO CONDICIONES TRANSITO MOMENTO,MANUEL RODRIGUEZ, ,- MANUEL RODRIGUEZ,1496, , ,BIDIRECCIONAL,ASFALTO,BUENO,MOJADO,LLUVIA,0,0,0,0
-8121366.99549835,-4385239.3650394,824,2024,1609466,-36.61256,-72.955481,1,2024/04/30 00:00:00+00,1899/12/30 00:00:00+00,REGION BIO BIO,TOME,COLISION LATERAL,COLISION,URBANA,CRUCE CON SENAL PARE,DESOBEDIENCIA A SENALIZACION,SENALIZACION DESOBEDECER SENAL PARE,BUENOS AIRES,DIEGO PORTALES,BUENOS AIRES - DIEGO PORTALES,0, , ,BIDIRECCIONAL,CONCRETO,BUENO,SECO,DESPEJADO,0,0,0,1
-8057172.49606208,-4505988.53955009,825,2024,1609509,-37.478311,-72.378812,1,2024/05/07 00:00:00+00,1899/12/30 00:00:00+00,REGION BIO BIO,LOS ANGELES,COLISION LATERAL,COLISION,URBANA,TRAMO DE VIA RECTA,IMPRUDENCIA DEL CONDUCTOR,CONDUCCION NO ATENTO CONDICIONES TRANSITO MOMENTO,GABRIELA MISTRAL,VALLE MONASTERIOS,GABRIELA MISTRAL - VALLE MONASTERIOS,0, , ,BIDIRECCIONAL CON BANDEJON,CONCRETO,BUENO,SECO,NUBLADO,0,0,0,0
-8051344.14148261,-4504047.74216822,826,2024,1609518,-37.464474,-72.326455,1,2024/05/08 00:00:00+00,1899/12/30 00:00:00+00,REGION BIO BIO,LOS ANGELES,CHOQUE LATERAL,CHOQUE,URBANA,TRAMO DE VIA RECTA,IMPRUDENCIA DEL CONDUCTOR,CONDUCCION NO ATENTO CONDICIONES TRANSITO MOMENTO,LAS INDUSTRIAS, ,- LAS INDUSTRIAS,1910, , ,UNIDIRECCIONAL,CONCRETO,BUENO,HUMEDO,DESPEJADO,0,1,0,1
-8052851.18474898,-4502391.9594789,827,2024,1609535,-37.452667,-72.339993,1,2024/05/08 00:00:00+00,1899/12/30 00:00:00+00,REGION BIO BIO,LOS ANGELES,CHOQUE POSTERIOR/LADO,CHOQUE,URBANA,TRAMO DE VIA RECTA,OTRAS CAUSAS,HECHO DELICTUAL,ORIENTE, ,- ORIENTE,1958, , ,BIDIRECCIONAL CON BANDEJON,CONCRETO,BUENO,SECO,DESPEJADO,0,0,0,0
-8054122.45333383,-4505787.24770127,828,2024,1609550,-37.476876,-72.351413,1,2024/05/07 00:00:00+00,1899/12/30 00:00:00+00,REGION BIO BIO,LOS ANGELES,COLISION POR ALCANCE,COLISION,URBANA,TRAMO DE VIA RECTA,IMPRUDENCIA DEL CONDUCTOR,CONDUCCION NO ATENTO CONDICIONES TRANSITO MOMENTO,PATRICIO LYNCH,BERNARDO O'HIGGINS,BERNARDO O'HIGGINS - PATRICIO LYNCH,0, , ,UNIDIRECCIONAL,CONCRETO,BUENO,HUMEDO,NUBLADO,0,0,0,0
-8052849.84891508,-4504068.77945639,829,2024,1609558,-37.464624,-72.339981,1,2024/05/08 00:00:00+00,1899/12/30 00:00:00+00,REGION BIO BIO,LOS ANGELES,CHOQUE FRONTAL,CHOQUE,URBANA,TRAMO DE VIA RECTA,IMPRUDENCIA DEL CONDUCTOR,CONDUCCION NO ATENTO CONDICIONES TRANSITO MOMENTO,GUILLERMO MARCONI, ,- GUILLERMO MARCONI,773, , ,BIDIRECCIONAL,CONCRETO,BUENO,SECO,DESPEJADO,0,0,0,0
-8055191.00912596,-4504707.35136202,830,2024,1609560,-37.469177,-72.361012,1,2024/05/08 00:00:00+00,1899/12/30 00:00:00+00,REGION BIO BIO,LOS ANGELES,COLISION FRONTAL,COLISION,URBANA,TRAMO DE VIA RECTA,IMPRUDENCIA DEL CONDUCTOR,CONDUCCION NO ATENTO CONDICIONES TRANSITO MOMENTO,ALEMANIA,JOSE MANSO DE VELASCO,ALEMANIA - JOSE MANSO DE VELASCO,0, , ,BIDIRECCIONAL,CONCRETO,BUENO,SECO,DESPEJADO,0,0,0,0
-8055408.86136944,-4506269.93379791,831,2024,1609563,-37.480317,-72.362969,1,2024/05/08 00:00:00+00,1899/12/30 00:00:00+00,REGION BIO BIO,LOS ANGELES,COLISION LATERAL,COLISION,URBANA,TRAMO DE VIA RECTA,IMPRUDENCIA DEL CONDUCTOR,CONDUCCION NO ATENTO CONDICIONES TRANSITO MOMENTO,VICUNA MACKENNA,ALCAZAR,ALCAZAR - VICUNA MACKENNA,0, , ,BIDIRECCIONAL,CONCRETO,BUENO,SECO,DESPEJADO,0,0,0,0
-8138983.97283333,-4400757.53532362,832,2024,1609750,-36.724375,-73.113737,1,2024/04/30 00:00:00+00,1899/12/30 00:00:00+00,REGION BIO BIO,TALCAHUANO,COLISION LATERAL,COLISION,URBANA,TRAMO DE VIA RECTA,IMPRUDENCIA DEL CONDUCTOR,CONDUCCION CAMBIAR SORPRESIVAMENTE PISTA CIRCULACION,BILBAO, ,- BILBAO,1293, , ,BIDIRECCIONAL,CONCRETO,BUENO,SECO,DESPEJADO,0,0,0,0
-8135798.34296529,-4405642.5539388,833,2024,1609751,-36.75954,-73.08512,1,2024/05/01 00:00:00+00,1899/12/30 00:00:00+00,REGION BIO BIO,TALCAHUANO,COLISION LATERAL,COLISION,URBANA,CRUCE CON SEMAFORO FUNCIONANDO,IMPRUDENCIA DEL CONDUCTOR,VIRAJES INDEBIDOS,MONSENOR ALARCON, ,- MONSENOR ALARCON,5279, , ,BIDIRECCIONAL,CONCRETO,BUENO,SECO,DESPEJADO,0,0,0,0
-8136551.86459847,-4406253.25184627,834,2024,1609752,-36.763935,-73.091889,1,2024/05/01 00:00:00+00,1899/12/30 00:00:00+00,REGION BIO BIO,TALCAHUANO,COLISION LATERAL,COLISION,URBANA,CRUCE SIN SENALIZACION,IMPRUDENCIA DEL CONDUCTOR,NO RESPETAR DERECHO PREFERENTE DE PASO A VEHICULO,LAGO PENUELAS,LAGO PETROHUE,LAGO PENUELAS - LAGO PETROHUE,0, , ,BIDIRECCIONAL,CONCRETO,BUENO,SECO,DESPEJADO,0,0,0,1
-8141764.51107436,-4416382.60305975,835,2024,1598884,-36.836796,-73.138715,1,2024/03/16 00:00:00+00,1899/12/30 00:00:00+00,REGION BIO BIO,SAN PEDRO DE LA PAZ,COLISION FRONTAL,COLISION,URBANA,CRUCE SIN SENALIZACION,IMPRUDENCIA DEL CONDUCTOR,CONDUCCION NO ATENTO CONDICIONES TRANSITO MOMENTO,RODRIGUEZ ALDEA,PASAJE OCHO,PASAJE OCHO - RODRIGUEZ ALDEA,0, , ,BIDIRECCIONAL,CONCRETO,BUENO,SECO,DESPEJADO,0,0,0,0
-8140398.60385705,-4415156.01514015,836,2024,1598891,-36.827977,-73.126445,1,2024/03/14 00:00:00+00,1899/12/30 00:00:00+00,REGION BIO BIO,SAN PEDRO DE LA PAZ,CHOQUE FRENTE/POSTERIOR,CHOQUE,URBANA,CRUCE SIN SENALIZACION,IMPRUDENCIA DEL CONDUCTOR,CONDUCIR VEHICULO EN RETROCESO,EJERCITO,LAS TORRES,EJERCITO - LAS TORRES,0, , ,BIDIRECCIONAL,CONCRETO,BUENO,SECO,DESPEJADO,0,0,0,0
-8144192.16652958,-4439044.62065815,837,2024,1589116,-36.999554,-73.160523,1,2024/02/07 00:00:00+00,1899/12/30 00:00:00+00,REGION BIO BIO,CORONEL,CHOQUE,CHOQUE,URBANA,OTROS NO CONSIDERADOS,ALCOHOL EN CONDUCTOR,CONDUCCION BAJO LA INFLUENCIA DEL ALCOHOL,LOS CHIFLONES,JOSE SANTOS OSSA,JOSE SANTOS OSSA - LOS CHIFLONES,0, , ,BIDIRECCIONAL,ASFALTO,BUENO,SECO,DESPEJADO,0,0,0,1
-8139443.16573285,-4410824.38456982,838,2024,1581791,-36.796824,-73.117862,1,2024/01/01 00:00:00+00,1899/12/30 00:00:00+00,REGION BIO BIO,HUALPEN,VOLCADURA,VOLCADURA,URBANA,ROTONDA,VELOCIDAD IMPRUDENTE,VELOCIDAD MAYOR QUE MAXIMA PERMITIDA,LA RODA,ALBACETE,ALBACETE - LA RODA,0, , ,BIDIRECCIONAL,CONCRETO,BUENO,SECO,DESPEJADO,0,0,0,1
-8052621.31000049,-4502503.7204398,839,2024,1589144,-37.453464,-72.337928,1,2024/01/28 00:00:00+00,1899/12/30 00:00:00+00,REGION BIO BIO,LOS ANGELES,CHOQUE POSTERIOR/FRENTE,CHOQUE,URBANA,TRAMO DE VIA RECTA,IMPRUDENCIA DEL CONDUCTOR,CONDUCCION NO ATENTO CONDICIONES TRANSITO MOMENTO,ORIENTE, ,- ORIENTE,2201, , ,BIDIRECCIONAL,ASFALTO,BUENO,SECO,DESPEJADO,0,0,0,0
-8196697.89679357,-4529333.20485034,840,2024,1582292,-37.644547,-73.63219,1,2024/01/01 00:00:00+00,1899/12/30 00:00:00+00,REGION BIO BIO,LEBU,VOLCADURA,VOLCADURA,RURAL,TRAMO DE VIA RECTA,VELOCIDAD IMPRUDENTE,VELOCIDAD NO RAZONABLE NI PRUDENTE,CAMINO CHIMPE, ,- CAMINO CHIMPE,0, , ,BIDIRECCIONAL,RIPIO,MALO, ,NUBLADO,0,0,0,1
-8053063.35969843,-4503583.24959911,841,2024,1589156,-37.461162,-72.341899,1,2024/01/28 00:00:00+00,1899/12/30 00:00:00+00,REGION BIO BIO,LOS ANGELES,COLISION LATERAL,COLISION,URBANA,TRAMO DE VIA RECTA,IMPRUDENCIA DEL CONDUCTOR,CONDUCCION NO ATENTO CONDICIONES TRANSITO MOMENTO,ALEMANIA, ,- ALEMANIA,389, , ,UNIDIRECCIONAL,CONCRETO,BUENO,SECO,DESPEJADO,0,0,0,0
-8121080.90440701,-4385075.30359626,842,2024,1582448,-36.611377,-72.952911,1,2024/01/01 00:00:00+00,1899/12/30 00:00:00+00,REGION BIO BIO,TOME,COLISION FRONTAL,COLISION,URBANA,TRAMO DE VIA CURVA VERTICAL,IMPRUDENCIA DEL CONDUCTOR,CONDUCCION CAMBIAR SORPRESIVAMENTE PISTA CIRCULACION,VARIANTE HINRICHSEN,IGNACIO PALMA,IGNACIO PALMA - VARIANTE HINRICHSEN,0, , ,BIDIRECCIONAL,CONCRETO,BUENO,SECO,DESPEJADO,0,0,0,2
-8136473.49567696,-4419480.0123377,843,2024,1598892,-36.859062,-73.091185,1,2024/03/16 00:00:00+00,1899/12/30 00:00:00+00,REGION BIO BIO,SAN PEDRO DE LA PAZ,COLISION PERPENDICULAR,COLISION,URBANA,CRUCE CON SENAL PARE,IMPRUDENCIA DEL CONDUCTOR,CONDUCCION NO ATENTO CONDICIONES TRANSITO MOMENTO,CAMINO EL VENADO,ALTO LAFQUEN,ALTO LAFQUEN - CAMINO EL VENADO,0, , ,BIDIRECCIONAL CON BANDEJON,CONCRETO,BUENO,SECO,DESPEJADO,0,0,0,0
-8136061.05696357,-4411529.08254147,844,2024,1589170,-36.801893,-73.08748,1,2024/01/29 00:00:00+00,1899/12/30 00:00:00+00,REGION BIO BIO,HUALPEN,COLISION,COLISION,URBANA,TRAMO DE VIA RECTA,IMPRUDENCIA DEL PASAJERO,PASAJERO SUBE O DESCIENDE DE VEHICULO MOVIMIENTO,POSTDAM,PADRE LAS CASAS,PADRE LAS CASAS - POSTDAM,0, , ,BIDIRECCIONAL,CONCRETO,BUENO,SECO,DESPEJADO,0,0,0,0
-8051405.14456357,-4504815.91105126,845,2024,1582483,-37.469951,-72.327003,1,2024/01/01 00:00:00+00,1899/12/30 00:00:00+00,REGION BIO BIO,LOS ANGELES,COLISION,COLISION,URBANA,TRAMO DE VIA RECTA,IMPRUDENCIA DEL CONDUCTOR,CONDUCCION NO ATENTO CONDICIONES TRANSITO MOMENTO,LAS INDUSTRIAS, ,- LAS INDUSTRIAS,507, , ,UNIDIRECCIONAL,CONCRETO,BUENO,SECO,DESPEJADO,0,0,0,0
-8137440.3054545,-4417017.70293678,846,2024,1598897,-36.841362,-73.09987,1,2024/03/22 00:00:00+00,1899/12/30 00:00:00+00,REGION BIO BIO,SAN PEDRO DE LA PAZ,ATROPELLO,ATROPELLO,URBANA,CRUCE CON SENAL PARE,IMPRUDENCIA DEL CONDUCTOR,NO RESPETAR DERECHO PREFERENTE DE PASO A PEATON,PEDRO LIRA,VICTORIA,PEDRO LIRA - VICTORIA,0, , ,BIDIRECCIONAL,CONCRETO,BUENO,SECO,DESPEJADO,0,0,0,1
-8052323.41904312,-4501642.47665381,847,2024,1589174,-37.447322,-72.335252,1,2024/01/29 00:00:00+00,1899/12/30 00:00:00+00,REGION BIO BIO,LOS ANGELES,COLISION POR ALCANCE,COLISION,URBANA,OTROS NO CONSIDERADOS,IMPRUDENCIA DEL CONDUCTOR,CONDUCCION NO ATENTO CONDICIONES TRANSITO MOMENTO,SOR VICENTA, ,- SOR VICENTA,2131, , ,BIDIRECCIONAL CON BANDEJON,CONCRETO,BUENO,SECO,DESPEJADO,0,0,0,1
-8055204.14482587,-4504711.55908097,848,2024,1582497,-37.469207,-72.36113,1,2024/01/01 00:00:00+00,1899/12/30 00:00:00+00,REGION BIO BIO,LOS ANGELES,COLISION POR ALCANCE,COLISION,URBANA,CRUCE CON SEMAFORO FUNCIONANDO,DESOBEDIENCIA A SENALIZACION,SENALIZACION DESOBEDECER LUZ ROJA DE SEMAFORO,LOS ANGELES,COLO COLO,COLO COLO - LOS ANGELES,0, , ,BIDIRECCIONAL CON BANDEJON,CONCRETO,BUENO,SECO,DESPEJADO,0,0,0,6
-8142625.23337717,-4434543.67802559,849,2024,1589179,-36.967256,-73.146447,1,2024/01/26 00:00:00+00,1899/12/30 00:00:00+00,REGION BIO BIO,CORONEL,COLISION,COLISION,URBANA,CRUCE CON SENAL PARE,IMPRUDENCIA DEL CONDUCTOR,CONDUCCION NO ATENTO CONDICIONES TRANSITO MOMENTO,LA MORA,MARIHUENO,LA MORA - MARIHUENO,0, , ,BIDIRECCIONAL,ASFALTO,BUENO,SECO,DESPEJADO,0,0,1,3
-8051405.14456357,-4504814.92924025,850,2024,1582500,-37.469944,-72.327003,1,2024/01/01 00:00:00+00,1899/12/30 00:00:00+00,REGION BIO BIO,LOS ANGELES,COLISION LATERAL,COLISION,URBANA,TRAMO DE VIA RECTA,IMPRUDENCIA DEL CONDUCTOR,CONDUCCION NO ATENTO CONDICIONES TRANSITO MOMENTO,LAS INDUSTRIAS, ,- LAS INDUSTRIAS,505, , ,BIDIRECCIONAL CON BANDEJON,CONCRETO,BUENO,SECO,DESPEJADO,0,0,0,0
-8139531.9986865,-4416444.08062818,851,2024,1598903,-36.837238,-73.11866,1,2024/03/22 00:00:00+00,1899/12/30 00:00:00+00,REGION BIO BIO,SAN PEDRO DE LA PAZ,CHOQUE LADO/LADO,CHOQUE,URBANA,CRUCE CON SEMAFORO FUNCIONANDO,IMPRUDENCIA DEL CONDUCTOR,ADELANTAMIENTO SIN EL ESPACIO O TIEMPO SUFICIENTE,PEDRO AGUIRRE CERDA,DIAGONAL BIOBIO,DIAGONAL BIOBIO - PEDRO AGUIRRE CERDA,0, , ,BIDIRECCIONAL CON BANDEJON,CONCRETO,BUENO,SECO,DESPEJADO,0,0,0,1
-8144405.67731292,-4436694.27092714,852,2024,1589198,-36.98269,-73.162441,1,2024/01/27 00:00:00+00,1899/12/30 00:00:00+00,REGION BIO BIO,CORONEL,VOLCADURA,VOLCADURA,URBANA,TRAMO DE VIA RECTA,DEFICIENCIAS VIALES,ANIMALES SUELTOS VIA PUBLICA,LOS ROBLES,LAS QUILAS,LAS QUILAS - LOS ROBLES,0, , ,UNIDIRECCIONAL,ASFALTO,BUENO,SECO,DESPEJADO,0,0,0,1
-8133574.84745619,-4415732.52037742,853,2024,1598904,-36.832122,-73.065146,1,2024/03/13 00:00:00+00,1899/12/30 00:00:00+00,REGION BIO BIO,CONCEPCION,COLISION POR ALCANCE,COLISION,URBANA,CRUCE CON SEMAFORO FUNCIONANDO,IMPRUDENCIA DEL CONDUCTOR,CONDUCCION SIN MANTENER DISTANCIA RAZONABLE NI PRUDENTE,CARDENAL RAUL SILVA HENRIQUEZ,CENTRAL NORTE,CARDENAL RAUL SILVA HENRIQUEZ - CENTRAL NORTE,0, , ,BIDIRECCIONAL CON BANDEJON,CONCRETO,BUENO,SECO,DESPEJADO,0,0,0,0
-8135895.19092228,-4407995.49644466,854,2024,1598910,-36.776472,-73.08599,1,2024/03/21 00:00:00+00,1899/12/30 00:00:00+00,REGION BIO BIO,TALCAHUANO,COLISION,COLISION,URBANA,TRAMO DE VIA RECTA,IMPRUDENCIA DEL CONDUCTOR,ADELANTAMIENTO SIN EL ESPACIO O TIEMPO SUFICIENTE,CRISTOBAL COLON, ,- CRISTOBAL COLON,6723, , ,BIDIRECCIONAL,CONCRETO,BUENO,SECO,DESPEJADO,0,0,0,0
-8133774.88858114,-4411088.10214143,855,2024,1598916,-36.798721,-73.066943,1,2024/03/13 00:00:00+00,1899/12/30 00:00:00+00,REGION BIO BIO,CONCEPCION,CHOQUE LADO/LADO,CHOQUE,URBANA,TRAMO DE VIA RECTA,IMPRUDENCIA DEL CONDUCTOR,CONDUCCION NO ATENTO CONDICIONES TRANSITO MOMENTO,JORGE ALESSANDRI, ,- JORGE ALESSANDRI,3177, , ,UNIDIRECCIONAL,CONCRETO,BUENO,SECO,DESPEJADO,0,0,0,0
-8135944.6167762,-4409114.75783819,856,2024,1589215,-36.784525,-73.086434,1,2024/02/02 00:00:00+00,1899/12/30 00:00:00+00,REGION BIO BIO,HUALPEN,CHOQUE,CHOQUE,URBANA,OTROS NO CONSIDERADOS,IMPRUDENCIA DEL CONDUCTOR,ADELANTAMIENTO SIN EL ESPACIO O TIEMPO SUFICIENTE,CRISTOBAL COLON, ,- CRISTOBAL COLON,7601, , ,BIDIRECCIONAL,CONCRETO,BUENO,SECO,DESPEJADO,0,0,0,0
-8135987.14082168,-4409876.75123529,857,2024,1598917,-36.790007,-73.086816,1,2024/03/21 00:00:00+00,1899/12/30 00:00:00+00,REGION BIO BIO,HUALPEN,CHOQUE,CHOQUE,URBANA,CRUCE CON SEMAFORO FUNCIONANDO,IMPRUDENCIA DEL CONDUCTOR,VIRAJES INDEBIDOS,CURANILAHUE,CRISTOBAL COLON,CRISTOBAL COLON - CURANILAHUE,0, , ,BIDIRECCIONAL,CONCRETO,BUENO,SECO,DESPEJADO,0,0,0,0
-8055191.00912596,-4504707.35136202,858,2024,1589249,-37.469177,-72.361012,1,2024/01/29 00:00:00+00,1899/12/30 00:00:00+00,REGION BIO BIO,LOS ANGELES,COLISION PERPENDICULAR,COLISION,URBANA,TRAMO DE VIA RECTA,IMPRUDENCIA DEL CONDUCTOR,CONDUCCION NO ATENTO CONDICIONES TRANSITO MOMENTO,BALMACEDA,RICARDO VICUNA,BALMACEDA - RICARDO VICUNA,0, , ,BIDIRECCIONAL,CONCRETO,BUENO,SECO,DESPEJADO,0,0,0,0
-8054033.84301916,-4504137.22105928,859,2024,1589257,-37.465112,-72.350617,1,2024/01/29 00:00:00+00,1899/12/30 00:00:00+00,REGION BIO BIO,LOS ANGELES,CHOQUE POSTERIOR/FRENTE,CHOQUE,URBANA,TRAMO DE VIA RECTA,IMPRUDENCIA DEL CONDUCTOR,CONDUCCION NO ATENTO CONDICIONES TRANSITO MOMENTO,COLON, ,- COLON,700, , ,UNIDIRECCIONAL,ASFALTO,BUENO,SECO,DESPEJADO,0,0,0,0
-8132139.38262241,-4408715.85198736,860,2024,1598929,-36.781655,-73.052251,1,2024/03/14 00:00:00+00,1899/12/30 00:00:00+00,REGION BIO BIO,CONCEPCION,CHOQUE LADO/LADO,CHOQUE,URBANA,TRAMO DE VIA RECTA,IMPRUDENCIA DEL CONDUCTOR,CONDUCCION NO ATENTO CONDICIONES TRANSITO MOMENTO,RAMON CARRASCO, ,- RAMON CARRASCO,442, , ,BIDIRECCIONAL,CONCRETO,BUENO,SECO,DESPEJADO,0,0,0,0
-8053802.85507577,-4504620.81298338,861,2024,1589261,-37.46856,-72.348542,1,2024/01/29 00:00:00+00,1899/12/30 00:00:00+00,REGION BIO BIO,LOS ANGELES,COLISION POR ALCANCE,COLISION,URBANA,TRAMO DE VIA RECTA,IMPRUDENCIA DEL CONDUCTOR,CONDUCCION NO ATENTO CONDICIONES TRANSITO MOMENTO,VILLAGRAN, ,- VILLAGRAN,470, , ,UNIDIRECCIONAL,CONCRETO,BUENO,SECO,DESPEJADO,0,0,0,0
-8137289.02226651,-4407906.96681699,862,2024,1598931,-36.775835,-73.098511,1,2024/03/21 00:00:00+00,1899/12/30 00:00:00+00,REGION BIO BIO,TALCAHUANO,COLISION,COLISION,URBANA,CRUCE SIN SENALIZACION,IMPRUDENCIA DEL CONDUCTOR,NO RESPETAR DERECHO PREFERENTE DE PASO A VEHICULO,PAPUDO,COLCHAGUA,COLCHAGUA - PAPUDO,0, , ,BIDIRECCIONAL,CONCRETO,BUENO,SECO,DESPEJADO,0,0,0,2
-8138838.81221733,-4408798.13378315,863,2024,1582525,-36.782247,-73.112433,1,2024/01/03 00:00:00+00,1899/12/30 00:00:00+00,REGION BIO BIO,HUALPEN,CHOQUE,CHOQUE,URBANA,TRAMO DE VIA RECTA,IMPRUDENCIA DEL CONDUCTOR,CONDUCCION NO ATENTO CONDICIONES TRANSITO MOMENTO,ESTAMBUL, ,- ESTAMBUL,2677, , ,BIDIRECCIONAL,CONCRETO,BUENO,SECO,DESPEJADO,0,0,0,0
-8143350.14590122,-4436894.24778973,864,2024,1589286,-36.984125,-73.152959,1,2024/01/22 00:00:00+00,1899/12/30 00:00:00+00,REGION BIO BIO,CORONEL,COLISION FRONTAL,COLISION,URBANA,TRAMO DE VIA RECTA,ALCOHOL EN CONDUCTOR,CONDUCCION EN ESTADO DE EBRIEDAD,EL ARRAYAN, ,- EL ARRAYAN,3320, , ,BIDIRECCIONAL,ASFALTO,BUENO,SECO,DESPEJADO,0,0,0,3
-8053725.59934916,-4503259.43527837,865,2024,1582567,-37.458853,-72.347848,1,2024/01/02 00:00:00+00,1899/12/30 00:00:00+00,REGION BIO BIO,LOS ANGELES,COLISION,COLISION,URBANA,TRAMO DE VIA RECTA,IMPRUDENCIA DEL CONDUCTOR,CONDUCCION NO ATENTO CONDICIONES TRANSITO MOMENTO,ALMIRANTE LATORRE,ALMAGRO,ALMAGRO - ALMIRANTE LATORRE,0, , ,BIDIRECCIONAL CON BANDEJON,CONCRETO,BUENO,SECO,DESPEJADO,0,0,0,0
-8132886.00244716,-4409072.92066967,866,2024,1598933,-36.784224,-73.058958,1,2024/03/14 00:00:00+00,1899/12/30 00:00:00+00,REGION BIO BIO,CONCEPCION,CHOQUE FRENTE/POSTERIOR,CHOQUE,URBANA,TRAMO DE VIA RECTA,IMPRUDENCIA DEL CONDUCTOR,CONDUCCION NO ATENTO CONDICIONES TRANSITO MOMENTO,JORGE ALESSANDRI, ,- JORGE ALESSANDRI,804, , ,BIDIRECCIONAL CON BANDEJON,CONCRETO,BUENO,SECO,DESPEJADO,0,0,0,0
-8134508.37270598,-4409403.45267974,867,2024,1589346,-36.786602,-73.073532,1,2024/02/03 00:00:00+00,1899/12/30 00:00:00+00,REGION BIO BIO,HUALPEN,CHOQUE,CHOQUE,URBANA,TRAMO DE VIA RECTA,DROGAS Y/O FATIGA EN CONDUCTOR,CONDUCCION BAJO INFLUENCIA DE DROGAS O ESTUPEFACIENTES,AUTOPISTA CONCEPCION TALCAHUANO, ,- AUTOPISTA CONCEPCION TALCAHUANO,8342, , ,BIDIRECCIONAL,CONCRETO,BUENO,SECO,DESPEJADO,0,2,1,0
-8051336.01515979,-4505198.82435638,868,2024,1582569,-37.472681,-72.326382,1,2024/01/02 00:00:00+00,1899/12/30 00:00:00+00,REGION BIO BIO,LOS ANGELES,COLISION LATERAL,COLISION,URBANA,TRAMO DE VIA RECTA,IMPRUDENCIA DEL CONDUCTOR,CONDUCCION NO ATENTO CONDICIONES TRANSITO MOMENTO,LAS INDUSTRIAS,GABRIELA MISTRAL,GABRIELA MISTRAL - LAS INDUSTRIAS,0, , ,BIDIRECCIONAL CON BANDEJON,RIPIO,BUENO, ,DESPEJADO,0,0,0,0
-8139540.68160678,-4409431.80830045,869,2024,1598934,-36.786806,-73.118738,1,2024/03/22 00:00:00+00,1899/12/30 00:00:00+00,REGION BIO BIO,HUALPEN,COLISION,COLISION,URBANA,CRUCE CON SENAL PARE,IMPRUDENCIA DEL CONDUCTOR,CONDUCCION NO ATENTO CONDICIONES TRANSITO MOMENTO,COSTANERA,FINLANDIA,COSTANERA - FINLANDIA,0, , ,BIDIRECCIONAL CON BANDEJON,CONCRETO,BUENO,SECO,DESPEJADO,0,0,0,0
-8136859.38000524,-4408577.44553062,870,2024,1589359,-36.780659,-73.094651,1,2024/02/04 00:00:00+00,1899/12/30 00:00:00+00,REGION BIO BIO,TALCAHUANO,CHOQUE,CHOQUE,URBANA,CRUCE CON SENAL PARE,IMPRUDENCIA DEL CONDUCTOR,CONDUCCION SIN MANTENER DISTANCIA RAZONABLE NI PRUDENTE,AVIACION,LAS GOLONDRINAS,AVIACION - LAS GOLONDRINAS,0, , ,BIDIRECCIONAL,CONCRETO,BUENO,SECO,DESPEJADO,0,0,0,0
-8054488.47181956,-4494449.04291139,871,2024,1582572,-37.396002,-72.354701,1,2024/01/02 00:00:00+00,1899/12/30 00:00:00+00,REGION BIO BIO,LOS ANGELES,CHOQUE POSTERIOR/FRENTE,CHOQUE,RURAL,TRAMO DE VIA RECTA,IMPRUDENCIA DEL CONDUCTOR,CONDUCCION NO ATENTO CONDICIONES TRANSITO MOMENTO,LAS INDUSTRIAS, ,- LAS INDUSTRIAS,705, , ,BIDIRECCIONAL,CONCRETO,BUENO,SECO,DESPEJADO,0,0,0,0
-8136766.37725723,-4408569.35860648,872,2024,1589368,-36.780601,-73.093816,1,2024/02/04 00:00:00+00,1899/12/30 00:00:00+00,REGION BIO BIO,TALCAHUANO,CHOQUE,CHOQUE,URBANA,TRAMO DE VIA RECTA,ALCOHOL EN CONDUCTOR,CONDUCCION EN ESTADO DE EBRIEDAD,6 SUR, ,- 6 SUR,637, , ,BIDIRECCIONAL,CONCRETO,BUENO,SECO,DESPEJADO,0,0,0,0
-8051284.36291606,-4506748.43358465,873,2024,1582578,-37.483728,-72.325918,1,2024/01/02 00:00:00+00,1899/12/30 00:00:00+00,REGION BIO BIO,LOS ANGELES,COLISION LATERAL,COLISION,URBANA,TRAMO DE VIA RECTA,IMPRUDENCIA DEL CONDUCTOR,CONDUCCION NO ATENTO CONDICIONES TRANSITO MOMENTO,FRANCISCO ENCINA,LAS INDUSTRIAS,FRANCISCO ENCINA - LAS INDUSTRIAS,0, , ,BIDIRECCIONAL,ASFALTO,BUENO,SECO,DESPEJADO,0,0,0,0