X,Y,FID,Año,IdAccident,Latitud,longitud,ClaseAccid,Fecha,Hora,Región,Comuna,Tipo_Accid,Tipo__CONA,Zona,Ubicación,Causa__CON,Causa_Acci,Calle_Uno,Calle_Dos,Intersecci,Número,Ruta,Ubicaci_1,Calzada,Tipo_Calza,Estado_Cal,Condición,Estado_Atm,Fallecidos,Graves,Menos_Grav,Leves
-8139108.98462149,-4410341.17416946,1181,2024,1584702,-36.793348,-73.11486,1,2024/01/15 00:00:00+00,1899/12/30 00:00:00+00,REGION BIO BIO,HUALPEN,CHOQUE FRENTE/POSTERIOR,CHOQUE,URBANA,TRAMO DE VIA RECTA,VELOCIDAD IMPRUDENTE,VELOCIDAD MAYOR QUE MAXIMA PERMITIDA,PASAJE SEIS, ,- PASAJE SEIS,2696, , ,BIDIRECCIONAL,CONCRETO,BUENO,SECO,DESPEJADO,0,0,0,0
-8077987.12577009,-4452415.88211751,1182,2024,1590954,-37.095423,-72.565793,1,2024/02/11 00:00:00+00,1899/12/30 00:00:00+00,REGION BIO BIO,YUMBEL,COLISION,COLISION,URBANA,TRAMO DE VIA RECTA,IMPRUDENCIA DEL CONDUCTOR,CONDUCCION NO ATENTO CONDICIONES TRANSITO MOMENTO,O'CARROL, ,- O'CARROL,173, , ,UNIDIRECCIONAL,CONCRETO,BUENO,SECO,DESPEJADO,0,0,0,0
-8139139.93143993,-4407914.33267632,1183,2024,1584717,-36.775888,-73.115138,1,2024/01/15 00:00:00+00,1899/12/30 00:00:00+00,REGION BIO BIO,HUALPEN,CHOQUE FRENTE/POSTERIOR,CHOQUE,URBANA,ENLACE A NIVEL,IMPRUDENCIA DEL CONDUCTOR,CONDUCIR VEHICULO EN RETROCESO,LENGA,CAMINO A LENGA,CAMINO A LENGA - LENGA,0, , ,BIDIRECCIONAL,CONCRETO,BUENO,SECO,DESPEJADO,0,0,0,0
-8138985.41998671,-4407478.3659606,1184,2024,1600375,-36.772751,-73.11375,1,2024/03/18 00:00:00+00,1899/12/30 00:00:00+00,REGION BIO BIO,TALCAHUANO,CHOQUE POSTERIOR/FRENTE,CHOQUE,URBANA,OTROS NO CONSIDERADOS,IMPRUDENCIA DEL CONDUCTOR,CONDUCCION NO ATENTO CONDICIONES TRANSITO MOMENTO,GRAN BRETANA, ,- GRAN BRETANA,5475, , ,BIDIRECCIONAL,CONCRETO,BUENO,SECO,DESPEJADO,0,0,0,1
-8058922.9950548,-4443773.9375721,1185,2024,1590955,-37.033476,-72.394537,1,2024/02/12 00:00:00+00,1899/12/30 00:00:00+00,REGION BIO BIO,CABRERO,COLISION,COLISION,URBANA,TRAMO DE VIA RECTA,IMPRUDENCIA DEL CONDUCTOR,CONDUCCION NO ATENTO CONDICIONES TRANSITO MOMENTO,LAS FLORES,PADRE HURTADO,LAS FLORES - PADRE HURTADO,0, , ,UNIDIRECCIONAL,ASFALTO,BUENO,SECO,DESPEJADO,0,0,0,1
-8136103.80364803,-4406352.60646535,1186,2024,1600376,-36.76465,-73.087864,1,2024/03/18 00:00:00+00,1899/12/30 00:00:00+00,REGION BIO BIO,TALCAHUANO,COLISION LATERAL,COLISION,URBANA,TRAMO DE VIA RECTA,IMPRUDENCIA DEL CONDUCTOR,CONDUCCION CAMBIAR SORPRESIVAMENTE PISTA CIRCULACION,LAS HORTENSIAS, ,- LAS HORTENSIAS,5592, , ,BIDIRECCIONAL,CONCRETO,BUENO,SECO,DESPEJADO,0,0,0,0
-8136030.55542309,-4410026.73775078,1187,2024,1584967,-36.791086,-73.087206,1,2024/01/15 00:00:00+00,1899/12/30 00:00:00+00,REGION BIO BIO,HUALPEN,ATROPELLO,ATROPELLO,URBANA,TRAMO DE VIA RECTA,IMPRUDENCIA DEL CONDUCTOR,CONDUCCION NO ATENTO CONDICIONES TRANSITO MOMENTO,CRISTOBAL COLON, ,- CRISTOBAL COLON,8376, , ,BIDIRECCIONAL,CONCRETO,BUENO,SECO,DESPEJADO,0,0,0,1
-8135783.98275098,-4406709.04009907,1188,2024,1591012,-36.767215,-73.084991,1,2024/02/15 00:00:00+00,1899/12/30 00:00:00+00,REGION BIO BIO,TALCAHUANO,CHOQUE,CHOQUE,URBANA,ENLACE A DESNIVEL,IMPRUDENCIA DEL CONDUCTOR,CONDUCCION NO ATENTO CONDICIONES TRANSITO MOMENTO,AUTOPISTA CONCEPCION TALCAHUANO,O'HIGGINS,AUTOPISTA CONCEPCION TALCAHUANO - O'HIGGINS,0, , ,BIDIRECCIONAL CON BANDEJON,CONCRETO,BUENO,SECO,DESPEJADO,0,0,0,0
-8135925.02454582,-4406937.21946812,1189,2024,1600377,-36.768857,-73.086258,1,2024/03/18 00:00:00+00,1899/12/30 00:00:00+00,REGION BIO BIO,TALCAHUANO,CHOQUE LADO/LADO,CHOQUE,URBANA,TRAMO DE VIA RECTA,IMPRUDENCIA DEL CONDUCTOR,CONDUCCION NO ATENTO CONDICIONES TRANSITO MOMENTO,CRISTOBAL COLON, ,- CRISTOBAL COLON,3252, , ,BIDIRECCIONAL,CONCRETO,BUENO,SECO,DESPEJADO,0,0,0,0
-8138892.69085087,-4410840.64951308,1190,2024,1584975,-36.796941,-73.112917,1,2024/01/16 00:00:00+00,1899/12/30 00:00:00+00,REGION BIO BIO,HUALPEN,COLISION,COLISION,URBANA,CRUCE CON SEMAFORO FUNCIONANDO,IMPRUDENCIA DEL CONDUCTOR,CONDUCCION NO ATENTO CONDICIONES TRANSITO MOMENTO,CRISTOBAL COLON,LOS COPIHUES,CRISTOBAL COLON - LOS COPIHUES,0, , ,BIDIRECCIONAL,CONCRETO,BUENO,SECO,DESPEJADO,0,0,0,0
-8042097.27666038,-4539399.92307426,1191,2024,1591131,-37.716117,-72.243389,1,2024/02/10 00:00:00+00,1899/12/30 00:00:00+00,REGION BIO BIO,MULCHEN,COLISION,COLISION,URBANA,CRUCE SIN SENALIZACION,IMPRUDENCIA DEL CONDUCTOR,CONDUCCION NO ATENTO CONDICIONES TRANSITO MOMENTO,GANA,MANERA,GANA - MANERA,0, , ,UNIDIRECCIONAL,CONCRETO,BUENO,SECO,DESPEJADO,0,0,0,1
-8138685.19132004,-4399466.53615518,1192,2024,1600380,-36.715079,-73.111053,1,2024/03/18 00:00:00+00,1899/12/30 00:00:00+00,REGION BIO BIO,TALCAHUANO,CHOQUE POSTERIOR/FRENTE,CHOQUE,URBANA,TRAMO DE VIA RECTA,IMPRUDENCIA DEL CONDUCTOR,CONDUCCION NO ATENTO CONDICIONES TRANSITO MOMENTO,BUIN, ,- BUIN,15, , ,UNIDIRECCIONAL,CONCRETO,BUENO,SECO,DESPEJADO,0,0,0,0
-8131182.59159904,-4414007.2260744,1193,2024,1584977,-36.819716,-73.043656,1,2024/01/09 00:00:00+00,1899/12/30 00:00:00+00,REGION BIO BIO,CONCEPCION,COLISION FRONTAL,COLISION,URBANA,TRAMO DE VIA RECTA,IMPRUDENCIA DEL CONDUCTOR,CONDUCCION NO ATENTO CONDICIONES TRANSITO MOMENTO,LOS CARRERA,PAICAVI,LOS CARRERA - PAICAVI,0, , ,BIDIRECCIONAL,CONCRETO,BUENO,SECO,DESPEJADO,0,0,0,0
-8095888.19044558,-4475347.70264756,1194,2024,1584982,-37.259557,-72.726601,1,2024/01/09 00:00:00+00,1899/12/30 00:00:00+00,REGION BIO BIO,SAN ROSENDO,COLISION,COLISION,URBANA,CRUCE CON SENAL PARE,IMPRUDENCIA DEL CONDUCTOR,CONDUCCION NO ATENTO CONDICIONES TRANSITO MOMENTO,VALLEJOS,ALMIRANTE LATORRE,ALMIRANTE LATORRE - VALLEJOS,0, , ,BIDIRECCIONAL,CONCRETO,BUENO,SECO,DESPEJADO,0,0,0,1
-8041512.96065321,-4540105.67504437,1195,2024,1591139,-37.721132,-72.23814,1,2024/02/18 00:00:00+00,1899/12/30 00:00:00+00,REGION BIO BIO,MULCHEN,COLISION,COLISION,URBANA,CRUCE SIN SENALIZACION,IMPRUDENCIA DEL CONDUCTOR,CONDUCCION NO ATENTO CONDICIONES TRANSITO MOMENTO,SALVO,PEDRO LAGOS,PEDRO LAGOS - SALVO,0, , ,UNIDIRECCIONAL,ASFALTO,BUENO,SECO,DESPEJADO,0,0,0,1
-8119177.22979495,-4463382.38596847,1196,2024,1591173,-37.17396,-72.93581,1,2024/02/17 00:00:00+00,1899/12/30 00:00:00+00,REGION BIO BIO,SANTA JUANA,ATROPELLO,ATROPELLO,URBANA,TRAMO DE VIA RECTA,IMPRUDENCIA DEL PEATON,IMPRUDENCIA DEL PEATON,BIOBIO,IRARRAZAVAL,BIOBIO - IRARRAZAVAL,0, , ,BIDIRECCIONAL,ASFALTO,REGULAR,SECO,DESPEJADO,1,1,0,0
-8155002.17964153,-4482568.10204645,1197,2024,1591222,-37.311163,-73.257631,1,2024/02/05 00:00:00+00,1899/12/30 00:00:00+00,REGION BIO BIO,ARAUCO,ATROPELLO,ATROPELLO,RURAL,TRAMO DE VIA RECTA,IMPRUDENCIA DEL PEATON,PEATON PERMANECE SOBRE LA CALZADA,ARTURO PEREZ CANTO, ,- ARTURO PEREZ CANTO,99, , ,BIDIRECCIONAL,ASFALTO,BUENO,SECO,DESPEJADO,0,0,0,1
-8054398.08039304,-4505151.41528384,1198,2024,1600396,-37.472343,-72.353889,1,2024/03/27 00:00:00+00,1899/12/30 00:00:00+00,REGION BIO BIO,LOS ANGELES,COLISION POR ALCANCE,COLISION,URBANA,CRUCE CON SEMAFORO FUNCIONANDO,IMPRUDENCIA DEL CONDUCTOR,CONDUCCION NO ATENTO CONDICIONES TRANSITO MOMENTO,ALMAGRO,RICARDO VICUNA,ALMAGRO - RICARDO VICUNA,0, , ,BIDIRECCIONAL,ASFALTO,BUENO,SECO,DESPEJADO,0,0,0,0
-8088220.72655872,-4509369.41759141,1199,2024,1591262,-37.502409,-72.657723,1,2024/02/14 00:00:00+00,1899/12/30 00:00:00+00,REGION BIO BIO,NACIMIENTO,VOLCADURA,VOLCADURA,RURAL,TRAMO DE VIA CURVA VERTICAL,IMPRUDENCIA DEL CONDUCTOR,CONDUCCION NO ATENTO CONDICIONES TRANSITO MOMENTO,CAMINO VECINAL LOS BARROS, ,- CAMINO VECINAL LOS BARROS,4, , ,BIDIRECCIONAL,RIPIO,BUENO, ,DESPEJADO,0,0,1,3
-8053721.14656952,-4504397.52762959,1200,2024,1600400,-37.466968,-72.347808,1,2024/03/28 00:00:00+00,1899/12/30 00:00:00+00,REGION BIO BIO,LOS ANGELES,COLISION,COLISION,URBANA,TRAMO DE VIA RECTA,IMPRUDENCIA DEL CONDUCTOR,CONDUCCION NO ATENTO CONDICIONES TRANSITO MOMENTO,VILLAGRAN, ,- VILLAGRAN,551, , ,UNIDIRECCIONAL,CONCRETO,BUENO,SECO,DESPEJADO,0,0,0,0
-8051337.23967418,-4503104.47353883,1201,2024,1591304,-37.457748,-72.326393,1,2024/02/08 00:00:00+00,1899/12/30 00:00:00+00,REGION BIO BIO,LOS ANGELES,CHOQUE POSTERIOR/LADO,CHOQUE,URBANA,OTROS NO CONSIDERADOS,IMPRUDENCIA DEL CONDUCTOR,CONDUCCION NO ATENTO CONDICIONES TRANSITO MOMENTO,LAS INDUSTRIAS, ,- LAS INDUSTRIAS,506, , ,BIDIRECCIONAL,CONCRETO,BUENO,SECO,DESPEJADO,0,0,0,0
-8054398.08039304,-4505151.41528384,1202,2024,1600401,-37.472343,-72.353889,1,2024/03/28 00:00:00+00,1899/12/30 00:00:00+00,REGION BIO BIO,LOS ANGELES,COLISION,COLISION,URBANA,CRUCE CON SENAL CEDA EL PASO,IMPRUDENCIA DEL CONDUCTOR,CONDUCCION NO ATENTO CONDICIONES TRANSITO MOMENTO,RICARDO VICUNA,MENDOZA,MENDOZA - RICARDO VICUNA,0, , ,BIDIRECCIONAL,ASFALTO,BUENO,SECO,DESPEJADO,0,0,0,1
-8130370.07063574,-4414443.04299831,1203,2024,1584988,-36.82285,-73.036357,1,2024/01/09 00:00:00+00,1899/12/30 00:00:00+00,REGION BIO BIO,CONCEPCION,COLISION LATERAL,COLISION,URBANA,TRAMO DE VIA RECTA,IMPRUDENCIA DEL CONDUCTOR,CONDUCCION NO ATENTO CONDICIONES TRANSITO MOMENTO,GALVARINO,ROOSEVELT,GALVARINO - ROOSEVELT,0, , ,UNIDIRECCIONAL,CONCRETO,BUENO,SECO,DESPEJADO,0,0,0,0
-8052642.79466221,-4507408.91420756,1204,2024,1591311,-37.488436,-72.338121,1,2024/02/09 00:00:00+00,1899/12/30 00:00:00+00,REGION BIO BIO,LOS ANGELES,CHOQUE FRENTE/LADO,CHOQUE,URBANA,TRAMO DE VIA RECTA,IMPRUDENCIA DEL CONDUCTOR,CONDUCCION NO ATENTO CONDICIONES TRANSITO MOMENTO,MITIMAES, ,- MITIMAES,397, , ,UNIDIRECCIONAL,CONCRETO,BUENO,SECO,DESPEJADO,0,0,0,0
-8055191.00912596,-4504707.35136202,1205,2024,1600404,-37.469177,-72.361012,1,2024/03/28 00:00:00+00,1899/12/30 00:00:00+00,REGION BIO BIO,LOS ANGELES,CHOQUE FRONTAL,CHOQUE,URBANA,TRAMO DE VIA RECTA,IMPRUDENCIA DEL CONDUCTOR,CONDUCCION NO ATENTO CONDICIONES TRANSITO MOMENTO,PEDRO DE VALDIVIA,ALMIRANTE LATORRE,ALMIRANTE LATORRE - PEDRO DE VALDIVIA,0, , ,UNIDIRECCIONAL,CONCRETO,BUENO,SECO,DESPEJADO,0,0,0,0
-8051264.77068568,-4508289.43272097,1206,2024,1591313,-37.494712,-72.325742,1,2024/02/09 00:00:00+00,1899/12/30 00:00:00+00,REGION BIO BIO,LOS ANGELES,COLISION LATERAL,COLISION,URBANA,CRUCE CON SENAL PARE,IMPRUDENCIA DEL CONDUCTOR,NO RESPETAR DERECHO PREFERENTE DE PASO A VEHICULO,LAS INDUSTRIAS,LA FRONTERA,LA FRONTERA - LAS INDUSTRIAS,0, , ,BIDIRECCIONAL,ASFALTO,BUENO,SECO,DESPEJADO,0,1,0,2
-8054588.77068077,-4505139.35265462,1207,2024,1600409,-37.472257,-72.355602,1,2024/03/28 00:00:00+00,1899/12/30 00:00:00+00,REGION BIO BIO,LOS ANGELES,COLISION LATERAL,COLISION,URBANA,TRAMO DE VIA RECTA,IMPRUDENCIA DEL CONDUCTOR,CONDUCCION NO ATENTO CONDICIONES TRANSITO MOMENTO,RICARDO VICUNA,ERCILLA,ERCILLA - RICARDO VICUNA,0, , ,UNIDIRECCIONAL,CONCRETO,BUENO,SECO,DESPEJADO,0,0,0,0
-8131989.32394882,-4415331.55850273,1208,2024,1584999,-36.829239,-73.050903,1,2024/01/09 00:00:00+00,1899/12/30 00:00:00+00,REGION BIO BIO,CONCEPCION,COLISION POR ALCANCE,COLISION,URBANA,TRAMO DE VIA RECTA,IMPRUDENCIA DEL CONDUCTOR,CONDUCCION NO ATENTO CONDICIONES TRANSITO MOMENTO,SAN MARTIN, ,- SAN MARTIN,531, , ,UNIDIRECCIONAL,CONCRETO,BUENO,SECO,DESPEJADO,0,0,0,1
-8051357.05454355,-4504089.95703579,1209,2024,1591324,-37.464775,-72.326571,1,2024/02/09 00:00:00+00,1899/12/30 00:00:00+00,REGION BIO BIO,LOS ANGELES,COLISION POR ALCANCE,COLISION,URBANA,CRUCE CON SENAL PARE,IMPRUDENCIA DEL CONDUCTOR,CONDUCCION NO ATENTO CONDICIONES TRANSITO MOMENTO,LAS INDUSTRIAS,LOS CARRERA,LAS INDUSTRIAS - LOS CARRERA,0, , ,UNIDIRECCIONAL,ASFALTO,BUENO,SECO,DESPEJADO,0,0,0,0
-8131155.42964329,-4413514.1375705,1210,2024,1585009,-36.81617,-73.043412,1,2024/01/10 00:00:00+00,1899/12/30 00:00:00+00,REGION BIO BIO,CONCEPCION,COLISION,COLISION,URBANA,TRAMO DE VIA RECTA,IMPRUDENCIA DEL CONDUCTOR,CONDUCCION SIN MANTENER DISTANCIA RAZONABLE NI PRUDENTE,PAICAVI,LAUTARO,LAUTARO - PAICAVI,0, , ,UNIDIRECCIONAL,CONCRETO,BUENO,SECO,DESPEJADO,0,0,0,0
-8055191.00912596,-4504707.35136202,1211,2024,1600416,-37.469177,-72.361012,1,2024/03/28 00:00:00+00,1899/12/30 00:00:00+00,REGION BIO BIO,LOS ANGELES,CHOQUE POSTERIOR/FRENTE,CHOQUE,URBANA,TRAMO DE VIA RECTA,IMPRUDENCIA DEL CONDUCTOR,CONDUCCION NO ATENTO CONDICIONES TRANSITO MOMENTO,ALEMANIA, ,- ALEMANIA,686, , ,BIDIRECCIONAL CON BANDEJON,CONCRETO,BUENO,SECO,DESPEJADO,0,0,0,0
-8052426.83485007,-4501832.19100463,1212,2024,1591332,-37.448675,-72.336181,1,2024/02/09 00:00:00+00,1899/12/30 00:00:00+00,REGION BIO BIO,LOS ANGELES,COLISION FRONTAL,COLISION,URBANA,TRAMO DE VIA RECTA,IMPRUDENCIA DEL CONDUCTOR,CONDUCCION NO ATENTO CONDICIONES TRANSITO MOMENTO,SOR VICENTA,CALETERA PANAMERICANA SUR,CALETERA PANAMERICANA SUR - SOR VICENTA,0, , ,UNIDIRECCIONAL,CONCRETO,BUENO,SECO,DESPEJADO,0,0,0,0
-8132024.72354689,-4414646.35616876,1213,2024,1585022,-36.824312,-73.051221,1,2024/01/03 00:00:00+00,1899/12/30 00:00:00+00,REGION BIO BIO,CONCEPCION,CHOQUE LATERAL,CHOQUE,URBANA,TRAMO DE VIA RECTA,IMPRUDENCIA DEL CONDUCTOR,ADELANTAMIENTO SOBREPASANDO LINEA CONTINUA,MAIPU,ANIBAL PINTO,ANIBAL PINTO - MAIPU,0, , ,UNIDIRECCIONAL,CONCRETO,BUENO,SECO,DESPEJADO,0,0,0,0
-8054571.07088173,-4504837.6511758,1214,2024,1600457,-37.470106,-72.355443,1,2024/03/29 00:00:00+00,1899/12/30 00:00:00+00,REGION BIO BIO,LOS ANGELES,COLISION PERPENDICULAR,COLISION,URBANA,CRUCE CON SEMAFORO FUNCIONANDO,ALCOHOL EN CONDUCTOR,CONDUCCION EN ESTADO DE EBRIEDAD,LAUTARO,ERCILLA,ERCILLA - LAUTARO,0, , ,BIDIRECCIONAL,CONCRETO,BUENO,SECO,DESPEJADO,0,0,0,3
-8017146.68259143,-4532351.63829435,1215,2024,1591335,-37.666014,-72.019254,1,2024/02/18 00:00:00+00,1899/12/30 00:00:00+00,REGION BIO BIO,SANTA BARBARA,CHOQUE LADO/FRENTE,CHOQUE,URBANA,TRAMO DE VIA RECTA,ALCOHOL EN CONDUCTOR,CONDUCCION EN ESTADO DE EBRIEDAD,BAQUEDANO, ,- BAQUEDANO,650, , ,BIDIRECCIONAL,CONCRETO,BUENO,SECO,DESPEJADO,0,0,0,0
-8132340.31430329,-4415441.15046635,1216,2024,1585057,-36.830027,-73.054056,1,2024/01/11 00:00:00+00,1899/12/30 00:00:00+00,REGION BIO BIO,CONCEPCION,CHOQUE,CHOQUE,URBANA,TRAMO DE VIA RECTA,IMPRUDENCIA DEL CONDUCTOR,CONDUCCION SIN MANTENER DISTANCIA RAZONABLE NI PRUDENTE,ANGOL, ,- ANGOL,343, , ,UNIDIRECCIONAL,ASFALTO,BUENO,SECO,DESPEJADO,0,0,0,0
-8055191.00912596,-4504707.35136202,1217,2024,1600465,-37.469177,-72.361012,1,2024/03/29 00:00:00+00,1899/12/30 00:00:00+00,REGION BIO BIO,LOS ANGELES,CHOQUE FRONTAL,CHOQUE,URBANA,TRAMO DE VIA RECTA,IMPRUDENCIA DEL CONDUCTOR,CONDUCCION NO ATENTO CONDICIONES TRANSITO MOMENTO,MENDOZA, ,- MENDOZA,440, , ,UNIDIRECCIONAL,CONCRETO,BUENO,SECO,DESPEJADO,0,0,0,1
-8015530.4349046,-4534892.39958176,1218,2024,1591338,-37.684079,-72.004735,1,2024/02/18 00:00:00+00,1899/12/30 00:00:00+00,REGION BIO BIO,QUILACO,ATROPELLO,ATROPELLO,URBANA,TRAMO DE VIA RECTA,ALCOHOL EN CONDUCTOR,CONDUCCION EN ESTADO DE EBRIEDAD,NUEVA, ,- NUEVA,500, , ,BIDIRECCIONAL,CONCRETO,BUENO,SECO,DESPEJADO,0,0,0,2
-8054701.53732494,-4506294.76306481,1219,2024,1600471,-37.480494,-72.356615,1,2024/03/29 00:00:00+00,1899/12/30 00:00:00+00,REGION BIO BIO,LOS ANGELES,ATROPELLO,ATROPELLO,URBANA,CRUCE CON SENAL CEDA EL PASO,IMPRUDENCIA DEL CONDUCTOR,CONDUCCION NO ATENTO CONDICIONES TRANSITO MOMENTO,LORD COCHRANE,VICUNA MACKENNA,LORD COCHRANE - VICUNA MACKENNA,0, , ,BIDIRECCIONAL,ASFALTO,BUENO,SECO,DESPEJADO,0,0,0,1
-8141136.22386832,-4400370.46915194,1220,2024,1585097,-36.721588,-73.133071,1,2024/01/05 00:00:00+00,1899/12/30 00:00:00+00,REGION BIO BIO,TALCAHUANO,CAIDA,CAIDA,URBANA,TRAMO DE VIA RECTA,IMPRUDENCIA DEL CONDUCTOR,CONDUCCION SIN MANTENER DISTANCIA RAZONABLE NI PRUDENTE,LOS ARAUCANOS, ,- LOS ARAUCANOS,1296, , ,BIDIRECCIONAL,CONCRETO,BUENO,SECO,DESPEJADO,0,0,0,1
-8017774.85847798,-4532460.62587298,1221,2024,1591345,-37.666789,-72.024897,1,2024/02/19 00:00:00+00,1899/12/30 00:00:00+00,REGION BIO BIO,SANTA BARBARA,COLISION FRONTAL,COLISION,URBANA,TRAMO DE VIA RECTA,FALLAS MECANICAS,FALLAS MECANICAS NEUMATICOS,CARRERA,DIEGO PORTALES,CARRERA - DIEGO PORTALES,0, , ,BIDIRECCIONAL,CONCRETO,BUENO,SECO,DESPEJADO,0,0,0,0
-8133347.31041701,-4409790.0130096,1222,2024,1585100,-36.789383,-73.063102,1,2024/01/05 00:00:00+00,1899/12/30 00:00:00+00,REGION BIO BIO,TALCAHUANO,COLISION LATERAL,COLISION,URBANA,CRUCE CON SEMAFORO FUNCIONANDO,DESOBEDIENCIA A SENALIZACION,SENALIZACION DESOBEDECER LUZ ROJA DE SEMAFORO,PRESIDENTE JORGE ALESSANDRI, ,- PRESIDENTE JORGE ALESSANDRI,3515, , ,BIDIRECCIONAL,CONCRETO,BUENO,SECO,DESPEJADO,0,0,0,0
-8089320.22916929,-4509207.34962098,1223,2024,1600492,-37.501254,-72.6676,1,2024/03/28 00:00:00+00,1899/12/30 00:00:00+00,REGION BIO BIO,NACIMIENTO,CHOQUE,CHOQUE,URBANA,TRAMO DE VIA RECTA,FALLAS MECANICAS,FALLAS MECANICAS FRENOS,ESTACION,O'HIGGINS,ESTACION - O'HIGGINS,0, , ,BIDIRECCIONAL,ASFALTO,BUENO,SECO,DESPEJADO,0,0,0,0
-8009504.37690949,-4480643.94115024,1224,2024,1591350,-37.297414,-71.950602,1,2024/02/10 00:00:00+00,1899/12/30 00:00:00+00,REGION BIO BIO,TUCAPEL,CHOQUE POSTERIOR/POSTERIOR,CHOQUE,URBANA,TRAMO DE VIA RECTA,VELOCIDAD IMPRUDENTE,VELOCIDAD NO RAZONABLE NI PRUDENTE,SAN DIEGO, ,- SAN DIEGO,798, , ,BIDIRECCIONAL,ASFALTO,BUENO,SECO,DESPEJADO,0,0,0,1
-8137092.09808729,-4403486.56298942,1225,2024,1585104,-36.744022,-73.096742,1,2024/01/06 00:00:00+00,1899/12/30 00:00:00+00,REGION BIO BIO,TALCAHUANO,CHOQUE FRENTE/POSTERIOR,CHOQUE,URBANA,CRUCE CON SEMAFORO FUNCIONANDO,IMPRUDENCIA DEL CONDUCTOR,CONDUCCION SIN MANTENER DISTANCIA RAZONABLE NI PRUDENTE,CRISTOBAL COLON, ,- CRISTOBAL COLON,3309, , ,BIDIRECCIONAL CON BANDEJON,CONCRETO,BUENO,SECO,DESPEJADO,0,0,0,0
-8053029.62989272,-4503246.39316136,1226,2024,1600502,-37.45876,-72.341596,1,2024/03/30 00:00:00+00,1899/12/30 00:00:00+00,REGION BIO BIO,LOS ANGELES,CHOQUE POSTERIOR/LADO,CHOQUE,URBANA,OTROS NO CONSIDERADOS,IMPRUDENCIA DEL CONDUCTOR,CONDUCCION NO ATENTO CONDICIONES TRANSITO MOMENTO,GUILLERMO MARCONI, ,- GUILLERMO MARCONI,1177, , ,UNIDIRECCIONAL,ASFALTO,REGULAR,SECO,DESPEJADO,0,0,0,0
-8139085.16225046,-4407329.94400236,1227,2024,1591351,-36.771683,-73.114646,1,2024/02/16 00:00:00+00,1899/12/30 00:00:00+00,REGION BIO BIO,HUALPEN,CHOQUE LADO/LADO,CHOQUE,URBANA,ROTONDA,IMPRUDENCIA DEL CONDUCTOR,CONDUCCION NO ATENTO CONDICIONES TRANSITO MOMENTO,COSTANERA,GRAN BRETANA,COSTANERA - GRAN BRETANA,0, , ,BIDIRECCIONAL CON BANDEJON,CONCRETO,BUENO,HUMEDO,DESPEJADO,0,0,0,0
-8140432.57336702,-4400474.76870058,1228,2024,1585106,-36.722339,-73.12675,1,2024/01/06 00:00:00+00,1899/12/30 00:00:00+00,REGION BIO BIO,TALCAHUANO,COLISION LATERAL,COLISION,URBANA,CRUCE SIN SENALIZACION,IMPRUDENCIA DEL CONDUCTOR,CONDUCCION NO ATENTO CONDICIONES TRANSITO MOMENTO,PEDRO MONTT, ,- PEDRO MONTT,127, , ,BIDIRECCIONAL,CONCRETO,BUENO,SECO,DESPEJADO,0,0,0,0
-8056376.6730224,-4503365.73614871,1229,2024,1600509,-37.459611,-72.371663,1,2024/03/30 00:00:00+00,1899/12/30 00:00:00+00,REGION BIO BIO,LOS ANGELES,COLISION FRONTAL,COLISION,URBANA,TRAMO DE VIA RECTA,IMPRUDENCIA DEL CONDUCTOR,CONDUCCION NO ATENTO CONDICIONES TRANSITO MOMENTO,LAS VERDENAS,OROMPELLO,LAS VERDENAS - OROMPELLO,0, , ,BIDIRECCIONAL,ASFALTO,BUENO,SECO,NUBLADO,0,0,0,1
-8138562.73988017,-4409413.73853343,1230,2024,1591356,-36.786676,-73.109953,1,2024/02/17 00:00:00+00,1899/12/30 00:00:00+00,REGION BIO BIO,HUALPEN,CHOQUE FRENTE/POSTERIOR,CHOQUE,URBANA,CRUCE CON SENAL PARE,IMPRUDENCIA DEL CONDUCTOR,CONDUCCION SIN MANTENER DISTANCIA RAZONABLE NI PRUDENTE,O'HIGGINS,SANTA MARIA,O'HIGGINS - SANTA MARIA,0, , ,BIDIRECCIONAL CON BANDEJON,CONCRETO,BUENO,SECO,DESPEJADO,0,0,0,0
-8136607.85830234,-4404920.46097351,1231,2024,1585107,-36.754343,-73.092392,1,2024/01/06 00:00:00+00,1899/12/30 00:00:00+00,REGION BIO BIO,TALCAHUANO,COLISION LATERAL,COLISION,URBANA,CRUCE CON SEMAFORO FUNCIONANDO,DESOBEDIENCIA A SENALIZACION,SENALIZACION DESOBEDECER LUZ ROJA DE SEMAFORO,CRISTOBAL COLON, ,- CRISTOBAL COLON,4994, , ,BIDIRECCIONAL CON BANDEJON,CONCRETO,BUENO,SECO,DESPEJADO,0,0,0,0
-8137490.06526688,-4409414.15552771,1232,2024,1591360,-36.786679,-73.100317,1,2024/02/18 00:00:00+00,1899/12/30 00:00:00+00,REGION BIO BIO,HUALPEN,CHOQUE,CHOQUE,URBANA,CRUCE SIN SENALIZACION,IMPRUDENCIA DEL CONDUCTOR,CONDUCCION NO ATENTO CONDICIONES TRANSITO MOMENTO,GRECIA,FRANKFORT,FRANKFORT - GRECIA,0, , ,BIDIRECCIONAL,CONCRETO,BUENO,SECO,DESPEJADO,0,0,0,0