X,Y,FID,Año,IdAccident,Latitud,longitud,ClaseAccid,Fecha,Hora,Región,Comuna,Tipo_Accid,Tipo__CONA,Zona,Ubicación,Causa__CON,Causa_Acci,Calle_Uno,Calle_Dos,Intersecci,Número,Ruta,Ubicaci_1,Calzada,Tipo_Calza,Estado_Cal,Condición,Estado_Atm,Fallecidos,Graves,Menos_Grav,Leves
-8089623.46346221,-4509134.94603919,1233,2024,1600511,-37.500738,-72.670324,1,2024/03/29 00:00:00+00,1899/12/30 00:00:00+00,REGION BIO BIO,NACIMIENTO,COLISION POR ALCANCE,COLISION,URBANA,TRAMO DE VIA RECTA,IMPRUDENCIA DEL CONDUCTOR,CONDUCCION NO ATENTO CONDICIONES TRANSITO MOMENTO,GENERAL PRIETO,O'HIGGINS,GENERAL PRIETO - O'HIGGINS,0, , ,BIDIRECCIONAL,CONCRETO,BUENO,SECO,DESPEJADO,0,0,0,0
-8009801.48863042,-4480032.71687536,1234,2024,1591363,-37.293046,-71.953271,1,2024/02/10 00:00:00+00,1899/12/30 00:00:00+00,REGION BIO BIO,TUCAPEL,COLISION FRONTAL,COLISION,URBANA,TRAMO DE VIA RECTA,IMPRUDENCIA DEL CONDUCTOR,CONDUCCION NO ATENTO CONDICIONES TRANSITO MOMENTO,ESTACION,LAGO LAJA,ESTACION - LAGO LAJA,0, , ,BIDIRECCIONAL,CONCRETO,BUENO,SECO,DESPEJADO,0,0,0,0
-8137341.1197882,-4417382.56173621,1235,2024,1600555,-36.843985,-73.098979,1,2024/03/28 00:00:00+00,1899/12/30 00:00:00+00,REGION BIO BIO,SAN PEDRO DE LA PAZ,COLISION PERPENDICULAR,COLISION,URBANA,CRUCE SIN SENALIZACION,IMPRUDENCIA DEL CONDUCTOR,CONDUCIR VEHICULO EN RETROCESO,LOS CANELOS,LOS CIPRECES,LOS CANELOS - LOS CIPRECES,0, , ,BIDIRECCIONAL,CONCRETO,BUENO,SECO,DESPEJADO,0,0,0,0
-8138129.03914403,-4402170.36967009,1236,2024,1585109,-36.734547,-73.106057,1,2024/01/13 00:00:00+00,1899/12/30 00:00:00+00,REGION BIO BIO,TALCAHUANO,COLISION LATERAL,COLISION,URBANA,CRUCE CON SEMAFORO FUNCIONANDO,DESOBEDIENCIA A SENALIZACION,SENALIZACION DESOBEDECER LUZ ROJA DE SEMAFORO,CRISTOBAL COLON, ,- CRISTOBAL COLON,2194, , ,BIDIRECCIONAL CON BANDEJON,CONCRETO,BUENO,SECO,DESPEJADO,0,3,2,8
-8135806.35796863,-4413642.34394604,1237,2024,1591366,-36.817092,-73.085192,1,2024/02/18 00:00:00+00,1899/12/30 00:00:00+00,REGION BIO BIO,HUALPEN,ATROPELLO,ATROPELLO,URBANA,ENLACE A DESNIVEL,IMPRUDENCIA DEL PEATON,PEATON CRUZA CALZADA FUERA PASO PEATONES,COSTANERA,PUENTE JUAN PABLO II,COSTANERA - PUENTE JUAN PABLO II,0, , ,BIDIRECCIONAL CON BANDEJON,CONCRETO,BUENO,SECO,DESPEJADO,0,0,0,0
-8135972.78060737,-4416429.05892708,1238,2024,1600569,-36.83713,-73.086687,1,2024/01/05 00:00:00+00,1899/12/30 00:00:00+00,REGION BIO BIO,SAN PEDRO DE LA PAZ,CHOQUE FRENTE/POSTERIOR,CHOQUE,URBANA,PUENTE,IMPRUDENCIA DEL CONDUCTOR,CONDUCIR VEHICULO EN RETROCESO,PUENTE LLACOLEN, ,- PUENTE LLACOLEN,1, , ,BIDIRECCIONAL CON BANDEJON,CONCRETO,BUENO,SECO,DESPEJADO,0,0,0,0
-8135753.4812105,-4404184.94071473,1239,2024,1585110,-36.749049,-73.084717,1,2024/01/12 00:00:00+00,1899/12/30 00:00:00+00,REGION BIO BIO,TALCAHUANO,IMPACTO CON ANIMAL,OTRO TIPO,URBANA,TRAMO DE VIA RECTA,DEFICIENCIAS VIALES,ANIMALES SUELTOS VIA PUBLICA,CLAUDIO GAY, ,- CLAUDIO GAY,3752, , ,BIDIRECCIONAL,CONCRETO,BUENO,SECO,DESPEJADO,0,0,0,1
-8137835.37832732,-4411033.05038517,1240,2024,1591371,-36.798325,-73.103419,1,2024/02/19 00:00:00+00,1899/12/30 00:00:00+00,REGION BIO BIO,HUALPEN,CHOQUE,CHOQUE,URBANA,CRUCE SIN SENALIZACION,VELOCIDAD IMPRUDENTE,VELOCIDAD MAYOR QUE MAXIMA PERMITIDA,ATENAS,JEREZ,ATENAS - JEREZ,0, , ,BIDIRECCIONAL,CONCRETO,BUENO,SECO,DESPEJADO,0,0,0,0
-8121429.00045472,-4387448.26822522,1241,2024,1600579,-36.628486,-72.956038,1,2024/03/27 00:00:00+00,1899/12/30 00:00:00+00,REGION BIO BIO,TOME,CHOQUE FRENTE/POSTERIOR,CHOQUE,URBANA,TRAMO DE VIA CURVA VERTICAL,IMPRUDENCIA DEL CONDUCTOR,CONDUCCION NO ATENTO CONDICIONES TRANSITO MOMENTO,LATORRE, ,- LATORRE,300, , ,BIDIRECCIONAL CON BANDEJON,CONCRETO,BUENO,SECO,DESPEJADO,0,1,0,0
-8137675.41221905,-4402645.29182754,1242,2024,1585111,-36.737966,-73.101982,1,2024/01/12 00:00:00+00,1899/12/30 00:00:00+00,REGION BIO BIO,TALCAHUANO,CHOQUE FRENTE/POSTERIOR,CHOQUE,URBANA,CRUCE CON SEMAFORO FUNCIONANDO,IMPRUDENCIA DEL CONDUCTOR,CONDUCCION SIN MANTENER DISTANCIA RAZONABLE NI PRUDENTE,CRISTOBAL COLON, ,- CRISTOBAL COLON,2896, , ,BIDIRECCIONAL CON BANDEJON,CONCRETO,BUENO,SECO,DESPEJADO,0,0,0,0
-8053067.2558806,-4505091.10227655,1243,2024,1591469,-37.471913,-72.341934,1,2024/02/10 00:00:00+00,1899/12/30 00:00:00+00,REGION BIO BIO,LOS ANGELES,CHOQUE FRONTAL,CHOQUE,URBANA,TRAMO DE VIA RECTA,IMPRUDENCIA DEL CONDUCTOR,CONDUCCION NO ATENTO CONDICIONES TRANSITO MOMENTO,RICARDO VICUNA,LOS NOTROS,LOS NOTROS - RICARDO VICUNA,0, , ,BIDIRECCIONAL CON BANDEJON,CONCRETO,BUENO,SECO,DESPEJADO,0,0,0,1
-8136623.77698953,-4404675.65241155,1244,2024,1585112,-36.752581,-73.092535,1,2024/01/11 00:00:00+00,1899/12/30 00:00:00+00,REGION BIO BIO,TALCAHUANO,COLISION LATERAL,COLISION,URBANA,CRUCE CON SEMAFORO FUNCIONANDO,DESOBEDIENCIA A SENALIZACION,SENALIZACION DESOBEDECER LUZ ROJA DE SEMAFORO,CRISTOBAL COLON, ,- CRISTOBAL COLON,3300, , ,BIDIRECCIONAL CON BANDEJON,CONCRETO,BUENO,SECO,DESPEJADO,0,0,0,1
-8121350.74285269,-4384310.08659362,1245,2024,1600598,-36.605859,-72.955335,1,2024/03/31 00:00:00+00,1899/12/30 00:00:00+00,REGION BIO BIO,TOME,COLISION LATERAL,COLISION,URBANA,TRAMO DE VIA CURVA VERTICAL,IMPRUDENCIA DEL CONDUCTOR,ADELANTAMIENTO SOBREPASANDO LINEA CONTINUA,VICENTE PALACIOS, ,- VICENTE PALACIOS,2313, , ,BIDIRECCIONAL,CONCRETO,BUENO,SECO,DESPEJADO,0,0,0,0
-8132356.90090742,-4415709.71118005,1246,2024,1591476,-36.831958,-73.054205,1,2024/02/14 00:00:00+00,1899/12/30 00:00:00+00,REGION BIO BIO,CONCEPCION,COLISION PERPENDICULAR,COLISION,URBANA,CRUCE CON SEMAFORO FUNCIONANDO,DESOBEDIENCIA A SENALIZACION,SENALIZACION DESOBEDECER LUZ ROJA DE SEMAFORO,OBISPO HIPOLITO SALAS,COCHRANE,COCHRANE - OBISPO HIPOLITO SALAS,0, , ,UNIDIRECCIONAL,CONCRETO,BUENO,SECO,DESPEJADO,0,0,0,2
-8121513.49194823,-4386747.23947084,1247,2024,1600615,-36.623432,-72.956797,1,2024/04/01 00:00:00+00,1899/12/30 00:00:00+00,REGION BIO BIO,TOME,COLISION PERPENDICULAR,COLISION,URBANA,CRUCE CON SENAL PARE,DESOBEDIENCIA A SENALIZACION,SENALIZACION DESOBEDECER SENAL PARE,LOS SUSPIROS,LATORRE,LATORRE - LOS SUSPIROS,0, , ,BIDIRECCIONAL,CONCRETO,BUENO,SECO,DESPEJADO,0,0,0,2
-8139088.50183518,-4401114.33750127,1248,2024,1585113,-36.726944,-73.114676,1,2024/01/11 00:00:00+00,1899/12/30 00:00:00+00,REGION BIO BIO,TALCAHUANO,COLISION LATERAL,COLISION,URBANA,TRAMO DE VIA RECTA,IMPRUDENCIA DEL CONDUCTOR,CONDUCCION CAMBIAR SORPRESIVAMENTE PISTA CIRCULACION,O'HIGGINS, ,- O'HIGGINS,869, , ,BIDIRECCIONAL,CONCRETO,BUENO,SECO,DESPEJADO,0,0,0,0
-8055669.68293637,-4506199.65466638,1249,2024,1591478,-37.479816,-72.365312,1,2024/02/10 00:00:00+00,1899/12/30 00:00:00+00,REGION BIO BIO,LOS ANGELES,ATROPELLO,ATROPELLO,URBANA,TRAMO DE VIA RECTA,IMPRUDENCIA DEL CONDUCTOR,CONDUCCION NO ATENTO CONDICIONES TRANSITO MOMENTO,VICUNA MACKENNA, ,- VICUNA MACKENNA,1241, , ,UNIDIRECCIONAL,CONCRETO,BUENO,SECO,DESPEJADO,0,0,0,1
-8121496.01478817,-4383729.90055106,1250,2024,1600623,-36.601675,-72.95664,1,2024/04/01 00:00:00+00,1899/12/30 00:00:00+00,REGION BIO BIO,TOME,COLISION,COLISION,URBANA,TRAMO DE VIA CURVA VERTICAL,IMPRUDENCIA DEL CONDUCTOR,CONDUCCION NO ATENTO CONDICIONES TRANSITO MOMENTO,DIPUTADO MARCELO CHAVEZ,ENRIQUE MOLINA,DIPUTADO MARCELO CHAVEZ - ENRIQUE MOLINA,0, , ,BIDIRECCIONAL,CONCRETO,BUENO,SECO,DESPEJADO,0,0,0,0
-8136361.7309082,-4406019.80687602,1251,2024,1585116,-36.762255,-73.090181,1,2024/01/10 00:00:00+00,1899/12/30 00:00:00+00,REGION BIO BIO,TALCAHUANO,CHOQUE POSTERIOR/FRENTE,CHOQUE,URBANA,TRAMO DE VIA RECTA,IMPRUDENCIA DEL CONDUCTOR,CONDUCCION NO ATENTO CONDICIONES TRANSITO MOMENTO,RIO TURBIO, ,- RIO TURBIO,68, , ,BIDIRECCIONAL,CONCRETO,BUENO,SECO,DESPEJADO,0,0,0,0
-8132078.37954146,-4415567.71111817,1252,2024,1591486,-36.830937,-73.051703,1,2024/02/15 00:00:00+00,1899/12/30 00:00:00+00,REGION BIO BIO,CONCEPCION,COLISION PERPENDICULAR,COLISION,URBANA,CRUCE CON SEMAFORO FUNCIONANDO,DESOBEDIENCIA A SENALIZACION,SENALIZACION DESOBEDECER LUZ ROJA DE SEMAFORO,LINCOYAN,COCHRANE,COCHRANE - LINCOYAN,0, , ,UNIDIRECCIONAL,CONCRETO,BUENO,SECO,NUBLADO,0,0,0,0
-8121602.77017985,-4388520.98391859,1253,2024,1600641,-36.636219,-72.957599,1,2024/04/01 00:00:00+00,1899/12/30 00:00:00+00,REGION BIO BIO,TOME,CHOQUE LADO/LADO,CHOQUE,URBANA,OTROS NO CONSIDERADOS,IMPRUDENCIA DEL CONDUCTOR,CONDUCCION NO ATENTO CONDICIONES TRANSITO MOMENTO,EDUARDO DELANO, ,- EDUARDO DELANO,744, , ,BIDIRECCIONAL,CONCRETO,BUENO,SECO,DESPEJADO,0,0,0,0
-8139345.09326146,-4400814.20065655,1254,2024,1585117,-36.724783,-73.116981,1,2024/01/09 00:00:00+00,1899/12/30 00:00:00+00,REGION BIO BIO,TALCAHUANO,CHOQUE FRENTE/POSTERIOR,CHOQUE,URBANA,TRAMO DE VIA RECTA,IMPRUDENCIA DEL CONDUCTOR,CONDUCCION SIN MANTENER DISTANCIA RAZONABLE NI PRUDENTE,PRESIDENTE JORGE ALESSANDRI, ,- PRESIDENTE JORGE ALESSANDRI,5001, , ,BIDIRECCIONAL,CONCRETO,BUENO,SECO,DESPEJADO,0,0,0,0
-8133177.32555457,-4416471.75955891,1255,2024,1591495,-36.837437,-73.061575,1,2024/02/15 00:00:00+00,1899/12/30 00:00:00+00,REGION BIO BIO,CONCEPCION,COLISION PERPENDICULAR,COLISION,URBANA,CRUCE CON SEMAFORO FUNCIONANDO,IMPRUDENCIA DEL CONDUCTOR,CONDUCCION NO ATENTO CONDICIONES TRANSITO MOMENTO,COSTANERA,ESMERALDA,COSTANERA - ESMERALDA,0, , ,UNIDIRECCIONAL,CONCRETO,BUENO,SECO,NUBLADO,0,0,0,0
-8137310.39560874,-4403501.98320915,1256,2024,1585120,-36.744133,-73.098703,1,2024/01/09 00:00:00+00,1899/12/30 00:00:00+00,REGION BIO BIO,TALCAHUANO,COLISION LATERAL,COLISION,URBANA,CRUCE SIN SENALIZACION,IMPRUDENCIA DEL CONDUCTOR,NO RESPETAR DERECHO PREFERENTE DE PASO A VEHICULO,GERMAN RIESCO,DESIDERIO GARCIA,DESIDERIO GARCIA - GERMAN RIESCO,0, , ,BIDIRECCIONAL CON BANDEJON,CONCRETO,BUENO,SECO,DESPEJADO,0,0,0,0
-8131866.53855048,-4415634.60807086,1257,2024,1600865,-36.831418,-73.0498,1,2024/03/28 00:00:00+00,1899/12/30 00:00:00+00,REGION BIO BIO,CONCEPCION,ATROPELLO,ATROPELLO,URBANA,CRUCE CON SEMAFORO FUNCIONANDO,IMPRUDENCIA DEL CONDUCTOR,NO RESPETAR DERECHO PREFERENTE DE PASO A PEATON,RENGO,CHACABUCO,CHACABUCO - RENGO,0, , ,UNIDIRECCIONAL,CONCRETO,BUENO,SECO,DESPEJADO,0,0,0,0
-8131959.60164478,-4414425.79910509,1258,2024,1591512,-36.822726,-73.050636,1,2024/02/15 00:00:00+00,1899/12/30 00:00:00+00,REGION BIO BIO,CONCEPCION,COLISION,COLISION,URBANA,TRAMO DE VIA RECTA,IMPRUDENCIA DEL CONDUCTOR,CONDUCCION CAMBIAR SORPRESIVAMENTE PISTA CIRCULACION,LOS CARRERA,COLO COLO,COLO COLO - LOS CARRERA,0, , ,BIDIRECCIONAL CON BANDEJON,CONCRETO,BUENO,SECO,NUBLADO,0,0,0,1
-8128752.32301896,-4413256.58384739,1259,2024,1600870,-36.814318,-73.021825,1,2024/03/28 00:00:00+00,1899/12/30 00:00:00+00,REGION BIO BIO,CONCEPCION,COLISION,COLISION,URBANA,TRAMO DE VIA RECTA,IMPRUDENCIA DEL CONDUCTOR,CONDUCCION NO ATENTO CONDICIONES TRANSITO MOMENTO,GENERAL BONILLA,TEGUALDA,GENERAL BONILLA - TEGUALDA,0, , ,BIDIRECCIONAL,CONCRETO,BUENO,SECO,DESPEJADO,0,0,0,1
-8138980.18797064,-4400870.03297021,1260,2024,1585123,-36.725185,-73.113703,1,2024/01/08 00:00:00+00,1899/12/30 00:00:00+00,REGION BIO BIO,TALCAHUANO,COLISION LATERAL,COLISION,URBANA,CRUCE SIN SENALIZACION,IMPRUDENCIA DEL CONDUCTOR,NO RESPETAR DERECHO PREFERENTE DE PASO A VEHICULO,BALMACEDA,BARROS ARANA,BALMACEDA - BARROS ARANA,0, , ,BIDIRECCIONAL,CONCRETO,BUENO,SECO,DESPEJADO,0,0,0,0
-8132076.70974909,-4414688.21524488,1261,2024,1591517,-36.824613,-73.051688,1,2024/02/15 00:00:00+00,1899/12/30 00:00:00+00,REGION BIO BIO,CONCEPCION,CHOQUE,CHOQUE,URBANA,CIRCUITO PRIVADO,IMPRUDENCIA DEL CONDUCTOR,CONDUCCION NO ATENTO CONDICIONES TRANSITO MOMENTO,MAIPU, ,- MAIPU,660, , ,BIDIRECCIONAL,CONCRETO,BUENO,SECO,NUBLADO,0,0,0,0
-8170183.04123999,-4550848.15189333,1262,2024,1600973,-37.797425,-73.394003,1,2024/04/01 00:00:00+00,1899/12/30 00:00:00+00,REGION BIO BIO,CANETE,COLISION,COLISION,URBANA,TRAMO DE VIA RECTA,IMPRUDENCIA DEL CONDUCTOR,CONDUCCION NO ATENTO CONDICIONES TRANSITO MOMENTO,PRESIDENTE EDUARDO FREI,TUCAPEL,PRESIDENTE EDUARDO FREI - TUCAPEL,0, , ,BIDIRECCIONAL,ASFALTO,BUENO,SECO,DESPEJADO,0,0,0,0
-8138948.57323525,-4399405.71195009,1263,2024,1585126,-36.714641,-73.113419,1,2024/01/08 00:00:00+00,1899/12/30 00:00:00+00,REGION BIO BIO,TALCAHUANO,ATROPELLO,ATROPELLO,URBANA,TRAMO DE VIA RECTA,IMPRUDENCIA DEL CONDUCTOR,NO RESPETAR DERECHO PREFERENTE DE PASO A PEATON,ANIBAL PINTO, ,- ANIBAL PINTO,220, , ,UNIDIRECCIONAL,CONCRETO,BUENO,SECO,DESPEJADO,0,0,0,1
-8132228.21557606,-4414930.61173704,1264,2024,1591521,-36.826356,-73.053049,1,2024/02/15 00:00:00+00,1899/12/30 00:00:00+00,REGION BIO BIO,CONCEPCION,COLISION LATERAL,COLISION,URBANA,CRUCE CON SEMAFORO FUNCIONANDO,IMPRUDENCIA DEL CONDUCTOR,ADELANTAMIENTO SIN EL ESPACIO O TIEMPO SUFICIENTE,RENGO,FREIRE,FREIRE - RENGO,0, , ,UNIDIRECCIONAL,CONCRETO,BUENO,SECO,NUBLADO,0,0,0,0
-8121088.69677136,-4385976.2164039,1265,2024,1601057,-36.617873,-72.952981,1,2024/04/02 00:00:00+00,1899/12/30 00:00:00+00,REGION BIO BIO,TOME,ATROPELLO,ATROPELLO,URBANA,PASO PARA PEATONES,IMPRUDENCIA DEL CONDUCTOR,NO RESPETAR DERECHO PREFERENTE DE PASO A PEATON,MANUEL MONTT,ANIBAL PINTO,ANIBAL PINTO - MANUEL MONTT,0, , ,UNIDIRECCIONAL,CONCRETO,BUENO,SECO,DESPEJADO,0,1,0,0
-8138141.39560751,-4400747.39670511,1266,2024,1585129,-36.724302,-73.106168,1,2024/01/14 00:00:00+00,1899/12/30 00:00:00+00,REGION BIO BIO,TALCAHUANO,ATROPELLO,ATROPELLO,URBANA,TRAMO DE VIA RECTA,ALCOHOL EN PEATON,EBRIEDAD DEL PEATON,JORDAN VALDIVIESO, ,- JORDAN VALDIVIESO,371, , ,BIDIRECCIONAL CON BANDEJON,CONCRETO,BUENO,SECO,DESPEJADO,0,0,1,0
-8131110.23393003,-4414346.67224368,1267,2024,1591538,-36.822157,-73.043006,1,2024/02/15 00:00:00+00,1899/12/30 00:00:00+00,REGION BIO BIO,CONCEPCION,COLISION PERPENDICULAR,COLISION,URBANA,CRUCE CON SEMAFORO FUNCIONANDO,DESOBEDIENCIA A SENALIZACION,SENALIZACION DESOBEDECER LUZ ROJA DE SEMAFORO,PAICAVI,FREIRE,FREIRE - PAICAVI,0, , ,UNIDIRECCIONAL,CONCRETO,BUENO,SECO,NUBLADO,0,0,0,0
-8136729.08522782,-4404861.82867194,1268,2024,1585130,-36.753921,-73.093481,1,2024/01/08 00:00:00+00,1899/12/30 00:00:00+00,REGION BIO BIO,TALCAHUANO,CHOQUE FRONTAL,CHOQUE,URBANA,TRAMO DE VIA RECTA,ALCOHOL EN CONDUCTOR,CONDUCCION EN ESTADO DE EBRIEDAD,LAS HORTENSIAS, ,- LAS HORTENSIAS,26, , ,BIDIRECCIONAL,CONCRETO,BUENO,SECO,DESPEJADO,0,0,0,0
-8139134.2541459,-4398651.6872433,1269,2024,1601063,-36.709211,-73.115087,1,2024/03/04 00:00:00+00,1899/12/30 00:00:00+00,REGION BIO BIO,TALCAHUANO,CHOQUE FRENTE/POSTERIOR,CHOQUE,URBANA,CRUCE CON SENAL PARE,IMPRUDENCIA DEL CONDUCTOR,CONDUCCION SIN MANTENER DISTANCIA RAZONABLE NI PRUDENTE,GALVEZ, ,- GALVEZ,602, , ,BIDIRECCIONAL,CONCRETO,BUENO,SECO,DESPEJADO,0,0,0,0
-8055191.00912596,-4504707.35136202,1270,2024,1591558,-37.469177,-72.361012,1,2024/02/10 00:00:00+00,1899/12/30 00:00:00+00,REGION BIO BIO,LOS ANGELES,CHOQUE FRONTAL,CHOQUE,URBANA,TRAMO DE VIA RECTA,IMPRUDENCIA DEL CONDUCTOR,CONDUCCION NO ATENTO CONDICIONES TRANSITO MOMENTO,ESTADOS UNIDOS,BELGICA,BELGICA - ESTADOS UNIDOS,0, , ,BIDIRECCIONAL,CONCRETO,BUENO,SECO,DESPEJADO,0,0,0,0
-8136938.81114847,-4388993.63445213,1271,2024,1601064,-36.639626,-73.095365,1,2024/03/26 00:00:00+00,1899/12/30 00:00:00+00,REGION BIO BIO,TALCAHUANO,CHOQUE FRENTE/POSTERIOR,CHOQUE,URBANA,TRAMO DE VIA RECTA,IMPRUDENCIA DEL CONDUCTOR,CONDUCCION NO ATENTO CONDICIONES TRANSITO MOMENTO,MARYLAN, ,- MARYLAN,80, , ,BIDIRECCIONAL,CONCRETO,BUENO,SECO,DESPEJADO,0,0,0,0
-8138422.0320438,-4401257.25616295,1272,2024,1585132,-36.727973,-73.108689,1,2024/01/06 00:00:00+00,1899/12/30 00:00:00+00,REGION BIO BIO,TALCAHUANO,CHOQUE FRENTE/POSTERIOR,CHOQUE,URBANA,OTROS NO CONSIDERADOS,IMPRUDENCIA DEL CONDUCTOR,CONDUCCION NO ATENTO CONDICIONES TRANSITO MOMENTO,PEREZ GACITUA, ,- PEREZ GACITUA,279, , ,BIDIRECCIONAL,CONCRETO,BUENO,SECO,DESPEJADO,0,0,0,0
-8133029.3819513,-4412325.86866424,1273,2024,1591603,-36.807624,-73.060246,1,2024/02/14 00:00:00+00,1899/12/30 00:00:00+00,REGION BIO BIO,CONCEPCION,COLISION PERPENDICULAR,COLISION,URBANA,CRUCE CON SENAL PARE,DESOBEDIENCIA A SENALIZACION,SENALIZACION DESOBEDECER SENAL PARE,ANIBAL PINTO,CALLE UNO,ANIBAL PINTO - CALLE UNO,0, , ,BIDIRECCIONAL,CONCRETO,BUENO,SECO,DESPEJADO,0,0,0,1
-8135948.1789999,-4402978.26390639,1274,2024,1601065,-36.740363,-73.086466,1,2024/03/26 00:00:00+00,1899/12/30 00:00:00+00,REGION BIO BIO,TALCAHUANO,CHOQUE FRENTE/POSTERIOR,CHOQUE,URBANA,TRAMO DE VIA RECTA,IMPRUDENCIA DEL CONDUCTOR,CONDUCCION SIN MANTENER DISTANCIA RAZONABLE NI PRUDENTE,VASCO NUNEZ DE BALBOA, ,- VASCO NUNEZ DE BALBOA,7421, , ,BIDIRECCIONAL,CONCRETO,BUENO,SECO,DESPEJADO,0,0,0,0
-8140278.0619138,-4404556.44573752,1275,2024,1585138,-36.751723,-73.125362,1,2024/01/04 00:00:00+00,1899/12/30 00:00:00+00,REGION BIO BIO,TALCAHUANO,COLISION LATERAL,COLISION,URBANA,ROTONDA,IMPRUDENCIA DEL CONDUCTOR,CONDUCCION CAMBIAR SORPRESIVAMENTE PISTA CIRCULACION,GRAN BRETANA, ,- GRAN BRETANA,2910, , ,BIDIRECCIONAL CON BANDEJON,CONCRETO,BUENO,SECO,DESPEJADO,0,0,0,0
-8129095.68510514,-4412993.40195237,1276,2024,1591605,-36.812425,-73.024909,1,2024/02/10 00:00:00+00,1899/12/30 00:00:00+00,REGION BIO BIO,CONCEPCION,COLISION LATERAL,COLISION,URBANA,ROTONDA,IMPRUDENCIA DEL CONDUCTOR,ADELANTAMIENTO SOBREPASANDO LINEA CONTINUA,GENERAL BONILLA,JOSE MIGUEL GARCIA,GENERAL BONILLA - JOSE MIGUEL GARCIA,0, , ,UNIDIRECCIONAL,CONCRETO,BUENO,SECO,DESPEJADO,0,0,0,0
-8133347.31041701,-4409790.0130096,1277,2024,1601066,-36.789383,-73.063102,1,2024/03/27 00:00:00+00,1899/12/30 00:00:00+00,REGION BIO BIO,TALCAHUANO,IMPACTO CON ANIMAL,OTRO TIPO,URBANA,TRAMO DE VIA RECTA,DEFICIENCIAS VIALES,ANIMALES SUELTOS VIA PUBLICA,PRESIDENTE JORGE ALESSANDRI, ,- PRESIDENTE JORGE ALESSANDRI,4261, , ,BIDIRECCIONAL,CONCRETO,BUENO,SECO,DESPEJADO,0,0,0,0
-8138308.04088523,-4396775.18854991,1278,2024,1585152,-36.695696,-73.107665,1,2024/01/09 00:00:00+00,1899/12/30 00:00:00+00,REGION BIO BIO,TALCAHUANO,COLISION LATERAL,COLISION,URBANA,CRUCE SIN SENALIZACION,IMPRUDENCIA DEL CONDUCTOR,NO RESPETAR DERECHO PREFERENTE DE PASO A VEHICULO,MOLO,JORGE MONTT,JORGE MONTT - MOLO,0, , ,BIDIRECCIONAL,CONCRETO,BUENO,SECO,DESPEJADO,0,0,0,0
-8132749.52475145,-4415803.72989359,1279,2024,1591608,-36.832634,-73.057732,1,2024/02/16 00:00:00+00,1899/12/30 00:00:00+00,REGION BIO BIO,CONCEPCION,CHOQUE POSTERIOR,CHOQUE,URBANA,TRAMO DE VIA RECTA,IMPRUDENCIA DEL CONDUCTOR,CONDUCCION NO ATENTO CONDICIONES TRANSITO MOMENTO,ARTURO PRAT, ,- ARTURO PRAT,289, , ,UNIDIRECCIONAL,CONCRETO,BUENO,SECO,DESPEJADO,0,0,0,0
-8132924.96426894,-4414946.18760405,1280,2024,1585162,-36.826468,-73.059308,1,2024/01/11 00:00:00+00,1899/12/30 00:00:00+00,REGION BIO BIO,CONCEPCION,COLISION LATERAL,COLISION,URBANA,TRAMO DE VIA RECTA,IMPRUDENCIA DEL CONDUCTOR,CONDUCCION NO ATENTO CONDICIONES TRANSITO MOMENTO,LOS CARRERA,SERRANO,LOS CARRERA - SERRANO,0, , ,UNIDIRECCIONAL,CONCRETO,BUENO,SECO,DESPEJADO,0,0,0,0
-8133879.30626351,-4410087.62259247,1281,2024,1601067,-36.791524,-73.067881,1,2024/03/27 00:00:00+00,1899/12/30 00:00:00+00,REGION BIO BIO,TALCAHUANO,COLISION LATERAL,COLISION,URBANA,TRAMO DE VIA RECTA,IMPRUDENCIA DEL CONDUCTOR,NO RESPETAR DERECHO PREFERENTE DE PASO A VEHICULO,PRESIDENTE JORGE ALESSANDRI, ,- PRESIDENTE JORGE ALESSANDRI,3177, , ,BIDIRECCIONAL CON BANDEJON,CONCRETO,BUENO,SECO,DESPEJADO,0,0,0,0
-8143644.2519959,-4441569.20700784,1282,2024,1591614,-37.017664,-73.155601,1,2024/02/11 00:00:00+00,1899/12/30 00:00:00+00,REGION BIO BIO,CORONEL,CHOQUE,CHOQUE,URBANA,TRAMO DE VIA CURVA VERTICAL,IMPRUDENCIA DEL CONDUCTOR,CONDUCCION NO ATENTO CONDICIONES TRANSITO MOMENTO,MANUEL MONTT, ,- MANUEL MONTT,560, , ,UNIDIRECCIONAL,ASFALTO,BUENO,SECO,DESPEJADO,0,0,0,0
-8139345.98381739,-4402442.06867217,1283,2024,1601069,-36.736503,-73.116989,1,2024/03/27 00:00:00+00,1899/12/30 00:00:00+00,REGION BIO BIO,TALCAHUANO,CHOQUE FRENTE/LADO,CHOQUE,URBANA,TRAMO DE VIA RECTA,IMPRUDENCIA DEL CONDUCTOR,CONDUCCION NO ATENTO CONDICIONES TRANSITO MOMENTO,ISLA QUIRIQUINA, ,- ISLA QUIRIQUINA,1180, , ,BIDIRECCIONAL,CONCRETO,BUENO,SECO,DESPEJADO,0,0,0,0