X,Y,FID,Año,IdAccident,Latitud,longitud,ClaseAccid,Fecha,Hora,Región,Comuna,Tipo_Accid,Tipo__CONA,Zona,Ubicación,Causa__CON,Causa_Acci,Calle_Uno,Calle_Dos,Intersecci,Número,Ruta,Ubicaci_1,Calzada,Tipo_Calza,Estado_Cal,Condición,Estado_Atm,Fallecidos,Graves,Menos_Grav,Leves
-8139805.51067538,-4403491.84198105,1438,2024,1592526,-36.74406,-73.121117,1,2024/02/06 00:00:00+00,1899/12/30 00:00:00+00,REGION BIO BIO,TALCAHUANO,OTRO TIPO,OTRO TIPO,URBANA,TRAMO DE VIA RECTA,IMPRUDENCIA DEL CONDUCTOR,CARGA ESCURRE A LA CALZADA,GRAN BRETANA, ,- GRAN BRETANA,2120, , ,BIDIRECCIONAL,CONCRETO,BUENO,SECO,DESPEJADO,0,0,0,0
-8136001.83499447,-4410021.45552065,1439,2024,1602058,-36.791048,-73.086948,1,2024/04/04 00:00:00+00,1899/12/30 00:00:00+00,REGION BIO BIO,HUALPEN,COLISION,COLISION,URBANA,TRAMO DE VIA RECTA,IMPRUDENCIA DEL CONDUCTOR,CONDUCCION NO ATENTO CONDICIONES TRANSITO MOMENTO,CRISTOBAL COLON, ,- CRISTOBAL COLON,8401, , ,BIDIRECCIONAL CON BANDEJON,CONCRETO,BUENO,SECO,DESPEJADO,0,0,0,0
-8138195.49688004,-4404628.13630477,1440,2024,1592528,-36.752239,-73.106654,1,2024/02/06 00:00:00+00,1899/12/30 00:00:00+00,REGION BIO BIO,TALCAHUANO,CHOQUE POSTERIOR/FRENTE,CHOQUE,URBANA,TRAMO DE VIA RECTA,IMPRUDENCIA DEL CONDUCTOR,CONDUCCION NO ATENTO CONDICIONES TRANSITO MOMENTO,DESIDERIO GARCIA, ,- DESIDERIO GARCIA,200, , ,BIDIRECCIONAL,CONCRETO,BUENO,SECO,DESPEJADO,0,0,0,1
-8198729.92277851,-4524179.2643912,1441,2024,1585927,-37.607878,-73.650444,1,2024/01/17 00:00:00+00,1899/12/30 00:00:00+00,REGION BIO BIO,LEBU,COLISION LATERAL,COLISION,URBANA,CRUCE CON SENAL PARE,IMPRUDENCIA DEL CONDUCTOR,CONDUCCION NO ATENTO CONDICIONES TRANSITO MOMENTO,GABRIELA MISTRAL,IGNACIO CARRERA PINTO,GABRIELA MISTRAL - IGNACIO CARRERA PINTO,0, , ,BIDIRECCIONAL,CONCRETO,BUENO,SECO,DESPEJADO,0,0,0,0
-8199434.9091137,-4525048.68795189,1442,2024,1585930,-37.614065,-73.656777,1,2024/01/17 00:00:00+00,1899/12/30 00:00:00+00,REGION BIO BIO,LEBU,CHOQUE FRENTE/FRENTE,CHOQUE,URBANA,TRAMO DE VIA RECTA,ALCOHOL EN CONDUCTOR,CONDUCCION EN ESTADO DE EBRIEDAD,CLAUDIO MATTE, ,- CLAUDIO MATTE,14, , ,UNIDIRECCIONAL,CONCRETO,REGULAR,SECO,DESPEJADO,0,0,2,0
-8128654.97124109,-4430084.0575749,1443,2024,1585992,-36.935241,-73.02095,1,2024/01/01 00:00:00+00,1899/12/30 00:00:00+00,REGION BIO BIO,CHIGUAYANTE,CHOQUE FRENTE/POSTERIOR,CHOQUE,URBANA,TRAMO DE VIA RECTA,IMPRUDENCIA DEL CONDUCTOR,CONDUCCION NO ATENTO CONDICIONES TRANSITO MOMENTO,MANUEL RODRIGUEZ,PROGRESO,MANUEL RODRIGUEZ - PROGRESO,0, , ,BIDIRECCIONAL CON BANDEJON,CONCRETO,BUENO,SECO,DESPEJADO,0,0,0,4
-8136607.85830234,-4404920.46097351,1444,2024,1592529,-36.754343,-73.092392,1,2024/02/06 00:00:00+00,1899/12/30 00:00:00+00,REGION BIO BIO,TALCAHUANO,ATROPELLO,ATROPELLO,URBANA,TRAMO DE VIA RECTA,IMPRUDENCIA DEL CONDUCTOR,NO RESPETAR DERECHO PREFERENTE DE PASO A PEATON,CRISTOBAL COLON, ,- CRISTOBAL COLON,5656, , ,BIDIRECCIONAL CON BANDEJON,CONCRETO,BUENO,SECO,DESPEJADO,0,1,0,0
-8077554.87218735,-4453692.67647977,1445,2024,1585998,-37.104571,-72.56191,1,2024/01/19 00:00:00+00,1899/12/30 00:00:00+00,REGION BIO BIO,YUMBEL,COLISION,COLISION,URBANA,TRAMO DE VIA RECTA,IMPRUDENCIA DEL CONDUCTOR,CONDUCCION NO ATENTO CONDICIONES TRANSITO MOMENTO,GENERAL CRUZ, ,- GENERAL CRUZ,105, , ,UNIDIRECCIONAL,CONCRETO,BUENO,SECO,DESPEJADO,0,0,0,0
-8127683.04076697,-4433298.72389586,1446,2024,1585999,-36.95832,-73.012219,1,2024/01/08 00:00:00+00,1899/12/30 00:00:00+00,REGION BIO BIO,CHIGUAYANTE,COLISION PERPENDICULAR,COLISION,URBANA,TRAMO DE VIA RECTA,IMPRUDENCIA DEL CONDUCTOR,CONDUCCION NO ATENTO CONDICIONES TRANSITO MOMENTO,MANUEL RODRIGUEZ,12 DE OCTUBRE,12 DE OCTUBRE - MANUEL RODRIGUEZ,0, , ,BIDIRECCIONAL CON BANDEJON,CONCRETO,BUENO,SECO,DESPEJADO,0,0,0,0
-8136552.86647389,-4404771.10207316,1447,2024,1592531,-36.753268,-73.091898,1,2024/02/06 00:00:00+00,1899/12/30 00:00:00+00,REGION BIO BIO,TALCAHUANO,COLISION LATERAL,COLISION,URBANA,CRUCE CON SEMAFORO FUNCIONANDO,DESOBEDIENCIA A SENALIZACION,SENALIZACION DESOBEDECER LUZ ROJA DE SEMAFORO,GOMEZ CARRENO,JUAN GUILLERMO SOSA,GOMEZ CARRENO - JUAN GUILLERMO SOSA,0, , ,BIDIRECCIONAL,CONCRETO,BUENO,SECO,DESPEJADO,0,1,0,1
-8128389.91953351,-4430829.86700431,1448,2024,1586000,-36.940596,-73.018569,1,2024/01/09 00:00:00+00,1899/12/30 00:00:00+00,REGION BIO BIO,CHIGUAYANTE,COLISION LATERAL,COLISION,URBANA,TRAMO DE VIA RECTA,IMPRUDENCIA DEL CONDUCTOR,CONDUCCION CAMBIAR SORPRESIVAMENTE PISTA CIRCULACION,MANQUIMAVIDA,MANUEL RODRIGUEZ,MANQUIMAVIDA - MANUEL RODRIGUEZ,0, , ,BIDIRECCIONAL,CONCRETO,BUENO,SECO,DESPEJADO,0,0,0,0
-8135982.35408357,-4406571.60677113,1449,2024,1592533,-36.766226,-73.086773,1,2024/02/15 00:00:00+00,1899/12/30 00:00:00+00,REGION BIO BIO,TALCAHUANO,COLISION LATERAL,COLISION,URBANA,CRUCE CON SEMAFORO FUNCIONANDO,DESOBEDIENCIA A SENALIZACION,SENALIZACION DESOBEDECER LUZ ROJA DE SEMAFORO,CRISTOBAL COLON,LAS HORTENSIAS,CRISTOBAL COLON - LAS HORTENSIAS,0, , ,BIDIRECCIONAL,CONCRETO,BUENO,SECO,DESPEJADO,0,0,0,2
-8139052.76827864,-4407243.64342108,1450,2024,1592537,-36.771062,-73.114355,1,2024/02/14 00:00:00+00,1899/12/30 00:00:00+00,REGION BIO BIO,TALCAHUANO,CHOQUE FRENTE/POSTERIOR,CHOQUE,URBANA,TRAMO DE VIA RECTA,IMPRUDENCIA DEL CONDUCTOR,CONDUCCION SIN MANTENER DISTANCIA RAZONABLE NI PRUDENTE,GRAN BRETANA, ,- GRAN BRETANA,5167, , ,BIDIRECCIONAL,CONCRETO,BUENO,SECO,DESPEJADO,0,0,0,1
-8128968.87864641,-4432333.77698347,1451,2024,1586002,-36.951393,-73.02377,1,2024/01/10 00:00:00+00,1899/12/30 00:00:00+00,REGION BIO BIO,CHIGUAYANTE,COLISION POR ALCANCE,COLISION,URBANA,TRAMO DE VIA RECTA,IMPRUDENCIA DEL CONDUCTOR,CONDUCCION SIN MANTENER DISTANCIA RAZONABLE NI PRUDENTE,PORVENIR,12 DE OCTUBRE,12 DE OCTUBRE - PORVENIR,0, , ,BIDIRECCIONAL,CONCRETO,BUENO,SECO,DESPEJADO,0,0,0,0
-8135994.82186654,-4408849.28224683,1452,2024,1602067,-36.782615,-73.086885,1,2024/04/05 00:00:00+00,1899/12/30 00:00:00+00,REGION BIO BIO,HUALPEN,COLISION,COLISION,URBANA,CRUCE CON SENAL CEDA EL PASO,IMPRUDENCIA DEL CONDUCTOR,CONDUCCION NO ATENTO CONDICIONES TRANSITO MOMENTO,CRISTOBAL COLON,LAS GOLONDRINAS,CRISTOBAL COLON - LAS GOLONDRINAS,0, , ,BIDIRECCIONAL,CONCRETO,BUENO,SECO,DESPEJADO,0,0,0,1
-8138355.24034933,-4403032.02382772,1453,2024,1592538,-36.74075,-73.108089,1,2024/02/16 00:00:00+00,1899/12/30 00:00:00+00,REGION BIO BIO,TALCAHUANO,COLISION LATERAL,COLISION,URBANA,CRUCE CON SEMAFORO FUNCIONANDO,DESOBEDIENCIA A SENALIZACION,SENALIZACION DESOBEDECER LUZ ROJA DE SEMAFORO,ALTO HORNO, ,- ALTO HORNO,702, , ,BIDIRECCIONAL,CONCRETO,BUENO,SECO,DESPEJADO,0,1,0,0
-8136352.23387508,-4408733.02547995,1454,2024,1602074,-36.781779,-73.090096,1,2024/04/05 00:00:00+00,1899/12/30 00:00:00+00,REGION BIO BIO,TALCAHUANO,COLISION,COLISION,URBANA,CRUCE CON SENAL CEDA EL PASO,IMPRUDENCIA DEL CONDUCTOR,NO RESPETAR DERECHO PREFERENTE DE PASO A VEHICULO,2 PONIENTE,LAS GOLONDRINAS,2 PONIENTE - LAS GOLONDRINAS,0, , ,BIDIRECCIONAL,CONCRETO,BUENO,SECO,DESPEJADO,0,0,0,1
-8130069.06273264,-4428287.36646264,1455,2024,1586017,-36.922339,-73.033653,1,2024/01/11 00:00:00+00,1899/12/30 00:00:00+00,REGION BIO BIO,CHIGUAYANTE,CHOQUE LADO/LADO,CHOQUE,URBANA,CRUCE CON SENAL PARE,DESOBEDIENCIA A SENALIZACION,SENALIZACION DESOBEDECER SENAL PARE,PADRES NORBERTINOS, ,- PADRES NORBERTINOS,850, , ,BIDIRECCIONAL,CONCRETO,BUENO,SECO,DESPEJADO,0,0,0,0
-8135993.15207418,-4406126.10707655,1456,2024,1592540,-36.76302,-73.08687,1,2024/02/18 00:00:00+00,1899/12/30 00:00:00+00,REGION BIO BIO,TALCAHUANO,CAIDA,CAIDA,URBANA,CRUCE CON SEMAFORO FUNCIONANDO,DESOBEDIENCIA A SENALIZACION,SENALIZACION DESOBEDECER LUZ ROJA DE SEMAFORO,CRISTOBAL COLON, ,- CRISTOBAL COLON,5539, , ,BIDIRECCIONAL,CONCRETO,BUENO,SECO,DESPEJADO,0,0,0,1
-8143748.89231724,-4440751.54319459,1457,2024,1602077,-37.011799,-73.156541,1,2024/03/19 00:00:00+00,1899/12/30 00:00:00+00,REGION BIO BIO,CORONEL,ATROPELLO,ATROPELLO,URBANA,TRAMO DE VIA RECTA,DESOBEDIENCIA A SENALIZACION,SENALIZACION DESOBEDECER LUZ ROJA DE SEMAFORO,MANUEL MONTT,YOBILO,MANUEL MONTT - YOBILO,0, , ,BIDIRECCIONAL,ASFALTO,BUENO,SECO,DESPEJADO,0,0,0,1
-8131160.99561783,-4420363.80049084,1458,2024,1586021,-36.865414,-73.043462,1,2024/01/11 00:00:00+00,1899/12/30 00:00:00+00,REGION BIO BIO,CHIGUAYANTE,VOLCADURA,VOLCADURA,URBANA,TRAMO DE VIA RECTA,IMPRUDENCIA DEL CONDUCTOR,CONDUCCION NO ATENTO CONDICIONES TRANSITO MOMENTO,CAMINO A CHIGUAYANTE,RAFAEL SOTOMAYOR,CAMINO A CHIGUAYANTE - RAFAEL SOTOMAYOR,0, , ,BIDIRECCIONAL CON BANDEJON,CONCRETO,BUENO,SECO,DESPEJADO,0,0,0,1
-8136114.49031915,-4405889.88584861,1459,2024,1592542,-36.76132,-73.08796,1,2024/01/08 00:00:00+00,1899/12/30 00:00:00+00,REGION BIO BIO,TALCAHUANO,CHOQUE FRENTE/POSTERIOR,CHOQUE,URBANA,CRUCE CON SEMAFORO FUNCIONANDO,IMPRUDENCIA DEL CONDUCTOR,CONDUCCION SIN MANTENER DISTANCIA RAZONABLE NI PRUDENTE,GOMEZ CARRENO, ,- GOMEZ CARRENO,5375, , ,BIDIRECCIONAL,CONCRETO,BUENO,SECO,DESPEJADO,0,0,0,0
-8129831.50693928,-4427575.43060898,1460,2024,1586133,-36.917226,-73.031519,1,2024/01/11 00:00:00+00,1899/12/30 00:00:00+00,REGION BIO BIO,CHIGUAYANTE,COLISION PERPENDICULAR,COLISION,URBANA,CRUCE CON SEMAFORO FUNCIONANDO,IMPRUDENCIA DEL CONDUCTOR,CONDUCCION NO ATENTO CONDICIONES TRANSITO MOMENTO,OROZIMBO BARBOSA,MANUEL RODRIGUEZ,MANUEL RODRIGUEZ - OROZIMBO BARBOSA,0, , ,BIDIRECCIONAL,CONCRETO,BUENO,SECO,DESPEJADO,0,0,0,2
-8139078.37176152,-4396251.244065,1461,2024,1592544,-36.691922,-73.114585,1,2024/02/20 00:00:00+00,1899/12/30 00:00:00+00,REGION BIO BIO,TALCAHUANO,CAIDA,CAIDA,URBANA,TRAMO DE VIA RECTA,IMPRUDENCIA DEL CONDUCTOR,CONDUCCION NO ATENTO CONDICIONES TRANSITO MOMENTO,MICHIMALONGO, ,- MICHIMALONGO,3685, , ,BIDIRECCIONAL,CONCRETO,BUENO,SECO,DESPEJADO,0,1,0,0
-8140070.67370245,-4399916.06277888,1462,2024,1602089,-36.718316,-73.123499,1,2024/04/01 00:00:00+00,1899/12/30 00:00:00+00,REGION BIO BIO,TALCAHUANO,CHOQUE POSTERIOR/FRENTE,CHOQUE,URBANA,TRAMO DE VIA RECTA,IMPRUDENCIA DEL CONDUCTOR,CONDUCCION SIN MANTENER DISTANCIA RAZONABLE NI PRUDENTE,PRINCIPAL, ,- PRINCIPAL,350, , ,BIDIRECCIONAL,CONCRETO,BUENO,SECO,DESPEJADO,0,0,0,0
-8139139.93143993,-4407914.33267632,1463,2024,1592546,-36.775888,-73.115138,1,2024/02/14 00:00:00+00,1899/12/30 00:00:00+00,REGION BIO BIO,HUALPEN,CHOQUE POSTERIOR/LADO,CHOQUE,URBANA,TRAMO DE VIA RECTA,IMPRUDENCIA DEL CONDUCTOR,CONDUCCION NO ATENTO CONDICIONES TRANSITO MOMENTO,LENGA, ,- LENGA,294, , ,BIDIRECCIONAL,CONCRETO,BUENO,SECO,DESPEJADO,0,0,0,1
-8139096.7394775,-4400435.88193205,1464,2024,1602092,-36.722059,-73.11475,1,2024/04/02 00:00:00+00,1899/12/30 00:00:00+00,REGION BIO BIO,TALCAHUANO,COLISION LATERAL,COLISION,URBANA,TRAMO DE VIA RECTA,IMPRUDENCIA DEL CONDUCTOR,VIRAJES INDEBIDOS,ORELLA,BARRAZA,BARRAZA - ORELLA,0, , ,BIDIRECCIONAL,CONCRETO,BUENO,SECO,DESPEJADO,0,0,0,0
-8119901.91968001,-4436955.00805748,1465,2024,1586155,-36.984561,-72.94232,1,2024/01/20 00:00:00+00,1899/12/30 00:00:00+00,REGION BIO BIO,HUALQUI,CHOQUE FRONTAL,CHOQUE,URBANA,TRAMO DE VIA RECTA,ALCOHOL EN CONDUCTOR,CONDUCCION EN ESTADO DE EBRIEDAD,21 DE MAYO,LAS VIOLETAS,21 DE MAYO - LAS VIOLETAS,0, , ,BIDIRECCIONAL,RIPIO,REGULAR, ,DESPEJADO,1,0,0,1
-8134868.15730023,-4411930.17925183,1466,2024,1592579,-36.804778,-73.076764,1,2024/02/22 00:00:00+00,1899/12/30 00:00:00+00,REGION BIO BIO,HUALPEN,COLISION,COLISION,URBANA,ENLACE A DESNIVEL,IMPRUDENCIA DEL CONDUCTOR,CONDUCCION NO ATENTO CONDICIONES TRANSITO MOMENTO,CRISTOBAL COLON,PRESIDENTE JORGE ALESSANDRI RODRIGUEZ,CRISTOBAL COLON - PRESIDENTE JORGE ALESSANDRI RODRIGUEZ,0, , ,BIDIRECCIONAL CON BANDEJON,CONCRETO,BUENO,HUMEDO,LLOVIZNA,0,0,0,0
-8139258.93197559,-4401795.47530655,1467,2024,1602093,-36.731848,-73.116207,1,2024/04/03 00:00:00+00,1899/12/30 00:00:00+00,REGION BIO BIO,TALCAHUANO,COLISION LATERAL,COLISION,URBANA,TRAMO DE VIA RECTA,IMPRUDENCIA DEL CONDUCTOR,VIRAJES INDEBIDOS,ALTO HORNO, ,- ALTO HORNO,102, , ,BIDIRECCIONAL CON BANDEJON,CONCRETO,BUENO,SECO,DESPEJADO,0,0,0,0
-8119763.66087245,-4384643.59687821,1468,2024,1586177,-36.608264,-72.941078,1,2024/01/21 00:00:00+00,1899/12/30 00:00:00+00,REGION BIO BIO,TOME,CHOQUE,CHOQUE,URBANA,TRAMO DE VIA RECTA,ALCOHOL EN CONDUCTOR,CONDUCCION EN ESTADO DE EBRIEDAD,HORIZONTE DEL MAR,CAMINO A VEGUILLAS,CAMINO A VEGUILLAS - HORIZONTE DEL MAR,0, , ,BIDIRECCIONAL,CONCRETO,BUENO,SECO,DESPEJADO,0,0,0,1
-8134868.15730023,-4411930.17925183,1469,2024,1592603,-36.804778,-73.076764,1,2024/02/23 00:00:00+00,1899/12/30 00:00:00+00,REGION BIO BIO,HUALPEN,COLISION,COLISION,URBANA,TRAMO DE VIA RECTA,IMPRUDENCIA DEL CONDUCTOR,CONDUCCION NO ATENTO CONDICIONES TRANSITO MOMENTO,CRISTOBAL COLON,PRESIDENTE JORGE ALESSANDRI RODRIGUEZ,CRISTOBAL COLON - PRESIDENTE JORGE ALESSANDRI RODRIGUEZ,0, , ,BIDIRECCIONAL,CONCRETO,BUENO,SECO,DESPEJADO,0,0,0,0
-8138140.95032955,-4402172.59212873,1470,2024,1602094,-36.734563,-73.106164,1,2024/04/03 00:00:00+00,1899/12/30 00:00:00+00,REGION BIO BIO,TALCAHUANO,COLISION POR ALCANCE,COLISION,URBANA,TRAMO DE VIA RECTA,IMPRUDENCIA DEL CONDUCTOR,CONDUCCION SIN MANTENER DISTANCIA RAZONABLE NI PRUDENTE,CRISTOBAL COLON, ,- CRISTOBAL COLON,2512, , ,BIDIRECCIONAL CON BANDEJON,CONCRETO,BUENO,SECO,DESPEJADO,0,0,0,1
-8138423.81315565,-4410069.69071937,1471,2024,1592615,-36.791395,-73.108705,1,2024/02/25 00:00:00+00,1899/12/30 00:00:00+00,REGION BIO BIO,HUALPEN,COLISION,COLISION,URBANA,CRUCE SIN SENALIZACION,IMPRUDENCIA DEL CONDUCTOR,CONDUCCION NO ATENTO CONDICIONES TRANSITO MOMENTO,GRAN BRETANA,SELESIA,GRAN BRETANA - SELESIA,0, , ,BIDIRECCIONAL,CONCRETO,BUENO,SECO,DESPEJADO,0,0,0,0
-8138798.95983963,-4399263.37355602,1472,2024,1602095,-36.713616,-73.112075,1,2024/04/03 00:00:00+00,1899/12/30 00:00:00+00,REGION BIO BIO,TALCAHUANO,COLISION LATERAL,COLISION,URBANA,TRAMO DE VIA RECTA,IMPRUDENCIA DEL CONDUCTOR,NO RESPETAR DERECHO PREFERENTE DE PASO A VEHICULO,BLANCO ENCALADA, ,- BLANCO ENCALADA,450, , ,BIDIRECCIONAL CON BANDEJON,CONCRETO,BUENO,SECO,DESPEJADO,0,1,0,0
-8169609.41190394,-4549856.98012634,1473,2024,1586256,-37.790389,-73.38885,1,2024/01/20 00:00:00+00,1899/12/30 00:00:00+00,REGION BIO BIO,CANETE,COLISION,COLISION,URBANA,TRAMO DE VIA RECTA,IMPRUDENCIA DEL CONDUCTOR,CONDUCCION NO ATENTO CONDICIONES TRANSITO MOMENTO,PRESIDENTE EDUARDO FREI, ,- PRESIDENTE EDUARDO FREI,1063, , ,BIDIRECCIONAL,ASFALTO,BUENO,SECO,DESPEJADO,0,0,0,1
-8121565.58946992,-4386392.85876963,1474,2024,1592762,-36.620877,-72.957265,1,2024/02/08 00:00:00+00,1899/12/30 00:00:00+00,REGION BIO BIO,TOME,COLISION LATERAL,COLISION,URBANA,TRAMO DE VIA RECTA,IMPRUDENCIA DEL CONDUCTOR,CONDUCCION NO ATENTO CONDICIONES TRANSITO MOMENTO,LATORRE, ,- LATORRE,750, , ,BIDIRECCIONAL CON BANDEJON,CONCRETO,BUENO,SECO,DESPEJADO,0,0,0,0
-8121675.79576581,-4385841.13012063,1475,2024,1586257,-36.616899,-72.958255,1,2024/01/22 00:00:00+00,1899/12/30 00:00:00+00,REGION BIO BIO,TOME,COLISION LATERAL,COLISION,URBANA,TRAMO DE VIA RECTA,IMPRUDENCIA DEL CONDUCTOR,CONDUCCION NO ATENTO CONDICIONES TRANSITO MOMENTO,NOGUEIRA,IGNACIO SERRANO,IGNACIO SERRANO - NOGUEIRA,0, , ,BIDIRECCIONAL,CONCRETO,BUENO,SECO,DESPEJADO,0,0,0,1
-8135915.67370859,-4407011.98332054,1476,2024,1602096,-36.769395,-73.086174,1,2024/04/01 00:00:00+00,1899/12/30 00:00:00+00,REGION BIO BIO,TALCAHUANO,COLISION LATERAL,COLISION,URBANA,TRAMO DE VIA RECTA,IMPRUDENCIA DEL CONDUCTOR,ADELANTAMIENTO SIN EL ESPACIO O TIEMPO SUFICIENTE,CRISTOBAL COLON, ,- CRISTOBAL COLON,5998, , ,BIDIRECCIONAL,CONCRETO,BUENO,SECO,DESPEJADO,0,0,0,1
-8122692.6993142,-4384539.17445252,1477,2024,1592764,-36.607511,-72.96739,1,2024/02/10 00:00:00+00,1899/12/30 00:00:00+00,REGION BIO BIO,TOME,CHOQUE LADO/LADO,CHOQUE,URBANA,TRAMO DE VIA RECTA,IMPRUDENCIA DEL CONDUCTOR,CONDUCCION NO ATENTO CONDICIONES TRANSITO MOMENTO,CARLOS WERNER,AYSEN,AYSEN - CARLOS WERNER,0, , ,BIDIRECCIONAL,CONCRETO,BUENO,SECO,DESPEJADO,0,0,0,0
-8151827.4590836,-4581489.92138055,1478,2024,1586258,-38.01461,-73.229112,1,2024/01/20 00:00:00+00,1899/12/30 00:00:00+00,REGION BIO BIO,CONTULMO,COLISION,COLISION,URBANA,TRAMO DE VIA RECTA,IMPRUDENCIA DEL CONDUCTOR,CONDUCCION NO ATENTO CONDICIONES TRANSITO MOMENTO,LOS NOTROS,LANALHUE,LANALHUE - LOS NOTROS,0, , ,BIDIRECCIONAL,CONCRETO,BUENO,SECO,DESPEJADO,0,0,0,0
-8135999.83124363,-4403639.93265352,1479,2024,1602097,-36.745126,-73.08693,1,2024/04/03 00:00:00+00,1899/12/30 00:00:00+00,REGION BIO BIO,TALCAHUANO,COLISION LATERAL,COLISION,URBANA,CRUCE CON SEMAFORO FUNCIONANDO,DESOBEDIENCIA A SENALIZACION,SENALIZACION DESOBEDECER LUZ ROJA DE SEMAFORO,ALMIRANTE NEFF,CRISTOBAL COLON,ALMIRANTE NEFF - CRISTOBAL COLON,0, , ,BIDIRECCIONAL CON BANDEJON,CONCRETO,BUENO,SECO,DESPEJADO,0,0,0,1
-8121675.79576581,-4385841.13012063,1480,2024,1592768,-36.616899,-72.958255,1,2024/02/12 00:00:00+00,1899/12/30 00:00:00+00,REGION BIO BIO,TOME,COLISION PERPENDICULAR,COLISION,URBANA,CRUCE CON SEMAFORO FUNCIONANDO,DESOBEDIENCIA A SENALIZACION,SENALIZACION DESOBEDECER LUZ ROJA DE SEMAFORO,NOGUEIRA,IGNACIO SERRANO,IGNACIO SERRANO - NOGUEIRA,0, , ,UNIDIRECCIONAL,CONCRETO,BUENO,SECO,DESPEJADO,0,0,0,0
-8136392.56640715,-4412282.3504511,1481,2024,1586261,-36.807311,-73.090458,1,2024/01/19 00:00:00+00,1899/12/30 00:00:00+00,REGION BIO BIO,HUALPEN,COLISION,COLISION,URBANA,TRAMO DE VIA RECTA,VELOCIDAD IMPRUDENTE,VELOCIDAD NO RAZONABLE NI PRUDENTE,COSTANERA, ,- COSTANERA,9781, , ,BIDIRECCIONAL CON BANDEJON,CONCRETO,BUENO,SECO,DESPEJADO,1,3,0,5
-8138458.87879525,-4399694.2828342,1482,2024,1602100,-36.716719,-73.10902,1,2024/04/03 00:00:00+00,1899/12/30 00:00:00+00,REGION BIO BIO,TALCAHUANO,ATROPELLO,ATROPELLO,URBANA,CRUCE CON SENAL CEDA EL PASO,DESOBEDIENCIA A SENALIZACION,SENALIZACION DESOBEDECER SENAL CEDA EL PASO,BAQUEDANO, ,- BAQUEDANO,797, , ,BIDIRECCIONAL,CONCRETO,BUENO,SECO,DESPEJADO,0,0,0,1
-8120944.42671129,-4388347.3001569,1483,2024,1592791,-36.634967,-72.951685,1,2024/02/13 00:00:00+00,1899/12/30 00:00:00+00,REGION BIO BIO,TOME,CHOQUE POSTERIOR/POSTERIOR,CHOQUE,URBANA,TRAMO DE VIA RECTA,IMPRUDENCIA DEL CONDUCTOR,CONDUCIR VEHICULO EN RETROCESO,LOS CEREZOS, ,- LOS CEREZOS,1, , ,BIDIRECCIONAL,ASFALTO,BUENO,SECO,DESPEJADO,0,0,0,0
-8138126.81275422,-4411277.30996886,1484,2024,1602110,-36.800082,-73.106037,1,2024/04/05 00:00:00+00,1899/12/30 00:00:00+00,REGION BIO BIO,HUALPEN,COLISION,COLISION,URBANA,CRUCE SIN SENALIZACION,IMPRUDENCIA DEL CONDUCTOR,CONDUCCION NO ATENTO CONDICIONES TRANSITO MOMENTO,ATENAS,GRAN BRETANA,ATENAS - GRAN BRETANA,0, , ,BIDIRECCIONAL,CONCRETO,BUENO,SECO,DESPEJADO,0,0,0,0
-8123009.73722398,-4384146.73275156,1485,2024,1592828,-36.604681,-72.970238,1,2024/02/14 00:00:00+00,1899/12/30 00:00:00+00,REGION BIO BIO,TOME,COLISION PERPENDICULAR,COLISION,URBANA,CRUCE SIN SENALIZACION,IMPRUDENCIA DEL CONDUCTOR,CONDUCCION NO ATENTO CONDICIONES TRANSITO MOMENTO,CARLOS WERNER,LOS CIRUELOS,CARLOS WERNER - LOS CIRUELOS,0, , ,BIDIRECCIONAL,CONCRETO,BUENO,SECO,DESPEJADO,0,0,0,1
-8121607.22295948,-4388526.39424084,1486,2024,1592871,-36.636258,-72.957639,1,2024/02/15 00:00:00+00,1899/12/30 00:00:00+00,REGION BIO BIO,TOME,COLISION PERPENDICULAR,COLISION,URBANA,CRUCE CON SENAL CEDA EL PASO,IMPRUDENCIA DEL CONDUCTOR,NO RESPETAR DERECHO PREFERENTE DE PASO A VEHICULO,EDUARDO DELANO,LATORRE,EDUARDO DELANO - LATORRE,0, , ,BIDIRECCIONAL,CONCRETO,BUENO,SECO,DESPEJADO,0,0,0,2
-8121228.5140518,-4385428.39245996,1487,2024,1592942,-36.613923,-72.954237,1,2024/02/18 00:00:00+00,1899/12/30 00:00:00+00,REGION BIO BIO,TOME,COLISION PERPENDICULAR,COLISION,URBANA,CRUCE CON SENAL PARE,DESOBEDIENCIA A SENALIZACION,SENALIZACION DESOBEDECER SENAL PARE,O'HIGGINS,NOGUEIRA,NOGUEIRA - O'HIGGINS,0, , ,BIDIRECCIONAL,CONCRETO,BUENO,HUMEDO,DESPEJADO,0,0,0,1
-8123303.84331866,-4398087.52275903,1488,2024,1586330,-36.705148,-72.97288,1,2024/01/19 00:00:00+00,1899/12/30 00:00:00+00,REGION BIO BIO,PENCO,VOLCADURA,VOLCADURA,URBANA,TRAMO DE VIA RECTA,IMPRUDENCIA DEL CONDUCTOR,CONDUCCION NO ATENTO CONDICIONES TRANSITO MOMENTO,RIO BIO BIO, ,- RIO BIO BIO,78, , ,UNIDIRECCIONAL,ASFALTO,BUENO,SECO,DESPEJADO,0,0,0,0