X,Y,FID,Año,IdAccident,Latitud,longitud,ClaseAccid,Fecha,Hora,Región,Comuna,Tipo_Accid,Tipo__CONA,Zona,Ubicación,Causa__CON,Causa_Acci,Calle_Uno,Calle_Dos,Intersecci,Número,Ruta,Ubicaci_1,Calzada,Tipo_Calza,Estado_Cal,Condición,Estado_Atm,Fallecidos,Graves,Menos_Grav,Leves
-8132539.24223334,-4413625.79661554,1590,2024,1593520,-36.816973,-73.055843,1,2024/02/24 00:00:00+00,1899/12/30 00:00:00+00,REGION BIO BIO,CONCEPCION,COLISION LATERAL,COLISION,URBANA,TRAMO DE VIA RECTA,IMPRUDENCIA DEL CONDUCTOR,CONDUCCION CAMBIAR SORPRESIVAMENTE PISTA CIRCULACION,MANUEL RODRIGUEZ,ANIBAL PINTO,ANIBAL PINTO - MANUEL RODRIGUEZ,0, , ,BIDIRECCIONAL CON BANDEJON,CONCRETO,BUENO,SECO,DESPEJADO,0,0,0,0
-8139165.86888128,-4416550.90222554,1591,2024,1602403,-36.838006,-73.115371,1,2024/04/05 00:00:00+00,1899/12/30 00:00:00+00,REGION BIO BIO,SAN PEDRO DE LA PAZ,COLISION LATERAL,COLISION,URBANA,CRUCE CON SEMAFORO FUNCIONANDO,IMPRUDENCIA DEL CONDUCTOR,CONDUCCION CAMBIAR SORPRESIVAMENTE PISTA CIRCULACION,PEDRO AGUIRRE CERDA,LOS AVELLANOS,LOS AVELLANOS - PEDRO AGUIRRE CERDA,0, , ,BIDIRECCIONAL CON BANDEJON,CONCRETO,BUENO,SECO,DESPEJADO,0,0,0,1
-8138538.80618964,-4410383.01632031,1592,2024,1586898,-36.793649,-73.109738,1,2024/01/22 00:00:00+00,1899/12/30 00:00:00+00,REGION BIO BIO,HUALPEN,COLISION,COLISION,URBANA,CRUCE CON SENAL CEDA EL PASO,IMPRUDENCIA DEL CONDUCTOR,CONDUCIR VEHICULO EN RETROCESO,PASAJE CINCO,PASAJE QUINCE,PASAJE CINCO - PASAJE QUINCE,0, , ,BIDIRECCIONAL,CONCRETO,BUENO,SECO,DESPEJADO,0,0,0,0
-8136926.3433655,-4417316.48839888,1593,2024,1593526,-36.84351,-73.095253,1,2024/02/09 00:00:00+00,1899/12/30 00:00:00+00,REGION BIO BIO,SAN PEDRO DE LA PAZ,COLISION LATERAL,COLISION,URBANA,TRAMO DE VIA RECTA,IMPRUDENCIA DEL CONDUCTOR,CONDUCCION NO ATENTO CONDICIONES TRANSITO MOMENTO,MICHIMALONCO, ,- MICHIMALONCO,1100, , ,BIDIRECCIONAL CON BANDEJON,ASFALTO,BUENO,SECO,DESPEJADO,0,0,0,1
-8137379.07973456,-4415662.42397542,1594,2024,1602406,-36.831618,-73.09932,1,2024/04/06 00:00:00+00,1899/12/30 00:00:00+00,REGION BIO BIO,SAN PEDRO DE LA PAZ,COLISION POR ALCANCE,COLISION,URBANA,PUENTE,IMPRUDENCIA DEL CONDUCTOR,CONDUCCION NO ATENTO CONDICIONES TRANSITO MOMENTO,PUENTE JUAN PABLO II, ,- PUENTE JUAN PABLO II,1, , ,BIDIRECCIONAL CON BANDEJON,CONCRETO,BUENO,SECO,DESPEJADO,0,0,0,2
-8132074.92863724,-4417974.31893417,1595,2024,1593541,-36.848239,-73.051672,1,2024/02/24 00:00:00+00,1899/12/30 00:00:00+00,REGION BIO BIO,CONCEPCION,COLISION PERPENDICULAR,COLISION,URBANA,CRUCE CON SEMAFORO FUNCIONANDO,ALCOHOL EN CONDUCTOR,CONDUCCION EN ESTADO DE EBRIEDAD,PEDRO DE VALDIVIA, ,- PEDRO DE VALDIVIA,1214, , ,BIDIRECCIONAL CON BANDEJON,CONCRETO,BUENO,SECO,DESPEJADO,0,0,0,1
-8135753.81516898,-4411366.42371061,1596,2024,1602409,-36.800723,-73.08472,1,2024/04/08 00:00:00+00,1899/12/30 00:00:00+00,REGION BIO BIO,HUALPEN,CHOQUE,CHOQUE,URBANA,TRAMO DE VIA RECTA,IMPRUDENCIA DEL CONDUCTOR,CONDUCCION SIN MANTENER DISTANCIA RAZONABLE NI PRUDENTE,CRISTOBAL COLON, ,- CRISTOBAL COLON,8956, , ,BIDIRECCIONAL CON BANDEJON,CONCRETO,BUENO,SECO,DESPEJADO,0,0,0,0
-8143793.19747458,-4441417.79851281,1597,2024,1586902,-37.016578,-73.156939,1,2024/01/05 00:00:00+00,1899/12/30 00:00:00+00,REGION BIO BIO,CORONEL,CHOQUE,CHOQUE,URBANA,TRAMO DE VIA RECTA,IMPRUDENCIA DEL CONDUCTOR,CONDUCCION NO ATENTO CONDICIONES TRANSITO MOMENTO,GENERAL CARLOS PRATS,CRUZ MORA,CRUZ MORA - GENERAL CARLOS PRATS,0, , ,UNIDIRECCIONAL,ASFALTO,BUENO,SECO,DESPEJADO,0,0,0,0
-8132163.87291038,-4414716.44587755,1598,2024,1593551,-36.824816,-73.052471,1,2024/02/24 00:00:00+00,1899/12/30 00:00:00+00,REGION BIO BIO,CONCEPCION,ATROPELLO,ATROPELLO,URBANA,CRUCE CON SEMAFORO FUNCIONANDO,IMPRUDENCIA DEL CONDUCTOR,NO RESPETAR DERECHO PREFERENTE DE PASO A PEATON,MAIPU,CAUPOLICAN,CAUPOLICAN - MAIPU,0, , ,UNIDIRECCIONAL,CONCRETO,BUENO,SECO,DESPEJADO,0,1,0,0
-8139085.16225046,-4407329.94400236,1599,2024,1586911,-36.771683,-73.114646,1,2024/01/23 00:00:00+00,1899/12/30 00:00:00+00,REGION BIO BIO,HUALPEN,COLISION,COLISION,URBANA,ROTONDA,IMPRUDENCIA DEL CONDUCTOR,CONDUCCION SIN MANTENER DISTANCIA RAZONABLE NI PRUDENTE,GRAN BRETANA,COSTANERA,COSTANERA - GRAN BRETANA,0, , ,BIDIRECCIONAL CON BANDEJON,CONCRETO,BUENO,SECO,DESPEJADO,0,0,0,0
-8199579.84709072,-4524498.66761605,1600,2024,1602412,-37.610151,-73.658079,1,2024/04/01 00:00:00+00,1899/12/30 00:00:00+00,REGION BIO BIO,LEBU,COLISION LATERAL,COLISION,URBANA,CRUCE CON SENAL PARE,IMPRUDENCIA DEL CONDUCTOR,CONDUCCION NO ATENTO CONDICIONES TRANSITO MOMENTO,MACKAY,ANDRES BELLO,ANDRES BELLO - MACKAY,0, , ,UNIDIRECCIONAL,ASFALTO,BUENO,SECO,DESPEJADO,0,0,0,0
-8137429.31462513,-4416653.23311975,1601,2024,1593554,-36.838742,-73.099771,1,2024/02/09 00:00:00+00,1899/12/30 00:00:00+00,REGION BIO BIO,SAN PEDRO DE LA PAZ,COLISION LATERAL,COLISION,URBANA,CRUCE CON SENAL CEDA EL PASO,IMPRUDENCIA DEL CONDUCTOR,CONDUCCION NO ATENTO CONDICIONES TRANSITO MOMENTO,PRESIDENTE JORGE ALESSANDRI,PEDRO AGUIRRE CERDA,PEDRO AGUIRRE CERDA - PRESIDENTE JORGE ALESSANDRI,0, , ,UNIDIRECCIONAL,CONCRETO,BUENO,SECO,DESPEJADO,0,0,0,1
-8138793.05990661,-4408035.24468007,1602,2024,1586939,-36.776758,-73.112022,1,2024/01/24 00:00:00+00,1899/12/30 00:00:00+00,REGION BIO BIO,HUALPEN,COLISION,COLISION,URBANA,TRAMO DE VIA RECTA,IMPRUDENCIA DEL CONDUCTOR,ADELANTAMIENTO SIN EL ESPACIO O TIEMPO SUFICIENTE,LAS GOLONDRINAS,GRAN BRETANA,GRAN BRETANA - LAS GOLONDRINAS,0, , ,BIDIRECCIONAL,CONCRETO,BUENO,SECO,NUBLADO,0,0,0,0
-8136926.3433655,-4417316.48839888,1603,2024,1602419,-36.84351,-73.095253,1,2024/04/07 00:00:00+00,1899/12/30 00:00:00+00,REGION BIO BIO,SAN PEDRO DE LA PAZ,CHOQUE FRENTE/POSTERIOR,CHOQUE,URBANA,TRAMO DE VIA RECTA,IMPRUDENCIA DEL CONDUCTOR,CONDUCCION SIN MANTENER DISTANCIA RAZONABLE NI PRUDENTE,MICHIMALONCO, ,- MICHIMALONCO,1100, , ,BIDIRECCIONAL CON BANDEJON,CONCRETO,BUENO,SECO,DESPEJADO,0,0,0,0
-8141829.52165698,-4418186.04636156,1604,2024,1593556,-36.849761,-73.139299,1,2024/02/10 00:00:00+00,1899/12/30 00:00:00+00,REGION BIO BIO,SAN PEDRO DE LA PAZ,COLISION LATERAL,COLISION,URBANA,TRAMO DE VIA RECTA,IMPRUDENCIA DEL CONDUCTOR,ADELANTAMIENTO SIN EL ESPACIO O TIEMPO SUFICIENTE,LAS MARGARITAS, ,- LAS MARGARITAS,1809, , ,BIDIRECCIONAL,CONCRETO,REGULAR,SECO,NEBLINA,0,0,0,0
-8130596.04920205,-4414689.04964674,1605,2024,1586956,-36.824619,-73.038387,1,2024/01/21 00:00:00+00,1899/12/30 00:00:00+00,REGION BIO BIO,CONCEPCION,CHOQUE FRONTAL,CHOQUE,URBANA,TRAMO DE VIA RECTA,DROGAS Y/O FATIGA EN CONDUCTOR,"CONDICIONES FISICAS DEFICIENTES (CANSANCIO, SUENO)",SAN MARTIN, ,- SAN MARTIN,1436, , ,UNIDIRECCIONAL,CONCRETO,BUENO,SECO,DESPEJADO,0,1,0,0
-8197546.2626329,-4522594.7583943,1606,2024,1602431,-37.596601,-73.639811,1,2024/04/03 00:00:00+00,1899/12/30 00:00:00+00,REGION BIO BIO,LEBU,COLISION LATERAL,COLISION,URBANA,CRUCE SIN SENALIZACION,IMPRUDENCIA DEL CONDUCTOR,CONDUCCION NO ATENTO CONDICIONES TRANSITO MOMENTO,JORGE ALESSANDRI,IGNACIO CARRERA PINTO,IGNACIO CARRERA PINTO - JORGE ALESSANDRI,0, , ,BIDIRECCIONAL,ASFALTO,BUENO,SECO,DESPEJADO,0,0,0,5
-8132012.03312494,-4415696.4985576,1607,2024,1593567,-36.831863,-73.051107,1,2024/02/25 00:00:00+00,1899/12/30 00:00:00+00,REGION BIO BIO,CONCEPCION,COLISION PERPENDICULAR,COLISION,URBANA,CRUCE CON SEMAFORO FUNCIONANDO,DESOBEDIENCIA A SENALIZACION,SENALIZACION DESOBEDECER LUZ ROJA DE SEMAFORO,CHACABUCO,LINCOYAN,CHACABUCO - LINCOYAN,0, , ,UNIDIRECCIONAL,CONCRETO,BUENO,SECO,DESPEJADO,0,0,0,0
-8076796.89777453,-4454022.64709921,1608,2024,1602432,-37.106935,-72.555101,1,2024/03/19 00:00:00+00,1899/12/30 00:00:00+00,REGION BIO BIO,YUMBEL,COLISION,COLISION,URBANA,TRAMO DE VIA RECTA,IMPRUDENCIA DEL CONDUCTOR,CONDUCCION NO ATENTO CONDICIONES TRANSITO MOMENTO,GOYCOLEA, ,- GOYCOLEA,80, , ,BIDIRECCIONAL,ASFALTO,BUENO,SECO,DESPEJADO,0,0,0,1
-8139315.92755487,-4415497.1985693,1609,2024,1593571,-36.83043,-73.116719,1,2024/02/11 00:00:00+00,1899/12/30 00:00:00+00,REGION BIO BIO,SAN PEDRO DE LA PAZ,COLISION POR ALCANCE,COLISION,URBANA,TRAMO DE VIA RECTA,ALCOHOL EN CONDUCTOR,CONDUCCION EN ESTADO DE EBRIEDAD,VICTORIA, ,- VICTORIA,150, , ,BIDIRECCIONAL CON BANDEJON,ASFALTO,BUENO,SECO,DESPEJADO,0,0,0,5
-8129095.68510514,-4412993.40195237,1610,2024,1586961,-36.812425,-73.024909,1,2024/01/22 00:00:00+00,1899/12/30 00:00:00+00,REGION BIO BIO,CONCEPCION,COLISION,COLISION,URBANA,TRAMO DE VIA RECTA,IMPRUDENCIA DEL CONDUCTOR,ADELANTAMIENTO SOBREPASANDO LINEA CONTINUA,ALONSO DE RIBERA,ROTONDA GENERAL BONILLA,ALONSO DE RIBERA - ROTONDA GENERAL BONILLA,0, , ,UNIDIRECCIONAL,CONCRETO,BUENO,SECO,DESPEJADO,0,0,0,0
-8132369.36869039,-4414613.1193452,1611,2024,1593576,-36.824073,-73.054317,1,2024/02/26 00:00:00+00,1899/12/30 00:00:00+00,REGION BIO BIO,CONCEPCION,COLISION FRONTAL,COLISION,URBANA,TRAMO DE VIA RECTA,IMPRUDENCIA DEL CONDUCTOR,CONDUCCION NO ATENTO CONDICIONES TRANSITO MOMENTO,LOS CARRERA, ,- LOS CARRERA,511, , ,BIDIRECCIONAL,CONCRETO,BUENO,SECO,DESPEJADO,0,0,0,0
-8130406.47210923,-4413624.96229704,1612,2024,1586986,-36.816967,-73.036684,1,2024/01/22 00:00:00+00,1899/12/30 00:00:00+00,REGION BIO BIO,CONCEPCION,COLISION LATERAL,COLISION,URBANA,TRAMO DE VIA RECTA,IMPRUDENCIA DEL CONDUCTOR,CONDUCCION SIN MANTENER DISTANCIA RAZONABLE NI PRUDENTE,LOS CARRERA,PELANTARO,LOS CARRERA - PELANTARO,0, , ,UNIDIRECCIONAL,CONCRETO,BUENO,SECO,DESPEJADO,0,0,0,0
-8132656.90693511,-4414772.21202721,1613,2024,1593580,-36.825217,-73.0569,1,2024/02/26 00:00:00+00,1899/12/30 00:00:00+00,REGION BIO BIO,CONCEPCION,ATROPELLO,ATROPELLO,URBANA,VIA PRIVADA DE USO PUBLICO,IMPRUDENCIA DEL CONDUCTOR,CONDUCCION NO ATENTO CONDICIONES TRANSITO MOMENTO,LOS CARRERA PONIENTE, ,- LOS CARRERA PONIENTE,301, , ,BIDIRECCIONAL,CONCRETO,BUENO,SECO,DESPEJADO,0,0,0,1
-8056376.6730224,-4503365.73614871,1614,2024,1586992,-37.459611,-72.371663,1,2024/01/14 00:00:00+00,1899/12/30 00:00:00+00,REGION BIO BIO,LOS ANGELES,COLISION LATERAL,COLISION,URBANA,TRAMO DE VIA RECTA,OTRAS CAUSAS,HECHO DELICTUAL,OROMPELLO, ,- OROMPELLO,130, , ,UNIDIRECCIONAL,ASFALTO,REGULAR,SECO,DESPEJADO,0,0,0,0
-8136696.13465854,-4417813.50906592,1615,2024,1602434,-36.847083,-73.093185,1,2024/04/07 00:00:00+00,1899/12/30 00:00:00+00,REGION BIO BIO,SAN PEDRO DE LA PAZ,COLISION LATERAL,COLISION,URBANA,TRAMO DE VIA RECTA,IMPRUDENCIA DEL CONDUCTOR,CONDUCCION CAMBIAR SORPRESIVAMENTE PISTA CIRCULACION,CAMINO EL VENADO, ,- CAMINO EL VENADO,560, , ,BIDIRECCIONAL CON BANDEJON,CONCRETO,BUENO,SECO,DESPEJADO,0,0,0,1
-8073886.22704876,-4520912.72180101,1616,2024,1593586,-37.584628,-72.528954,1,2024/02/23 00:00:00+00,1899/12/30 00:00:00+00,REGION BIO BIO,NEGRETE,COLISION,COLISION,URBANA,TRAMO DE VIA RECTA,IMPRUDENCIA DEL CONDUCTOR,CONDUCCION NO ATENTO CONDICIONES TRANSITO MOMENTO,ALBERTO MOLLER, ,- ALBERTO MOLLER,322, , ,UNIDIRECCIONAL,ASFALTO,BUENO,SECO,DESPEJADO,0,0,0,0
-8131384.41383585,-4414851.89832927,1617,2024,1586996,-36.82579,-73.045469,1,2024/01/23 00:00:00+00,1899/12/30 00:00:00+00,REGION BIO BIO,CONCEPCION,COLISION LATERAL,COLISION,URBANA,TRAMO DE VIA RECTA,IMPRUDENCIA DEL CONDUCTOR,ADELANTAMIENTO SIN EL ESPACIO O TIEMPO SUFICIENTE,O'HIGGINS,TUCAPEL,O'HIGGINS - TUCAPEL,0, , ,UNIDIRECCIONAL,CONCRETO,BUENO,SECO,DESPEJADO,0,0,0,0
-8135972.78060737,-4416429.05892708,1618,2024,1602442,-36.83713,-73.086687,1,2024/04/06 00:00:00+00,1899/12/30 00:00:00+00,REGION BIO BIO,SAN PEDRO DE LA PAZ,ATROPELLO,ATROPELLO,URBANA,PUENTE,IMPRUDENCIA DEL PEATON,PEATON CRUZA CALZADA FUERA PASO PEATONES,PUENTE LLACOLEN, ,- PUENTE LLACOLEN,1, , ,BIDIRECCIONAL CON BANDEJON,CONCRETO,BUENO,SECO,DESPEJADO,1,1,0,0
-8119264.28163675,-4463731.24107823,1619,2024,1593673,-37.176457,-72.936592,1,2024/02/19 00:00:00+00,1899/12/30 00:00:00+00,REGION BIO BIO,SANTA JUANA,COLISION LATERAL,COLISION,URBANA,TRAMO DE VIA RECTA,IMPRUDENCIA DEL CONDUCTOR,CONDUCCION SIN MANTENER DISTANCIA RAZONABLE NI PRUDENTE,LAUTARO,ALAMEDA,ALAMEDA - LAUTARO,0, , ,BIDIRECCIONAL,ASFALTO,BUENO,SECO,DESPEJADO,0,0,0,2
-8139531.9986865,-4416444.08062818,1620,2024,1602446,-36.837238,-73.11866,1,2024/04/07 00:00:00+00,1899/12/30 00:00:00+00,REGION BIO BIO,SAN PEDRO DE LA PAZ,ATROPELLO,ATROPELLO,URBANA,CRUCE CON SEMAFORO FUNCIONANDO,IMPRUDENCIA DEL PEATON,PEATON PERMANECE SOBRE LA CALZADA,PEDRO AGUIRRE CERDA,DIAGONAL BIOBIO,DIAGONAL BIOBIO - PEDRO AGUIRRE CERDA,0, , ,BIDIRECCIONAL CON BANDEJON,CONCRETO,BUENO,SECO,DESPEJADO,1,0,0,0
-8056008.53946634,-4506250.85598308,1621,2024,1587019,-37.480181,-72.368356,1,2024/01/15 00:00:00+00,1899/12/30 00:00:00+00,REGION BIO BIO,LOS ANGELES,CHOQUE FRONTAL,CHOQUE,URBANA,CRUCE CON SEMAFORO FUNCIONANDO,IMPRUDENCIA DEL CONDUCTOR,CONDUCCION NO ATENTO CONDICIONES TRANSITO MOMENTO,VICUNA MACKENNA,PADRE HURTADO,PADRE HURTADO - VICUNA MACKENNA,0, , ,UNIDIRECCIONAL,CONCRETO,BUENO,SECO,DESPEJADO,0,0,0,0
-8087841.57237308,-4510527.68021256,1622,2024,1593680,-37.510663,-72.654317,1,2024/02/24 00:00:00+00,1899/12/30 00:00:00+00,REGION BIO BIO,NACIMIENTO,CHOQUE,CHOQUE,URBANA,VIA PRIVADA DE USO PUBLICO,IMPRUDENCIA DEL CONDUCTOR,CONDUCCION NO ATENTO CONDICIONES TRANSITO MOMENTO,LAUTARO, ,- LAUTARO,398, , ,BIDIRECCIONAL,ASFALTO,BUENO,SECO,DESPEJADO,0,0,0,0
-8143876.90973165,-4437847.0813419,1623,2024,1587026,-36.990962,-73.157691,1,2024/01/07 00:00:00+00,1899/12/30 00:00:00+00,REGION BIO BIO,CORONEL,CHOQUE FRONTAL,CHOQUE,URBANA,CRUCE CON SENAL CEDA EL PASO,ALCOHOL EN CONDUCTOR,CONDUCCION BAJO LA INFLUENCIA DEL ALCOHOL,OSCAR LIZAMA,RIOS DE CHILE,OSCAR LIZAMA - RIOS DE CHILE,0, , ,BIDIRECCIONAL,ASFALTO,BUENO,SECO,DESPEJADO,0,0,0,1
-8143953.27490234,-4440119.06461713,1624,2024,1602447,-37.007262,-73.158377,1,2024/03/25 00:00:00+00,1899/12/30 00:00:00+00,REGION BIO BIO,CORONEL,OTRO TIPO,OTRO TIPO,URBANA,TRAMO DE VIA RECTA,ALCOHOL EN CONDUCTOR,CONDUCCION EN ESTADO DE EBRIEDAD,MANUEL MONTT,VILLARRICA,MANUEL MONTT - VILLARRICA,0, , ,UNIDIRECCIONAL,ASFALTO,BUENO,SECO,DESPEJADO,0,0,0,0
-8141953.30893075,-4443047.15680614,1625,2024,1593691,-37.028264,-73.140411,1,2024/02/21 00:00:00+00,1899/12/30 00:00:00+00,REGION BIO BIO,CORONEL,COLISION,COLISION,URBANA,TRAMO DE VIA RECTA,IMPRUDENCIA DEL CONDUCTOR,CONDUCCION NO ATENTO CONDICIONES TRANSITO MOMENTO,LEUFU,LAUTARO,LAUTARO - LEUFU,0, , ,BIDIRECCIONAL,ASFALTO,BUENO,SECO,DESPEJADO,0,1,0,0
-8136392.56640715,-4412282.3504511,1626,2024,1587086,-36.807311,-73.090458,1,2024/01/24 00:00:00+00,1899/12/30 00:00:00+00,REGION BIO BIO,HUALPEN,ATROPELLO,ATROPELLO,URBANA,OTROS NO CONSIDERADOS,IMPRUDENCIA DEL CONDUCTOR,CONDUCIR VEHICULO EN RETROCESO,COSTANERA, ,- COSTANERA,9781, , ,BIDIRECCIONAL CON BANDEJON,CONCRETO,BUENO,SECO,NUBLADO,0,1,0,0
-8145055.33786119,-4437904.92027335,1627,2024,1602472,-36.991377,-73.168277,1,2024/03/28 00:00:00+00,1899/12/30 00:00:00+00,REGION BIO BIO,CORONEL,ATROPELLO,ATROPELLO,URBANA,TRAMO DE VIA RECTA,IMPRUDENCIA DEL PEATON,PEATON CRUZA CALZADA FUERA PASO PEATONES,LOS MOLINEROS, ,- LOS MOLINEROS,22, , ,BIDIRECCIONAL,ASFALTO,BUENO,SECO,DESPEJADO,0,0,0,1
-8091838.16473154,-4509336.58283905,1628,2024,1593700,-37.502175,-72.690219,1,2024/02/25 00:00:00+00,1899/12/30 00:00:00+00,REGION BIO BIO,NACIMIENTO,CHOQUE,CHOQUE,URBANA,TRAMO DE VIA RECTA,ALCOHOL EN CONDUCTOR,CONDUCCION EN ESTADO DE EBRIEDAD,MARTA HERNANDEZ RIVERA, ,- MARTA HERNANDEZ RIVERA,941, , ,BIDIRECCIONAL,CONCRETO,BUENO,SECO,DESPEJADO,0,0,0,0
-8137013.50652679,-4409243.46723422,1629,2024,1587136,-36.785451,-73.096036,1,2024/01/25 00:00:00+00,1899/12/30 00:00:00+00,REGION BIO BIO,HUALPEN,ATROPELLO,ATROPELLO,URBANA,CRUCE CON SENAL CEDA EL PASO,VELOCIDAD IMPRUDENTE,VELOCIDAD MAYOR QUE MAXIMA PERMITIDA,SICILIA,MARSELLA,MARSELLA - SICILIA,0, , ,BIDIRECCIONAL,CONCRETO,BUENO,SECO,DESPEJADO,0,0,0,1
-8132791.93747744,-4415585.65225547,1630,2024,1593709,-36.831066,-73.058113,1,2024/02/09 00:00:00+00,1899/12/30 00:00:00+00,REGION BIO BIO,CONCEPCION,COLISION,COLISION,URBANA,CRUCE CON SEMAFORO FUNCIONANDO,IMPRUDENCIA DEL CONDUCTOR,CONDUCCION SIN MANTENER DISTANCIA RAZONABLE NI PRUDENTE,O'HIGGINS,ARTURO PRAT,ARTURO PRAT - O'HIGGINS,0, , ,UNIDIRECCIONAL,CONCRETO,BUENO,SECO,DESPEJADO,0,0,0,0
-8133555.47786479,-4413264.95996527,1631,2024,1602476,-36.814378,-73.064972,1,2024/03/23 00:00:00+00,1899/12/30 00:00:00+00,REGION BIO BIO,CONCEPCION,COLISION LATERAL,COLISION,URBANA,TRAMO DE VIA RECTA,IMPRUDENCIA DEL CONDUCTOR,CONDUCCION NO ATENTO CONDICIONES TRANSITO MOMENTO,CAMINO LOS CARROS, ,- CAMINO LOS CARROS,1955, , ,BIDIRECCIONAL CON BANDEJON,CONCRETO,BUENO,SECO,DESPEJADO,0,1,0,0
-8121378.79536437,-4387678.1169035,1632,2024,1587143,-36.630143,-72.955587,1,2024/01/26 00:00:00+00,1899/12/30 00:00:00+00,REGION BIO BIO,TOME,COLISION PERPENDICULAR,COLISION,URBANA,CRUCE CON SENAL CEDA EL PASO,IMPRUDENCIA DEL CONDUCTOR,NO RESPETAR DERECHO PREFERENTE DE PASO A PEATON,LATORRE, ,- LATORRE,45, , ,BIDIRECCIONAL CON BANDEJON,CONCRETO,BUENO,SECO,DESPEJADO,0,1,0,0
-8121458.61143927,-4386076.35333334,1633,2024,1587184,-36.618595,-72.956304,1,2024/01/27 00:00:00+00,1899/12/30 00:00:00+00,REGION BIO BIO,TOME,ATROPELLO,ATROPELLO,URBANA,CRUCE CON SEMAFORO FUNCIONANDO,IMPRUDENCIA DEL CONDUCTOR,CONDUCCION NO ATENTO CONDICIONES TRANSITO MOMENTO,MARIANO EGANA,MANUEL MONTT,MANUEL MONTT - MARIANO EGANA,0, , ,UNIDIRECCIONAL,CONCRETO,BUENO,SECO,DESPEJADO,0,0,0,1
-8130405.6928728,-4413046.51720915,1634,2024,1593714,-36.812807,-73.036677,1,2024/02/24 00:00:00+00,1899/12/30 00:00:00+00,REGION BIO BIO,CONCEPCION,COLISION,COLISION,URBANA,TRAMO DE VIA RECTA,IMPRUDENCIA DEL CONDUCTOR,CONDUCCION NO ATENTO CONDICIONES TRANSITO MOMENTO,CAMILO HENRIQUEZ, ,- CAMILO HENRIQUEZ,2222, , ,BIDIRECCIONAL,CONCRETO,BUENO,SECO,NUBLADO,0,0,0,0
-8130001.49180172,-4412375.50467085,1635,2024,1602490,-36.807981,-73.033046,1,2024/03/24 00:00:00+00,1899/12/30 00:00:00+00,REGION BIO BIO,CONCEPCION,COLISION LATERAL,COLISION,URBANA,CRUCE CON SEMAFORO FUNCIONANDO,DESOBEDIENCIA A SENALIZACION,SENALIZACION DESOBEDECER LUZ ROJA DE SEMAFORO,CAMILO HENRIQUEZ,JOSE MIGUEL GARCIA,CAMILO HENRIQUEZ - JOSE MIGUEL GARCIA,0, , ,BIDIRECCIONAL,CONCRETO,BUENO,SECO,DESPEJADO,0,0,0,0
-8136631.45803439,-4408241.91009829,1636,2024,1587217,-36.778245,-73.092604,1,2024/01/25 00:00:00+00,1899/12/30 00:00:00+00,REGION BIO BIO,TALCAHUANO,CHOQUE,CHOQUE,URBANA,CRUCE SIN SENALIZACION,IMPRUDENCIA DEL CONDUCTOR,CONDUCIR VEHICULO EN RETROCESO,SAN MIGUEL,8 PONIENTE,8 PONIENTE - SAN MIGUEL,0, , ,BIDIRECCIONAL,CONCRETO,BUENO,SECO,DESPEJADO,0,0,0,0
-8131897.26272994,-4415922.92345108,1637,2024,1593722,-36.833491,-73.050076,1,2024/02/26 00:00:00+00,1899/12/30 00:00:00+00,REGION BIO BIO,CONCEPCION,ATROPELLO,ATROPELLO,URBANA,PASO PARA PEATONES,IMPRUDENCIA DEL CONDUCTOR,CONDUCCION NO ATENTO CONDICIONES TRANSITO MOMENTO,VICTOR LAMAS,LINCOYAN,LINCOYAN - VICTOR LAMAS,0, , ,UNIDIRECCIONAL,CONCRETO,BUENO,SECO,DESPEJADO,0,1,0,0
-8143977.98782929,-4436001.41859384,1638,2024,1602494,-36.977718,-73.158599,1,2024/03/28 00:00:00+00,1899/12/30 00:00:00+00,REGION BIO BIO,CORONEL,COLISION LATERAL,COLISION,URBANA,CRUCE SIN SENALIZACION,IMPRUDENCIA DEL CONDUCTOR,CONDUCCION NO ATENTO CONDICIONES TRANSITO MOMENTO,LOS RAULIES,FRANCISCO FRESNO,FRANCISCO FRESNO - LOS RAULIES,0, , ,BIDIRECCIONAL,ASFALTO,BUENO,SECO,DESPEJADO,0,0,0,2
-8135208.79494205,-4411159.28059163,1639,2024,1587229,-36.799233,-73.079824,1,2024/01/26 00:00:00+00,1899/12/30 00:00:00+00,REGION BIO BIO,HUALPEN,COLISION,COLISION,URBANA,TRAMO DE VIA RECTA,IMPRUDENCIA DEL CONDUCTOR,CONDUCCION NO ATENTO CONDICIONES TRANSITO MOMENTO,ARTEAGA ALEMPARTE, ,- ARTEAGA ALEMPARTE,8811, , ,BIDIRECCIONAL,CONCRETO,BUENO,SECO,DESPEJADO,0,0,0,0
-8130406.47210923,-4413624.96229704,1640,2024,1593746,-36.816967,-73.036684,1,2024/02/28 00:00:00+00,1899/12/30 00:00:00+00,REGION BIO BIO,CONCEPCION,COLISION POR ALCANCE,COLISION,URBANA,TRAMO DE VIA RECTA,IMPRUDENCIA DEL CONDUCTOR,CONDUCCION SIN MANTENER DISTANCIA RAZONABLE NI PRUDENTE,LOS CARRERA,PELANTARO,LOS CARRERA - PELANTARO,0, , ,BIDIRECCIONAL CON BANDEJON,CONCRETO,BUENO,SECO,DESPEJADO,0,0,0,0