X,Y,FID,Año,IdAccident,Latitud,longitud,ClaseAccid,Fecha,Hora,Región,Comuna,Tipo_Accid,Tipo__CONA,Zona,Ubicación,Causa__CON,Causa_Acci,Calle_Uno,Calle_Dos,Intersecci,Número,Ruta,Ubicaci_1,Calzada,Tipo_Calza,Estado_Cal,Condición,Estado_Atm,Fallecidos,Graves,Menos_Grav,Leves
-8131648.90894597,-4410199.52372297,1641,2024,1602495,-36.792329,-73.047845,1,2024/03/24 00:00:00+00,1899/12/30 00:00:00+00,REGION BIO BIO,CONCEPCION,CHOQUE FRONTAL,CHOQUE,URBANA,TRAMO DE VIA RECTA,IMPRUDENCIA DEL CONDUCTOR,CONDUCCION NO ATENTO CONDICIONES TRANSITO MOMENTO,GOBERNADOR JUAN HENRIQUEZ, ,- GOBERNADOR JUAN HENRIQUEZ,104, , ,BIDIRECCIONAL,CONCRETO,BUENO,SECO,DESPEJADO,0,0,0,0
-8063896.30462548,-4435685.66462777,1642,2024,1587281,-36.975452,-72.439213,1,2024/01/08 00:00:00+00,1899/12/30 00:00:00+00,REGION VALPARAISO,QUILPUE,CHOQUE POSTERIOR/POSTERIOR,CHOQUE,URBANA,CRUCE CON SEMAFORO FUNCIONANDO,IMPRUDENCIA DEL CONDUCTOR,CONDUCCION SIN MANTENER DISTANCIA RAZONABLE NI PRUDENTE,RAMON FREIRE,SAN MARTIN,RAMON FREIRE - SAN MARTIN,0, , ,BIDIRECCIONAL,ASFALTO,BUENO,SECO,DESPEJADO,0,0,0,0
-8130468.25442662,-4414191.61867645,1643,2024,1593747,-36.821042,-73.037239,1,2024/02/28 00:00:00+00,1899/12/30 00:00:00+00,REGION BIO BIO,CONCEPCION,COLISION,COLISION,URBANA,PASO PARA PEATONES,IMPRUDENCIA DEL CONDUCTOR,CONDUCCION NO ATENTO CONDICIONES TRANSITO MOMENTO,BARROS ARANA,AINAVILLO,AINAVILLO - BARROS ARANA,0, , ,UNIDIRECCIONAL,CONCRETO,BUENO,SECO,DESPEJADO,0,0,0,1
-8162014.52832507,-4473796.98259955,1644,2024,1602533,-37.248469,-73.320624,1,2024/03/27 00:00:00+00,1899/12/30 00:00:00+00,REGION BIO BIO,ARAUCO,COLISION LATERAL,COLISION,URBANA,CRUCE CON SENAL CEDA EL PASO,ALCOHOL EN CONDUCTOR,CONDUCCION EN ESTADO DE EBRIEDAD,ARTURO PRAT,COVADONGA,ARTURO PRAT - COVADONGA,0, , ,BIDIRECCIONAL CON BANDEJON,CONCRETO,BUENO,SECO,DESPEJADO,0,1,0,0
-8090009.85341475,-4509263.75740936,1645,2024,1593749,-37.501656,-72.673795,1,2024/02/26 00:00:00+00,1899/12/30 00:00:00+00,REGION BIO BIO,NACIMIENTO,COLISION,COLISION,URBANA,TRAMO DE VIA RECTA,IMPRUDENCIA DEL CONDUCTOR,CONDUCCION NO ATENTO CONDICIONES TRANSITO MOMENTO,BAQUEDANO, ,- BAQUEDANO,480, , ,UNIDIRECCIONAL,ASFALTO,BUENO,SECO,DESPEJADO,0,0,0,2
-8139397.97001959,-4408756.99280581,1646,2024,1587289,-36.781951,-73.117456,1,2024/01/26 00:00:00+00,1899/12/30 00:00:00+00,REGION BIO BIO,HUALPEN,CHOQUE,CHOQUE,URBANA,TRAMO DE VIA RECTA,IMPRUDENCIA DEL CONDUCTOR,CARGA ESCURRE A LA CALZADA,COSTANERA,YUGOSLAVIA,COSTANERA - YUGOSLAVIA,0, , ,BIDIRECCIONAL CON BANDEJON,CONCRETO,BUENO,SECO,DESPEJADO,0,0,0,0
-8132088.28697614,-4414855.3750576,1647,2024,1593752,-36.825815,-73.051792,1,2024/02/29 00:00:00+00,1899/12/30 00:00:00+00,REGION BIO BIO,CONCEPCION,COLISION LATERAL,COLISION,URBANA,CRUCE CON SEMAFORO FUNCIONANDO,IMPRUDENCIA DEL CONDUCTOR,ADELANTAMIENTO SIN EL ESPACIO O TIEMPO SUFICIENTE,FREIRE,CAUPOLICAN,CAUPOLICAN - FREIRE,0, , ,UNIDIRECCIONAL,CONCRETO,BUENO,SECO,DESPEJADO,0,0,0,0
-8139275.7412187,-4410822.29932248,1648,2024,1587301,-36.796809,-73.116358,1,2024/01/26 00:00:00+00,1899/12/30 00:00:00+00,REGION BIO BIO,HUALPEN,CHOQUE,CHOQUE,URBANA,TRAMO DE VIA RECTA,IMPRUDENCIA DEL CONDUCTOR,CONDUCCION NO ATENTO CONDICIONES TRANSITO MOMENTO,LYON, ,- LYON,978, , ,BIDIRECCIONAL,CONCRETO,BUENO,SECO,NUBLADO,0,0,0,0
-8122492.54686976,-4384635.55368037,1649,2024,1593762,-36.608206,-72.965592,1,2024/02/25 00:00:00+00,1899/12/30 00:00:00+00,REGION BIO BIO,TOME,CHOQUE FRENTE/POSTERIOR,CHOQUE,URBANA,TRAMO DE VIA RECTA,IMPRUDENCIA DEL CONDUCTOR,CONDUCCION NO ATENTO CONDICIONES TRANSITO MOMENTO,ENRIQUE MOLINA, ,- ENRIQUE MOLINA,503, , ,BIDIRECCIONAL,CONCRETO,BUENO,SECO,DESPEJADO,0,0,0,0
-8150413.59023103,-4471172.13139923,1650,2024,1587316,-37.229697,-73.216411,1,2024/01/03 00:00:00+00,1899/12/30 00:00:00+00,REGION BIO BIO,ARAUCO,CHOQUE,CHOQUE,RURAL,TRAMO DE VIA RECTA,IMPRUDENCIA DEL CONDUCTOR,CONDUCCION NO ATENTO CONDICIONES TRANSITO MOMENTO,HORCONES CORDILLERA, ,- HORCONES CORDILLERA,0, , ,BIDIRECCIONAL,RIPIO,REGULAR, ,DESPEJADO,0,0,0,0
-8094751.17316662,-4478405.19745544,1651,2024,1602551,-37.281414,-72.716387,1,2024/03/21 00:00:00+00,1899/12/30 00:00:00+00,REGION BIO BIO,LAJA,COLISION,COLISION,URBANA,TRAMO DE VIA RECTA,IMPRUDENCIA DEL CONDUCTOR,CONDUCCION NO ATENTO CONDICIONES TRANSITO MOMENTO,ARTURO PRAT, ,- ARTURO PRAT,150, , ,BIDIRECCIONAL,ASFALTO,BUENO,SECO,DESPEJADO,0,0,0,0
-8055204.14482587,-4504711.55908097,1652,2024,1593782,-37.469207,-72.36113,1,2024/02/14 00:00:00+00,1899/12/30 00:00:00+00,REGION BIO BIO,LOS ANGELES,COLISION POR ALCANCE,COLISION,URBANA,CRUCE CON SEMAFORO APAGADO,IMPRUDENCIA DEL CONDUCTOR,CONDUCCION NO ATENTO CONDICIONES TRANSITO MOMENTO,COLO COLO,LOS ANGELES,COLO COLO - LOS ANGELES,0, , ,BIDIRECCIONAL,CONCRETO,BUENO,SECO,DESPEJADO,0,0,0,0
-8161702.61111187,-4473736.56955422,1653,2024,1587317,-37.248037,-73.317822,1,2024/01/11 00:00:00+00,1899/12/30 00:00:00+00,REGION BIO BIO,ARAUCO,COLISION,COLISION,URBANA,TRAMO DE VIA RECTA,IMPRUDENCIA DEL CONDUCTOR,CONDUCCION NO ATENTO CONDICIONES TRANSITO MOMENTO,CAUPOLICAN,COVADONGA,CAUPOLICAN - COVADONGA,0, , ,UNIDIRECCIONAL,CONCRETO,BUENO,SECO,DESPEJADO,0,0,0,0
-8160013.67179755,-4473847.88645291,1654,2024,1602553,-37.248833,-73.30265,1,2024/03/29 00:00:00+00,1899/12/30 00:00:00+00,REGION BIO BIO,ARAUCO,CHOQUE,CHOQUE,URBANA,TRAMO DE VIA RECTA,IMPRUDENCIA DEL CONDUCTOR,CONDUCCION NO ATENTO CONDICIONES TRANSITO MOMENTO,EL BUDI, ,- EL BUDI,250, , ,BIDIRECCIONAL,CONCRETO,BUENO,SECO,DESPEJADO,0,0,0,0
-8138854.28562655,-4409250.00004202,1655,2024,1593786,-36.785498,-73.112572,1,2024/02/29 00:00:00+00,1899/12/30 00:00:00+00,REGION BIO BIO,HUALPEN,COLISION,COLISION,URBANA,CRUCE CON SENAL CEDA EL PASO,DESOBEDIENCIA A SENALIZACION,SENALIZACION DESOBEDECER SENAL CEDA EL PASO,FINLANDIA,GIBRALTAR,FINLANDIA - GIBRALTAR,0, , ,BIDIRECCIONAL,CONCRETO,BUENO,SECO,DESPEJADO,0,0,0,0
-8137270.09795307,-4408457.33561571,1656,2024,1587332,-36.779795,-73.098341,1,2024/01/28 00:00:00+00,1899/12/30 00:00:00+00,REGION BIO BIO,HUALPEN,CHOQUE,CHOQUE,URBANA,TRAMO DE VIA RECTA,DEFICIENCIAS VIALES,ANIMALES SUELTOS VIA PUBLICA,LAS GOLONDRINAS,HOLANDA,HOLANDA - LAS GOLONDRINAS,0, , ,BIDIRECCIONAL,CONCRETO,BUENO,SECO,DESPEJADO,0,0,0,0
-8134463.3996317,-4414854.81878099,1657,2024,1602559,-36.825811,-73.073128,1,2024/03/24 00:00:00+00,1899/12/30 00:00:00+00,REGION BIO BIO,CHIGUAYANTE,CHOQUE FRENTE/POSTERIOR,CHOQUE,URBANA,CRUCE CON SEMAFORO FUNCIONANDO,IMPRUDENCIA DEL CONDUCTOR,CONDUCCION NO ATENTO CONDICIONES TRANSITO MOMENTO,CARDENAL RAUL SILVA HENRIQUEZ,TEMISTOCLES ROJAS,CARDENAL RAUL SILVA HENRIQUEZ - TEMISTOCLES ROJAS,0, , ,BIDIRECCIONAL,CONCRETO,BUENO,SECO,DESPEJADO,0,0,0,0
-8137014.95368017,-4416710.16297893,1658,2024,1593796,-36.839151,-73.096049,1,2024/02/13 00:00:00+00,1899/12/30 00:00:00+00,REGION BIO BIO,SAN PEDRO DE LA PAZ,CHOQUE FRENTE/POSTERIOR,CHOQUE,URBANA,TRAMO DE VIA RECTA,IMPRUDENCIA DEL CONDUCTOR,CONDUCCION SIN MANTENER DISTANCIA RAZONABLE NI PRUDENTE,PEDRO AGUIRRE CERDA, ,- PEDRO AGUIRRE CERDA,1055, , ,BIDIRECCIONAL CON BANDEJON,ASFALTO,BUENO,SECO,DESPEJADO,0,0,0,0
-8133102.29621777,-4413917.95116604,1659,2024,1602573,-36.819074,-73.060901,1,2024/03/25 00:00:00+00,1899/12/30 00:00:00+00,REGION BIO BIO,CONCEPCION,COLISION LATERAL,COLISION,URBANA,CRUCE CON SENAL CEDA EL PASO,DESOBEDIENCIA A SENALIZACION,SENALIZACION DESOBEDECER SENAL CEDA EL PASO,MANUEL RODRIGUEZ,ANGOL,ANGOL - MANUEL RODRIGUEZ,0, , ,BIDIRECCIONAL CON BANDEJON,CONCRETO,BUENO,SECO,DESPEJADO,0,0,0,1
-8055727.90303006,-4506583.46021456,1660,2024,1587344,-37.482552,-72.365835,1,2024/01/15 00:00:00+00,1899/12/30 00:00:00+00,REGION BIO BIO,LOS ANGELES,ATROPELLO,ATROPELLO,URBANA,OTROS NO CONSIDERADOS,IMPRUDENCIA DEL CONDUCTOR,CONDUCCION NO ATENTO CONDICIONES TRANSITO MOMENTO,LOS CASTANOS, ,- LOS CASTANOS,23, , ,BIDIRECCIONAL,CONCRETO,BUENO,SECO,DESPEJADO,0,0,0,1
-8142477.84637136,-4418243.63917681,1661,2024,1593800,-36.850175,-73.145123,1,2024/02/13 00:00:00+00,1899/12/30 00:00:00+00,REGION BIO BIO,SAN PEDRO DE LA PAZ,COLISION FRONTAL,COLISION,URBANA,CRUCE SIN SENALIZACION,IMPRUDENCIA DEL CONDUCTOR,NO RESPETAR DERECHO PREFERENTE DE PASO A PEATON,FRESIA,GALVARINO,FRESIA - GALVARINO,0, , ,BIDIRECCIONAL,CONCRETO,BUENO,SECO,NUBLADO,0,0,0,1
-8054432.14415722,-4506587.24783934,1662,2024,1602583,-37.482579,-72.354195,1,2024/04/04 00:00:00+00,1899/12/30 00:00:00+00,REGION BIO BIO,LOS ANGELES,COLISION,COLISION,URBANA,TRAMO DE VIA RECTA,IMPRUDENCIA DEL CONDUCTOR,CONDUCCION NO ATENTO CONDICIONES TRANSITO MOMENTO,5 DE ABRIL, ,- 5 DE ABRIL,464, , ,BIDIRECCIONAL,CONCRETO,BUENO,SECO,DESPEJADO,0,0,0,0
-8054122.45333383,-4505787.24770127,1663,2024,1587362,-37.476876,-72.351413,1,2024/01/15 00:00:00+00,1899/12/30 00:00:00+00,REGION BIO BIO,LOS ANGELES,COLISION LATERAL,COLISION,URBANA,CRUCE CON SEMAFORO FUNCIONANDO,IMPRUDENCIA DEL CONDUCTOR,CONDUCCION NO ATENTO CONDICIONES TRANSITO MOMENTO,PATRICIO LYNCH,BERNARDO O'HIGGINS,BERNARDO O'HIGGINS - PATRICIO LYNCH,0, , ,UNIDIRECCIONAL,CONCRETO,BUENO,SECO,DESPEJADO,0,0,0,1
-8136524.9252817,-4417291.72839082,1664,2024,1593809,-36.843332,-73.091647,1,2024/02/18 00:00:00+00,1899/12/30 00:00:00+00,REGION BIO BIO,SAN PEDRO DE LA PAZ,CHOQUE FRONTAL,CHOQUE,URBANA,TRAMO DE VIA RECTA,IMPRUDENCIA DEL CONDUCTOR,CONDUCCION NO ATENTO CONDICIONES TRANSITO MOMENTO,COSTANERA,DEL MAR,COSTANERA - DEL MAR,0, , ,UNIDIRECCIONAL,ASFALTO,BUENO,SECO,DESPEJADO,0,1,0,0
-8133774.88858114,-4411088.10214143,1665,2024,1602591,-36.798721,-73.066943,1,2024/03/26 00:00:00+00,1899/12/30 00:00:00+00,REGION BIO BIO,CONCEPCION,COLISION POR ALCANCE,COLISION,URBANA,TRAMO DE VIA RECTA,IMPRUDENCIA DEL CONDUCTOR,CONDUCCION NO ATENTO CONDICIONES TRANSITO MOMENTO,JORGE ALESSANDRI, ,- JORGE ALESSANDRI,801, , ,BIDIRECCIONAL,CONCRETO,BUENO,SECO,DESPEJADO,0,0,0,0
-8052286.2383332,-4507218.95863438,1666,2024,1587366,-37.487082,-72.334918,1,2024/01/16 00:00:00+00,1899/12/30 00:00:00+00,REGION BIO BIO,LOS ANGELES,CHOQUE FRONTAL,CHOQUE,URBANA,TRAMO DE VIA RECTA,IMPRUDENCIA DEL CONDUCTOR,CONDUCCION NO ATENTO CONDICIONES TRANSITO MOMENTO,LOS APACHES,LOS MITAMAES,LOS APACHES - LOS MITAMAES,0, , ,UNIDIRECCIONAL,CONCRETO,BUENO,SECO,DESPEJADO,0,0,0,0
-8127324.25804815,-4413842.58258962,1667,2024,1593943,-36.818532,-73.008996,1,2024/02/29 00:00:00+00,1899/12/30 00:00:00+00,REGION BIO BIO,CONCEPCION,COLISION PERPENDICULAR,COLISION,URBANA,CRUCE CON SENAL CEDA EL PASO,DESOBEDIENCIA A SENALIZACION,SENALIZACION DESOBEDECER SENAL CEDA EL PASO,GENERAL BONILLA,CAMINO NONGUEN,CAMINO NONGUEN - GENERAL BONILLA,0, , ,UNIDIRECCIONAL,CONCRETO,BUENO,SECO,DESPEJADO,0,0,0,2
-8051424.62547446,-4500771.2088336,1668,2024,1602596,-37.441108,-72.327178,1,2024/04/04 00:00:00+00,1899/12/30 00:00:00+00,REGION BIO BIO,LOS ANGELES,CHOQUE FRENTE/POSTERIOR,CHOQUE,URBANA,TRAMO DE VIA RECTA,IMPRUDENCIA DEL CONDUCTOR,CONDUCCION NO ATENTO CONDICIONES TRANSITO MOMENTO,LAS INDUSTRIAS,SOR VICENTA,LAS INDUSTRIAS - SOR VICENTA,0, , ,BIDIRECCIONAL CON BANDEJON,CONCRETO,BUENO,SECO,DESPEJADO,0,0,0,0
-8054398.08039304,-4505151.41528384,1669,2024,1587380,-37.472343,-72.353889,1,2024/01/16 00:00:00+00,1899/12/30 00:00:00+00,REGION BIO BIO,LOS ANGELES,COLISION,COLISION,URBANA,TRAMO DE VIA RECTA,IMPRUDENCIA DEL CONDUCTOR,CONDUCCION NO ATENTO CONDICIONES TRANSITO MOMENTO,RICARDO VICUNA,SAN MARTIN,RICARDO VICUNA - SAN MARTIN,0, , ,UNIDIRECCIONAL,CONCRETO,BUENO,SECO,DESPEJADO,0,0,0,1
-8130679.65013964,-4415543.37241437,1670,2024,1593946,-36.830762,-73.039138,1,2024/02/18 00:00:00+00,1899/12/30 00:00:00+00,REGION BIO BIO,CONCEPCION,ATROPELLO,ATROPELLO,URBANA,TRAMO DE VIA RECTA,VELOCIDAD IMPRUDENTE,VELOCIDAD EXCESO EN ZONA RESTRINGIDA,LOS TILOS,INDEPENDENCIA,INDEPENDENCIA - LOS TILOS,0, , ,UNIDIRECCIONAL,CONCRETO,BUENO,SECO,DESPEJADO,0,0,0,1
-8053773.80068867,-4505200.7880504,1671,2024,1587387,-37.472695,-72.348281,1,2024/01/16 00:00:00+00,1899/12/30 00:00:00+00,REGION BIO BIO,LOS ANGELES,COLISION POR ALCANCE,COLISION,URBANA,TRAMO DE VIA RECTA,IMPRUDENCIA DEL CONDUCTOR,CONDUCCION NO ATENTO CONDICIONES TRANSITO MOMENTO,VILLAGRAN,RICARDO VICUNA,RICARDO VICUNA - VILLAGRAN,0, , ,UNIDIRECCIONAL,CONCRETO,BUENO,SECO,DESPEJADO,0,0,0,0
-8051405.14456357,-4504814.92924025,1672,2024,1602603,-37.469944,-72.327003,1,2024/04/04 00:00:00+00,1899/12/30 00:00:00+00,REGION BIO BIO,LOS ANGELES,COLISION LATERAL,COLISION,URBANA,TRAMO DE VIA RECTA,IMPRUDENCIA DEL CONDUCTOR,CONDUCCION NO ATENTO CONDICIONES TRANSITO MOMENTO,LAS INDUSTRIAS, ,- LAS INDUSTRIAS,505, , ,BIDIRECCIONAL,CONCRETO,BUENO,SECO,DESPEJADO,0,1,0,0
-8136926.3433655,-4417316.48839888,1673,2024,1593961,-36.84351,-73.095253,1,2024/02/19 00:00:00+00,1899/12/30 00:00:00+00,REGION BIO BIO,SAN PEDRO DE LA PAZ,COLISION POR ALCANCE,COLISION,URBANA,TRAMO DE VIA RECTA,IMPRUDENCIA DEL CONDUCTOR,CONDUCCION SIN MANTENER DISTANCIA RAZONABLE NI PRUDENTE,MICHIMALONCO, ,- MICHIMALONCO,1100, , ,UNIDIRECCIONAL,ASFALTO,BUENO,SECO,DESPEJADO,0,0,0,0
-8138148.85401339,-4411315.12413324,1674,2024,1587427,-36.800354,-73.106235,1,2024/01/28 00:00:00+00,1899/12/30 00:00:00+00,REGION BIO BIO,HUALPEN,COLISION,COLISION,URBANA,TRAMO DE VIA RECTA,IMPRUDENCIA DEL CONDUCTOR,CONDUCCION SIN MANTENER DISTANCIA RAZONABLE NI PRUDENTE,GRAN BRETANA,ALBACETE,ALBACETE - GRAN BRETANA,0, , ,BIDIRECCIONAL,CONCRETO,BUENO,SECO,DESPEJADO,0,0,0,0
-8134868.15730023,-4411930.17925183,1675,2024,1602607,-36.804778,-73.076764,1,2024/03/26 00:00:00+00,1899/12/30 00:00:00+00,REGION BIO BIO,HUALPEN,COLISION LATERAL,COLISION,URBANA,TRAMO DE VIA RECTA,IMPRUDENCIA DEL CONDUCTOR,CONDUCCION NO ATENTO CONDICIONES TRANSITO MOMENTO,PRESIDENTE JORGE ALESSANDRI RODRIGUEZ,CRISTOBAL COLON,CRISTOBAL COLON - PRESIDENTE JORGE ALESSANDRI RODRIGUEZ,0, , ,BIDIRECCIONAL,CONCRETO,BUENO,SECO,DESPEJADO,0,0,0,0
-8139584.43016666,-4416552.5713215,1676,2024,1593962,-36.838018,-73.119131,1,2024/02/20 00:00:00+00,1899/12/30 00:00:00+00,REGION BIO BIO,SAN PEDRO DE LA PAZ,COLISION LATERAL,COLISION,URBANA,TRAMO DE VIA RECTA,IMPRUDENCIA DEL CONDUCTOR,CONDUCCION CAMBIAR SORPRESIVAMENTE PISTA CIRCULACION,PEDRO AGUIRRE CERDA, ,- PEDRO AGUIRRE CERDA,2155, , ,UNIDIRECCIONAL,ASFALTO,BUENO,SECO,DESPEJADO,0,0,0,0
-8198846.47428537,-4524203.15254807,1677,2024,1587434,-37.608048,-73.651491,1,2024/01/18 00:00:00+00,1899/12/30 00:00:00+00,REGION BIO BIO,LEBU,CHOQUE FRONTAL,CHOQUE,URBANA,TRAMO DE VIA RECTA,IMPRUDENCIA DEL CONDUCTOR,CONDUCCION NO ATENTO CONDICIONES TRANSITO MOMENTO,LOS CLAVELES,LOS LAURELES,LOS CLAVELES - LOS LAURELES,0, , ,BIDIRECCIONAL,ASFALTO,BUENO,SECO,DESPEJADO,0,0,1,0
-8051424.62547446,-4500771.2088336,1678,2024,1602613,-37.441108,-72.327178,1,2024/04/04 00:00:00+00,1899/12/30 00:00:00+00,REGION BIO BIO,LOS ANGELES,COLISION,COLISION,URBANA,TRAMO DE VIA RECTA,IMPRUDENCIA DEL CONDUCTOR,CONDUCCION NO ATENTO CONDICIONES TRANSITO MOMENTO,LAS INDUSTRIAS,SOR VICENTA,LAS INDUSTRIAS - SOR VICENTA,0, , ,BIDIRECCIONAL CON BANDEJON,CONCRETO,BUENO,SECO,DESPEJADO,0,0,0,1
-8141380.6814701,-4416395.39926643,1679,2024,1593963,-36.836888,-73.135267,1,2024/02/19 00:00:00+00,1899/12/30 00:00:00+00,REGION BIO BIO,SAN PEDRO DE LA PAZ,CHOQUE FRONTAL,CHOQUE,URBANA,TRAMO DE VIA CURVA HORIZONTAL,IMPRUDENCIA DEL CONDUCTOR,CONDUCCION NO ATENTO CONDICIONES TRANSITO MOMENTO,DANIEL BELMAR,LAS TORRES,DANIEL BELMAR - LAS TORRES,0, , ,UNIDIRECCIONAL,CONCRETO,BUENO,SECO,NEBLINA,0,0,0,0
-8055191.00912596,-4504707.35136202,1680,2024,1587441,-37.469177,-72.361012,1,2024/01/16 00:00:00+00,1899/12/30 00:00:00+00,REGION BIO BIO,LOS ANGELES,COLISION LATERAL,COLISION,URBANA,CRUCE CON SEMAFORO FUNCIONANDO,IMPRUDENCIA DEL CONDUCTOR,CONDUCCION NO ATENTO CONDICIONES TRANSITO MOMENTO,PADRE HURTADO,RICARDO VICUNA,PADRE HURTADO - RICARDO VICUNA,0, , ,UNIDIRECCIONAL,ASFALTO,BUENO,SECO,DESPEJADO,0,0,0,0
-8094792.25005872,-4477861.39452162,1681,2024,1602614,-37.277527,-72.716756,1,2024/03/27 00:00:00+00,1899/12/30 00:00:00+00,REGION BIO BIO,LAJA,COLISION,COLISION,URBANA,TRAMO DE VIA RECTA,IMPRUDENCIA DEL CONDUCTOR,CONDUCCION NO ATENTO CONDICIONES TRANSITO MOMENTO,BALMACEDA, ,- BALMACEDA,541, , ,BIDIRECCIONAL,ASFALTO,BUENO,SECO,DESPEJADO,0,0,0,0
-8141178.8592333,-4419330.86641814,1682,2024,1593967,-36.85799,-73.133454,1,2024/02/21 00:00:00+00,1899/12/30 00:00:00+00,REGION BIO BIO,SAN PEDRO DE LA PAZ,COLISION LATERAL,COLISION,URBANA,CRUCE CON SENAL PARE,DESOBEDIENCIA A SENALIZACION,SENALIZACION DESOBEDECER SENAL PARE,RUTA 160,4 NORTE,4 NORTE - RUTA 160,0, , ,BIDIRECCIONAL CON BANDEJON,CONCRETO,BUENO,SECO,DESPEJADO,0,0,0,1
-8053778.36478779,-4505996.39492012,1683,2024,1602618,-37.478367,-72.348322,1,2024/04/05 00:00:00+00,1899/12/30 00:00:00+00,REGION BIO BIO,LOS ANGELES,COLISION,COLISION,URBANA,TRAMO DE VIA RECTA,ALCOHOL EN CONDUCTOR,CONDUCCION EN ESTADO DE EBRIEDAD,LOS CARRERA,CONDELL,CONDELL - LOS CARRERA,0, , ,UNIDIRECCIONAL,CONCRETO,BUENO,SECO,DESPEJADO,0,0,0,2
-8138868.53452137,-4416661.61949231,1684,2024,1593973,-36.838802,-73.1127,1,2024/02/23 00:00:00+00,1899/12/30 00:00:00+00,REGION BIO BIO,SAN PEDRO DE LA PAZ,CHOQUE LATERAL,CHOQUE,URBANA,CRUCE SIN SENALIZACION,IMPRUDENCIA DEL CONDUCTOR,NO RESPETAR DERECHO PREFERENTE DE PASO A VEHICULO,RUTA 160,LOS BATROS,LOS BATROS - RUTA 160,0, , ,BIDIRECCIONAL,CONCRETO,BUENO,SECO,DESPEJADO,0,0,0,0
-8051275.90263476,-4506782.94364864,1685,2024,1602621,-37.483974,-72.325842,1,2024/04/05 00:00:00+00,1899/12/30 00:00:00+00,REGION BIO BIO,LOS ANGELES,CHOQUE FRENTE/LADO,CHOQUE,URBANA,CRUCE CON SEMAFORO FUNCIONANDO,IMPRUDENCIA DEL CONDUCTOR,CONDUCCION NO ATENTO CONDICIONES TRANSITO MOMENTO,LAS INDUSTRIAS, ,- LAS INDUSTRIAS,1500, , ,BIDIRECCIONAL CON BANDEJON,ASFALTO,BUENO,SECO,DESPEJADO,0,0,0,1
-8054151.28508195,-4503920.11685799,1686,2024,1587458,-37.463564,-72.351672,1,2024/01/16 00:00:00+00,1899/12/30 00:00:00+00,REGION BIO BIO,LOS ANGELES,COLISION,COLISION,URBANA,TRAMO DE VIA RECTA,IMPRUDENCIA DEL CONDUCTOR,CONDUCCION NO ATENTO CONDICIONES TRANSITO MOMENTO,VALDIVIA, ,- VALDIVIA,829, , ,UNIDIRECCIONAL,CONCRETO,BUENO,SECO,DESPEJADO,0,0,0,0
-8137151.76533436,-4416665.65318333,1687,2024,1593976,-36.838831,-73.097278,1,2024/02/24 00:00:00+00,1899/12/30 00:00:00+00,REGION BIO BIO,SAN PEDRO DE LA PAZ,COLISION POR ALCANCE,COLISION,URBANA,ENLACE A DESNIVEL,IMPRUDENCIA DEL CONDUCTOR,CONDUCCION SIN MANTENER DISTANCIA RAZONABLE NI PRUDENTE,PUENTE JUAN PABLO II,PEDRO AGUIRRE CERDA,PEDRO AGUIRRE CERDA - PUENTE JUAN PABLO II,0, , ,BIDIRECCIONAL CON BANDEJON,ASFALTO,BUENO,SECO,DESPEJADO,0,1,0,0
-8162033.78659698,-4473955.14894891,1688,2024,1602634,-37.2496,-73.320797,1,2024/03/29 00:00:00+00,1899/12/30 00:00:00+00,REGION BIO BIO,ARAUCO,CHOQUE,CHOQUE,URBANA,TRAMO DE VIA RECTA,IMPRUDENCIA DEL CONDUCTOR,CONDUCIR VEHICULO EN RETROCESO,ARTURO PRAT, ,- ARTURO PRAT,0, , ,BIDIRECCIONAL CON BANDEJON,CONCRETO,BUENO,SECO,DESPEJADO,0,0,0,0
-8197773.6883526,-4522654.18884095,1689,2024,1587461,-37.597024,-73.641854,1,2024/01/19 00:00:00+00,1899/12/30 00:00:00+00,REGION BIO BIO,LEBU,CHOQUE LADO/LADO,CHOQUE,URBANA,TRAMO DE VIA RECTA,IMPRUDENCIA DEL CONDUCTOR,CONDUCCION NO ATENTO CONDICIONES TRANSITO MOMENTO,MANUEL BULNES, ,- MANUEL BULNES,45, , ,BIDIRECCIONAL,CONCRETO,BUENO,SECO,DESPEJADO,0,0,0,0
-8140646.30678934,-4416971.38359558,1690,2024,1593979,-36.841029,-73.12867,1,2024/02/25 00:00:00+00,1899/12/30 00:00:00+00,REGION BIO BIO,SAN PEDRO DE LA PAZ,COLISION POR ALCANCE,COLISION,URBANA,CRUCE CON SEMAFORO FUNCIONANDO,IMPRUDENCIA DEL CONDUCTOR,CONDUCCION SIN MANTENER DISTANCIA RAZONABLE NI PRUDENTE,RUTA 160,DANIEL BELMAR,DANIEL BELMAR - RUTA 160,0, , ,BIDIRECCIONAL CON BANDEJON,ASFALTO,BUENO,SECO,DESPEJADO,0,0,0,0
-8132981.84852873,-4411058.07387546,1691,2024,1602675,-36.798505,-73.059819,1,2024/03/26 00:00:00+00,1899/12/30 00:00:00+00,REGION BIO BIO,CONCEPCION,COLISION LATERAL,COLISION,URBANA,TRAMO DE VIA RECTA,IMPRUDENCIA DEL CONDUCTOR,CONDUCCION NO ATENTO CONDICIONES TRANSITO MOMENTO,PAICAVI, ,- PAICAVI,3380, , ,BIDIRECCIONAL CON BANDEJON,CONCRETO,BUENO,SECO,DESPEJADO,0,0,0,1