X,Y,FID,Año,IdAccident,Latitud,longitud,ClaseAccid,Fecha,Hora,Región,Comuna,Tipo_Accid,Tipo__CONA,Zona,Ubicación,Causa__CON,Causa_Acci,Calle_Uno,Calle_Dos,Intersecci,Número,Ruta,Ubicaci_1,Calzada,Tipo_Calza,Estado_Cal,Condición,Estado_Atm,Fallecidos,Graves,Menos_Grav,Leves
-8135994.82186654,-4408849.28224683,1793,2024,1603099,-36.782615,-73.086885,1,2024/04/06 00:00:00+00,1899/12/30 00:00:00+00,REGION BIO BIO,HUALPEN,CHOQUE POSTERIOR,CHOQUE,URBANA,TRAMO DE VIA RECTA,ALCOHOL EN CONDUCTOR,CONDUCCION EN ESTADO DE EBRIEDAD,CRISTOBAL COLON,LAS GOLONDRINAS,CRISTOBAL COLON - LAS GOLONDRINAS,0, , ,BIDIRECCIONAL,CONCRETO,BUENO,SECO,DESPEJADO,0,0,0,0
-8127384.81585114,-4431143.52651325,1794,2024,1594243,-36.942848,-73.00954,1,2024/02/27 00:00:00+00,1899/12/30 00:00:00+00,REGION BIO BIO,CHIGUAYANTE,CAIDA,CAIDA,URBANA,TRAMO DE VIA RECTA,IMPRUDENCIA DEL PASAJERO,IMPRUDENCIA DEL PASAJERO,O'HIGGINS, ,- O'HIGGINS,5725, , ,BIDIRECCIONAL,CONCRETO,BUENO,SECO,DESPEJADO,0,1,0,0
-8133378.92515239,-4414810.8730207,1795,2024,1603112,-36.825495,-73.063386,1,2024/04/04 00:00:00+00,1899/12/30 00:00:00+00,REGION BIO BIO,CONCEPCION,COLISION LATERAL,COLISION,URBANA,CRUCE CON SEMAFORO FUNCIONANDO,IMPRUDENCIA DEL CONDUCTOR,ADELANTAMIENTO SOBREPASANDO LINEA CONTINUA,PADRE HURTADO,JUAN MARTINEZ DE ROZAS,JUAN MARTINEZ DE ROZAS - PADRE HURTADO,0, , ,UNIDIRECCIONAL,CONCRETO,BUENO,SECO,DESPEJADO,0,0,0,0
-8163441.19891908,-4506415.12271759,1796,2024,1594309,-37.481352,-73.33344,1,2024/03/01 00:00:00+00,1899/12/30 00:00:00+00,REGION BIO BIO,CURANILAHUE,ATROPELLO,ATROPELLO,URBANA,TRAMO DE VIA RECTA,IMPRUDENCIA DEL PEATON,PEATON CRUZA CALZADA FUERA PASO PEATONES,IGNACIO CARRERA PINTO,PASAJE CINCO,IGNACIO CARRERA PINTO - PASAJE CINCO,0, , ,UNIDIRECCIONAL,CONCRETO,BUENO,SECO,DESPEJADO,0,0,0,1
-8124662.05242583,-4413510.10507398,1797,2024,1587832,-36.816141,-72.985081,1,2024/01/26 00:00:00+00,1899/12/30 00:00:00+00,REGION BIO BIO,CONCEPCION,CHOQUE LATERAL,CHOQUE,URBANA,OTROS NO CONSIDERADOS,DROGAS Y/O FATIGA EN CONDUCTOR,"CONDICIONES FISICAS DEFICIENTES (CANSANCIO, SUENO)",21 DE MAYO, ,- 21 DE MAYO,3225, , ,UNIDIRECCIONAL,CONCRETO,REGULAR,SECO,DESPEJADO,0,0,0,0
-8043225.49969957,-4540483.83140128,1798,2024,1603117,-37.723819,-72.253524,1,2024/04/04 00:00:00+00,1899/12/30 00:00:00+00,REGION BIO BIO,MULCHEN,COLISION FRONTAL,COLISION,URBANA,CRUCE SIN SENALIZACION,IMPRUDENCIA DEL CONDUCTOR,CONDUCCION NO ATENTO CONDICIONES TRANSITO MOMENTO,BARROS ARANA,FREIRE,BARROS ARANA - FREIRE,0, , ,UNIDIRECCIONAL,CONCRETO,BUENO,SECO,DESPEJADO,0,0,0,0
-8138013.93479055,-4411189.72620683,1799,2024,1594412,-36.799452,-73.105023,1,2024/03/04 00:00:00+00,1899/12/30 00:00:00+00,REGION BIO BIO,HUALPEN,COLISION,COLISION,URBANA,CRUCE SIN SENALIZACION,IMPRUDENCIA DEL CONDUCTOR,NO RESPETAR DERECHO PREFERENTE DE PASO A VEHICULO,DURANGO,ATENAS,ATENAS - DURANGO,0, , ,BIDIRECCIONAL,CONCRETO,BUENO,SECO,DESPEJADO,0,0,0,0
-8128987.14860162,-4429044.88632673,1800,2024,1587843,-36.927779,-73.023934,1,2024/01/26 00:00:00+00,1899/12/30 00:00:00+00,REGION BIO BIO,CHIGUAYANTE,COLISION LATERAL,COLISION,URBANA,TRAMO DE VIA RECTA,IMPRUDENCIA DEL CONDUCTOR,CONDUCCION NO ATENTO CONDICIONES TRANSITO MOMENTO,MANUEL RODRIGUEZ, ,- MANUEL RODRIGUEZ,725, , ,UNIDIRECCIONAL,CONCRETO,BUENO,SECO,DESPEJADO,0,0,0,0
-8120546.68217069,-4384726.38669725,1801,2024,1603125,-36.608861,-72.948112,1,2024/04/10 00:00:00+00,1899/12/30 00:00:00+00,REGION BIO BIO,TOME,COLISION FRONTAL,COLISION,URBANA,TRAMO DE VIA RECTA,ALCOHOL EN CONDUCTOR,CONDUCCION EN ESTADO DE EBRIEDAD,LORD COCHRANE,VARIANTE HINRICHSEN,LORD COCHRANE - VARIANTE HINRICHSEN,0, , ,BIDIRECCIONAL,CONCRETO,BUENO,SECO,DESPEJADO,0,0,0,0
-8138220.54376547,-4410890.00056135,1802,2024,1594418,-36.797296,-73.106879,1,2024/03/04 00:00:00+00,1899/12/30 00:00:00+00,REGION BIO BIO,HUALPEN,VOLCADURA,VOLCADURA,URBANA,TRAMO DE VIA RECTA,VELOCIDAD IMPRUDENTE,VELOCIDAD NO RAZONABLE NI PRUDENTE,AVENIDA DOS,GRAN BRETANA,AVENIDA DOS - GRAN BRETANA,0, , ,BIDIRECCIONAL,CONCRETO,BUENO,SECO,DESPEJADO,0,0,0,0
-8042462.29327069,-4496891.34212878,1803,2024,1587850,-37.41343,-72.246668,1,2024/01/26 00:00:00+00,1899/12/30 00:00:00+00,REGION BIO BIO,LOS ANGELES,CHOQUE,CHOQUE,URBANA,TRAMO DE VIA RECTA,IMPRUDENCIA DEL CONDUCTOR,CONDUCCION SIN MANTENER DISTANCIA RAZONABLE NI PRUDENTE,ALAMEDA DE SAN FRANCISCO,CERRO COLORADO,ALAMEDA DE SAN FRANCISCO - CERRO COLORADO,0, , ,UNIDIRECCIONAL,CONCRETO,BUENO,SECO,DESPEJADO,0,0,0,0
-8134204.80445459,-4407116.06992915,1804,2024,1594440,-36.770144,-73.070805,1,2024/02/28 00:00:00+00,1899/12/30 00:00:00+00,REGION BIO BIO,TALCAHUANO,CHOQUE FRONTAL,CHOQUE,URBANA,TRAMO DE VIA RECTA,VELOCIDAD IMPRUDENTE,VELOCIDAD NO RAZONABLE NI PRUDENTE,CALLE J, ,- CALLE J,6040, , ,BIDIRECCIONAL,CONCRETO,BUENO,SECO,DESPEJADO,0,0,0,0
-8129893.06661769,-4413432.65362689,1805,2024,1587861,-36.815584,-73.032072,1,2024/01/27 00:00:00+00,1899/12/30 00:00:00+00,REGION BIO BIO,CONCEPCION,COLISION FRONTAL,COLISION,URBANA,TRAMO DE VIA RECTA,IMPRUDENCIA DEL CONDUCTOR,CONDUCCION NO ATENTO CONDICIONES TRANSITO MOMENTO,JUAN BOSCO, ,- JUAN BOSCO,501, , ,UNIDIRECCIONAL,CONCRETO,BUENO,SECO,DESPEJADO,0,0,0,1
-8131877.89313854,-4414922.68474205,1806,2024,1603133,-36.826299,-73.049902,1,2024/04/07 00:00:00+00,1899/12/30 00:00:00+00,REGION BIO BIO,CONCEPCION,ATROPELLO,ATROPELLO,URBANA,PASO PARA PEATONES,IMPRUDENCIA DEL CONDUCTOR,NO RESPETAR DERECHO PREFERENTE DE PASO A PEATON,ANIBAL PINTO,BARROS ARANA,ANIBAL PINTO - BARROS ARANA,0, , ,UNIDIRECCIONAL,CONCRETO,BUENO,SECO,DESPEJADO,0,0,0,1
-8136205.32702363,-4408163.10714244,1807,2024,1594442,-36.777678,-73.088776,1,2024/02/28 00:00:00+00,1899/12/30 00:00:00+00,REGION BIO BIO,TALCAHUANO,CHOQUE LADO/LADO,CHOQUE,URBANA,TRAMO DE VIA RECTA,IMPRUDENCIA DEL CONDUCTOR,CONDUCCION NO ATENTO CONDICIONES TRANSITO MOMENTO,2 PONIENTE, ,- 2 PONIENTE,1033, , ,BIDIRECCIONAL,CONCRETO,BUENO,SECO,DESPEJADO,0,0,0,0
-8132368.47813446,-4414657.48148854,1808,2024,1603138,-36.824392,-73.054309,1,2024/04/07 00:00:00+00,1899/12/30 00:00:00+00,REGION BIO BIO,CONCEPCION,COLISION PERPENDICULAR,COLISION,URBANA,CRUCE CON SEMAFORO FUNCIONANDO,DESOBEDIENCIA A SENALIZACION,SENALIZACION DESOBEDECER LUZ ROJA DE SEMAFORO,LOS CARRERA,RENGO,LOS CARRERA - RENGO,0, , ,BIDIRECCIONAL CON BANDEJON,CONCRETO,BUENO,SECO,DESPEJADO,0,1,0,1
-8131686.53493386,-4415044.78893405,1809,2024,1587868,-36.827177,-73.048183,1,2024/01/27 00:00:00+00,1899/12/30 00:00:00+00,REGION BIO BIO,CONCEPCION,COLISION,COLISION,URBANA,TRAMO DE VIA RECTA,IMPRUDENCIA DEL CONDUCTOR,CONDUCCION SIN MANTENER DISTANCIA RAZONABLE NI PRUDENTE,O'HIGGINS, ,- O'HIGGINS,770, , ,UNIDIRECCIONAL,CONCRETO,BUENO,SECO,DESPEJADO,0,0,0,0
-8141968.78233997,-4400017.99699882,1810,2024,1594444,-36.71905,-73.14055,1,2024/02/29 00:00:00+00,1899/12/30 00:00:00+00,REGION BIO BIO,TALCAHUANO,CHOQUE LADO/LADO,CHOQUE,URBANA,TRAMO DE VIA RECTA,IMPRUDENCIA DEL CONDUCTOR,CONDUCCION NO ATENTO CONDICIONES TRANSITO MOMENTO,ALBATROS, ,- ALBATROS,1686, , ,BIDIRECCIONAL,CONCRETO,BUENO,SECO,DESPEJADO,0,0,0,1
-8132615.27344555,-4417486.19337621,1811,2024,1603140,-36.84473,-73.056526,1,2024/04/07 00:00:00+00,1899/12/30 00:00:00+00,REGION BIO BIO,CONCEPCION,CHOQUE POSTERIOR,CHOQUE,URBANA,CRUCE CON SEMAFORO FUNCIONANDO,ALCOHOL EN CONDUCTOR,CONDUCCION EN ESTADO DE EBRIEDAD,COSTANERA,SARGENTO ALDEA,COSTANERA - SARGENTO ALDEA,0, , ,BIDIRECCIONAL,CONCRETO,BUENO,SECO,DESPEJADO,0,0,0,0
-8131137.06192731,-4414895.70518931,1812,2024,1587917,-36.826105,-73.043247,1,2024/01/27 00:00:00+00,1899/12/30 00:00:00+00,REGION BIO BIO,CONCEPCION,CHOQUE,CHOQUE,URBANA,TRAMO DE VIA RECTA,IMPRUDENCIA DEL CONDUCTOR,CONDUCCION NO ATENTO CONDICIONES TRANSITO MOMENTO,DIAGONAL PEDRO AGUIRRE CERDA,SAN MARTIN,DIAGONAL PEDRO AGUIRRE CERDA - SAN MARTIN,0, , ,UNIDIRECCIONAL,CONCRETO,BUENO,SECO,DESPEJADO,0,1,0,0
-8141965.55407473,-4443843.38316453,1813,2024,1594707,-37.033974,-73.140521,1,2024/02/23 00:00:00+00,1899/12/30 00:00:00+00,REGION BIO BIO,CORONEL,COLISION,COLISION,RURAL,TRAMO DE VIA RECTA,IMPRUDENCIA DEL CONDUCTOR,CONDUCCION NO ATENTO CONDICIONES TRANSITO MOMENTO,LOS ARANDANOS, ,- LOS ARANDANOS,0, , ,BIDIRECCIONAL,ASFALTO,BUENO,SECO,DESPEJADO,0,0,0,1
-8131861.19521492,-4418945.90709442,1814,2024,1603141,-36.855223,-73.049752,1,2024/04/08 00:00:00+00,1899/12/30 00:00:00+00,REGION BIO BIO,CONCEPCION,CHOQUE POSTERIOR,CHOQUE,URBANA,TRAMO DE VIA RECTA,IMPRUDENCIA DEL CONDUCTOR,CONDUCCION SIN MANTENER DISTANCIA RAZONABLE NI PRUDENTE,PEDRO DE VALDIVIA, ,- PEDRO DE VALDIVIA,1851, , ,BIDIRECCIONAL CON BANDEJON,CONCRETO,BUENO,SECO,DESPEJADO,0,0,0,0
-8131812.65991693,-4414344.44724378,1815,2024,1587939,-36.822141,-73.049316,1,2024/01/29 00:00:00+00,1899/12/30 00:00:00+00,REGION BIO BIO,CONCEPCION,COLISION POR ALCANCE,COLISION,URBANA,TRAMO DE VIA RECTA,IMPRUDENCIA DEL CONDUCTOR,ADELANTAMIENTO SOBREPASANDO LINEA CONTINUA,LOS CARRERA,SAN MARTIN,LOS CARRERA - SAN MARTIN,0, , ,UNIDIRECCIONAL,CONCRETO,BUENO,SECO,DESPEJADO,0,0,0,0
-8139111.32233079,-4415808.73683063,1816,2024,1594733,-36.83267,-73.114881,1,2024/02/27 00:00:00+00,1899/12/30 00:00:00+00,REGION BIO BIO,SAN PEDRO DE LA PAZ,COLISION LATERAL,COLISION,URBANA,TRAMO DE VIA RECTA,IMPRUDENCIA DEL CONDUCTOR,VIRAJES INDEBIDOS,LOS CLAVELES, ,- LOS CLAVELES,455, , ,UNIDIRECCIONAL,CONCRETO,BUENO,SECO,DESPEJADO,0,0,1,0
-8128915.68148853,-4432267.31706334,1817,2024,1587962,-36.950916,-73.023292,1,2024/01/30 00:00:00+00,1899/12/30 00:00:00+00,REGION BIO BIO,CHIGUAYANTE,ATROPELLO,ATROPELLO,URBANA,TRAMO DE VIA RECTA,IMPRUDENCIA DEL PEATON,PEATON CRUZA CAMINO O CARRETERA SIN ADOPTAR PRECAUCIONES,CONDOMINIO CARLOS ALEGRIA, ,- CONDOMINIO CARLOS ALEGRIA,810, , ,UNIDIRECCIONAL,ADOQUIN,BUENO,SECO,DESPEJADO,0,1,0,0
-8052268.87249264,-4508850.24765955,1818,2024,1603181,-37.498709,-72.334762,1,2024/04/05 00:00:00+00,1899/12/30 00:00:00+00,REGION BIO BIO,LOS ANGELES,COLISION LATERAL,COLISION,URBANA,TRAMO DE VIA RECTA,IMPRUDENCIA DEL CONDUCTOR,CONDUCCION NO ATENTO CONDICIONES TRANSITO MOMENTO,TOLPAN,LOS CARRERA,LOS CARRERA - TOLPAN,0, , ,BIDIRECCIONAL,ASFALTO,BUENO,SECO,DESPEJADO,0,1,0,1
-8131478.03352761,-4413638.17234769,1819,2024,1594734,-36.817062,-73.04631,1,2024/03/01 00:00:00+00,1899/12/30 00:00:00+00,REGION BIO BIO,CONCEPCION,CHOQUE POSTERIOR,CHOQUE,URBANA,CRUCE CON SEMAFORO FUNCIONANDO,IMPRUDENCIA DEL CONDUCTOR,CONDUCCION NO ATENTO CONDICIONES TRANSITO MOMENTO,MANUEL BULNES,PAICAVI,MANUEL BULNES - PAICAVI,0, , ,UNIDIRECCIONAL,CONCRETO,BUENO,SECO,DESPEJADO,0,0,0,1
-8054814.4152886,-4505755.12552693,1820,2024,1603184,-37.476647,-72.357629,1,2024/04/05 00:00:00+00,1899/12/30 00:00:00+00,REGION BIO BIO,LOS ANGELES,COLISION LATERAL,COLISION,URBANA,TRAMO DE VIA RECTA,IMPRUDENCIA DEL CONDUCTOR,CONDUCCION NO ATENTO CONDICIONES TRANSITO MOMENTO,PATRICIO LYNCH, ,- PATRICIO LYNCH,680, , ,UNIDIRECCIONAL,ASFALTO,BUENO,SECO,DESPEJADO,0,0,0,0
-8132079.38141687,-4415215.98748979,1821,2024,1587972,-36.828408,-73.051712,1,2024/01/31 00:00:00+00,1899/12/30 00:00:00+00,REGION BIO BIO,CONCEPCION,COLISION LATERAL,COLISION,URBANA,TRAMO DE VIA RECTA,IMPRUDENCIA DEL CONDUCTOR,CONDUCCION SIN MANTENER DISTANCIA RAZONABLE NI PRUDENTE,O'HIGGINS,RENGO,O'HIGGINS - RENGO,0, , ,UNIDIRECCIONAL,CONCRETO,BUENO,SECO,DESPEJADO,0,0,0,0
-8132277.3074715,-4415562.14798096,1822,2024,1594736,-36.830897,-73.05349,1,2024/03/01 00:00:00+00,1899/12/30 00:00:00+00,REGION BIO BIO,CONCEPCION,CHOQUE,CHOQUE,URBANA,TRAMO DE VIA RECTA,IMPRUDENCIA DEL CONDUCTOR,CONDUCCION NO ATENTO CONDICIONES TRANSITO MOMENTO,ANGOL, ,- ANGOL,265, , ,UNIDIRECCIONAL,CONCRETO,BUENO,SECO,DESPEJADO,0,0,0,0
-8143292.81636346,-4433648.39970169,1823,2024,1603201,-36.96083,-73.152444,1,2024/04/01 00:00:00+00,1899/12/30 00:00:00+00,REGION BIO BIO,CORONEL,CHOQUE FRENTE/LADO,CHOQUE,URBANA,TRAMO DE VIA RECTA,ALCOHOL EN CONDUCTOR,CONDUCCION EN ESTADO DE EBRIEDAD,LA ARAUCANA, ,- LA ARAUCANA,5236, , ,BIDIRECCIONAL,ASFALTO,BUENO,SECO,DESPEJADO,0,0,0,2
-8088483.99715445,-4510009.15451959,1824,2024,1587978,-37.506968,-72.660088,1,2024/01/29 00:00:00+00,1899/12/30 00:00:00+00,REGION BIO BIO,NACIMIENTO,CHOQUE,CHOQUE,URBANA,TRAMO DE VIA RECTA,IMPRUDENCIA DEL CONDUCTOR,CONDUCCION NO ATENTO CONDICIONES TRANSITO MOMENTO,LA FRONTERA, ,- LA FRONTERA,710, , ,BIDIRECCIONAL,ASFALTO,BUENO,SECO,DESPEJADO,0,0,0,0
-8132363.24611839,-4416858.8548651,1825,2024,1594743,-36.84022,-73.054262,1,2024/03/02 00:00:00+00,1899/12/30 00:00:00+00,REGION BIO BIO,CONCEPCION,COLISION PERPENDICULAR,COLISION,URBANA,CRUCE CON SEMAFORO FUNCIONANDO,DESOBEDIENCIA A SENALIZACION,SENALIZACION DESOBEDECER LUZ ROJA DE SEMAFORO,PEDRO DE VALDIVIA, ,- PEDRO DE VALDIVIA,461, , ,BIDIRECCIONAL CON BANDEJON,CONCRETO,BUENO,SECO,DESPEJADO,0,0,0,0
-8051796.76653218,-4507342.83621365,1826,2024,1603208,-37.487965,-72.330521,1,2024/04/05 00:00:00+00,1899/12/30 00:00:00+00,REGION BIO BIO,LOS ANGELES,CHOQUE FRONTAL,CHOQUE,URBANA,TRAMO DE VIA RECTA,IMPRUDENCIA DEL CONDUCTOR,CONDUCCION NO ATENTO CONDICIONES TRANSITO MOMENTO,BOGOTA,TOLPAN,BOGOTA - TOLPAN,0, , ,BIDIRECCIONAL,ASFALTO,BUENO,SECO,DESPEJADO,0,0,0,0
-8141965.55407473,-4443843.38316453,1827,2024,1587993,-37.033974,-73.140521,1,2024/01/07 00:00:00+00,1899/12/30 00:00:00+00,REGION BIO BIO,CORONEL,CHOQUE POSTERIOR/LADO,CHOQUE,URBANA,OTROS NO CONSIDERADOS,DROGAS Y/O FATIGA EN CONDUCTOR,"CONDICIONES FISICAS DEFICIENTES (CANSANCIO, SUENO)",FELIPE GATICA, ,- FELIPE GATICA,0, , ,BIDIRECCIONAL,ASFALTO,BUENO,SECO,DESPEJADO,0,0,0,0
-8170189.72040944,-4551850.54851303,1828,2024,1594767,-37.80454,-73.394063,1,2024/02/16 00:00:00+00,1899/12/30 00:00:00+00,REGION BIO BIO,CANETE,COLISION,COLISION,URBANA,TRAMO DE VIA RECTA,IMPRUDENCIA DEL CONDUCTOR,CONDUCCION NO ATENTO CONDICIONES TRANSITO MOMENTO,SARGENTO AGUAYO,VIDELA,SARGENTO AGUAYO - VIDELA,0, , ,UNIDIRECCIONAL,CONCRETO,BUENO,SECO,DESPEJADO,0,0,0,0
-8131110.23393003,-4414346.67224368,1829,2024,1587999,-36.822157,-73.043006,1,2024/01/31 00:00:00+00,1899/12/30 00:00:00+00,REGION BIO BIO,CONCEPCION,ATROPELLO,ATROPELLO,URBANA,TRAMO DE VIA RECTA,IMPRUDENCIA DEL CONDUCTOR,NO RESPETAR DERECHO PREFERENTE DE PASO A PEATON,PAICAVI,FREIRE,FREIRE - PAICAVI,0, , ,UNIDIRECCIONAL,ASFALTO,BUENO,SECO,DESPEJADO,0,0,0,1
-8053620.84770832,-4502108.84638914,1830,2024,1603217,-37.450648,-72.346907,1,2024/04/05 00:00:00+00,1899/12/30 00:00:00+00,REGION BIO BIO,LOS ANGELES,CHOQUE LADO/FRENTE,CHOQUE,URBANA,OTROS NO CONSIDERADOS,IMPRUDENCIA DEL CONDUCTOR,CONDUCCION NO ATENTO CONDICIONES TRANSITO MOMENTO,HELIOS, ,- HELIOS,1710, , ,UNIDIRECCIONAL,CONCRETO,BUENO,SECO,DESPEJADO,0,0,0,0
-8136542.62508074,-4414573.62467728,1831,2024,1594787,-36.823789,-73.091806,1,2024/03/02 00:00:00+00,1899/12/30 00:00:00+00,REGION BIO BIO,HUALPEN,COLISION,COLISION,URBANA,PUENTE,IMPRUDENCIA DEL CONDUCTOR,CONDUCCION SIN MANTENER DISTANCIA RAZONABLE NI PRUDENTE,PUENTE JUAN PABLO II, ,- PUENTE JUAN PABLO II,9, , ,BIDIRECCIONAL CON BANDEJON,CONCRETO,BUENO,SECO,DESPEJADO,0,0,0,2
-8091373.07189901,-4507811.98496306,1832,2024,1603227,-37.491309,-72.686041,1,2024/04/03 00:00:00+00,1899/12/30 00:00:00+00,REGION BIO BIO,NACIMIENTO,CHOQUE,CHOQUE,URBANA,TRAMO DE VIA RECTA,ALCOHOL EN CONDUCTOR,CONDUCCION EN ESTADO DE EBRIEDAD,PROLONGACION VILLA ALEGRE, ,- PROLONGACION VILLA ALEGRE,1, , ,BIDIRECCIONAL,ASFALTO,BUENO,SECO,DESPEJADO,0,0,0,1
-8091979.54048485,-4508218.71913291,1833,2024,1588015,-37.494208,-72.691489,1,2024/01/30 00:00:00+00,1899/12/30 00:00:00+00,REGION BIO BIO,NACIMIENTO,COLISION,COLISION,URBANA,CRUCE SIN SENALIZACION,IMPRUDENCIA DEL CONDUCTOR,CONDUCIR VEHICULO EN RETROCESO,NAHUELBUTA,JUAN PAREDES PASMINO,JUAN PAREDES PASMINO - NAHUELBUTA,0, , ,BIDIRECCIONAL,CONCRETO,BUENO,SECO,DESPEJADO,0,0,0,0
-8142778.63163549,-4415288.16707272,1834,2024,1594788,-36.828927,-73.147825,1,2024/03/04 00:00:00+00,1899/12/30 00:00:00+00,REGION BIO BIO,SAN PEDRO DE LA PAZ,CHOQUE FRENTE/POSTERIOR,CHOQUE,URBANA,TRAMO DE VIA RECTA,IMPRUDENCIA DEL CONDUCTOR,CONDUCCION NO ATENTO CONDICIONES TRANSITO MOMENTO,VENUS, ,- VENUS,725, , ,BIDIRECCIONAL CON BANDEJON,CONCRETO,BUENO,SECO,DESPEJADO,0,0,0,0
-8053904.15581239,-4503961.77022255,1835,2024,1603228,-37.463861,-72.349452,1,2024/04/06 00:00:00+00,1899/12/30 00:00:00+00,REGION BIO BIO,LOS ANGELES,COLISION LATERAL,COLISION,URBANA,CRUCE CON SEMAFORO FUNCIONANDO,IMPRUDENCIA DEL CONDUCTOR,CONDUCCION NO ATENTO CONDICIONES TRANSITO MOMENTO,GALVARINO,ALMAGRO,ALMAGRO - GALVARINO,0, , ,UNIDIRECCIONAL,ASFALTO,BUENO,SECO,DESPEJADO,0,0,0,1
-8144530.68910108,-4437660.04772865,1836,2024,1588019,-36.98962,-73.163564,1,2024/01/08 00:00:00+00,1899/12/30 00:00:00+00,REGION BIO BIO,CORONEL,COLISION LATERAL,COLISION,URBANA,TRAMO DE VIA RECTA,IMPRUDENCIA DEL CONDUCTOR,ADELANTAMIENTO SIN EL ESPACIO O TIEMPO SUFICIENTE,JUAN ANTONIO RIOS, ,- JUAN ANTONIO RIOS,2237, , ,UNIDIRECCIONAL,ASFALTO,BUENO,SECO,DESPEJADO,0,0,0,1
-8135806.3600837,-4416740.7925864,1837,2024,1594820,-36.839371,-73.085192,1,2024/03/01 00:00:00+00,1899/12/30 00:00:00+00,REGION BIO BIO,SAN PEDRO DE LA PAZ,CHOQUE FRONTAL,CHOQUE,URBANA,CRUCE CON SEMAFORO FUNCIONANDO,VELOCIDAD IMPRUDENTE,VELOCIDAD NO RAZONABLE NI PRUDENTE,PEDRO AGUIRRE CERDA,SAN PEDRO,PEDRO AGUIRRE CERDA - SAN PEDRO,0, , ,BIDIRECCIONAL CON BANDEJON,CONCRETO,BUENO,SECO,DESPEJADO,0,0,0,0
-8053719.92205513,-4506548.95080737,1838,2024,1603233,-37.482306,-72.347797,1,2024/04/07 00:00:00+00,1899/12/30 00:00:00+00,REGION BIO BIO,LOS ANGELES,CHOQUE FRENTE/POSTERIOR,CHOQUE,URBANA,TRAMO DE VIA RECTA,IMPRUDENCIA DEL CONDUCTOR,CONDUCCION NO ATENTO CONDICIONES TRANSITO MOMENTO,LOS CARRERA, ,- LOS CARRERA,802, , ,BIDIRECCIONAL CON BANDEJON,ASFALTO,BUENO,SECO,DESPEJADO,0,0,0,0
-8144330.53665664,-4440868.78659389,1839,2024,1588025,-37.01264,-73.161766,1,2024/01/09 00:00:00+00,1899/12/30 00:00:00+00,REGION BIO BIO,CORONEL,CHOQUE FRONTAL,CHOQUE,URBANA,TRAMO DE VIA RECTA,VELOCIDAD IMPRUDENTE,VELOCIDAD NO RAZONABLE NI PRUDENTE,ARTURO HUGHES, ,- ARTURO HUGHES,341, , ,BIDIRECCIONAL,ASFALTO,BUENO,SECO,DESPEJADO,0,0,0,0
-8142679.44596919,-4422857.78158082,1840,2024,1594826,-36.883336,-73.146934,1,2024/03/04 00:00:00+00,1899/12/30 00:00:00+00,REGION BIO BIO,SAN PEDRO DE LA PAZ,CHOQUE FRENTE/POSTERIOR,CHOQUE,URBANA,CRUCE CON SENAL PARE,IMPRUDENCIA DEL CONDUCTOR,CONDUCCION NO ATENTO CONDICIONES TRANSITO MOMENTO,LOS PARQUES,TORRES DEL PAINE,LOS PARQUES - TORRES DEL PAINE,0, , ,BIDIRECCIONAL CON BANDEJON,ASFALTO,BUENO,SECO,DESPEJADO,0,0,0,1
-8136072.52287112,-4416687.90805786,1841,2024,1588031,-36.838991,-73.087583,1,2024/01/30 00:00:00+00,1899/12/30 00:00:00+00,REGION BIO BIO,SAN PEDRO DE LA PAZ,ATROPELLO,ATROPELLO,URBANA,TRAMO DE VIA RECTA,IMPRUDENCIA DEL CONDUCTOR,CONDUCCION NO ATENTO CONDICIONES TRANSITO MOMENTO,PEDRO AGUIRRE CERDA, ,- PEDRO AGUIRRE CERDA,768, , ,UNIDIRECCIONAL,CONCRETO,BUENO,SECO,DESPEJADO,0,1,0,0
-8051356.49794609,-4504122.63510645,1842,2024,1603257,-37.465008,-72.326566,1,2024/04/07 00:00:00+00,1899/12/30 00:00:00+00,REGION BIO BIO,LOS ANGELES,CHOQUE FRENTE/POSTERIOR,CHOQUE,URBANA,CRUCE CON SEMAFORO FUNCIONANDO,IMPRUDENCIA DEL CONDUCTOR,CONDUCCION NO ATENTO CONDICIONES TRANSITO MOMENTO,LAS INDUSTRIAS, ,- LAS INDUSTRIAS,2109, , ,UNIDIRECCIONAL,ASFALTO,BUENO,SECO,DESPEJADO,0,0,0,0
-8118180.80903286,-4435072.43764745,1843,2024,1603259,-36.971051,-72.926859,1,2024/03/11 00:00:00+00,1899/12/30 00:00:00+00,REGION BIO BIO,HUALQUI,COLISION PERPENDICULAR,COLISION,URBANA,CRUCE SIN SENALIZACION,IMPRUDENCIA DEL CONDUCTOR,CONDUCCION NO ATENTO CONDICIONES TRANSITO MOMENTO,TEGUALDA,PADRE IGNACIO GARCIA,PADRE IGNACIO GARCIA - TEGUALDA,0, , ,BIDIRECCIONAL,CONCRETO,BUENO,SECO,DESPEJADO,0,0,0,1
-8143606.40336902,-4440662.60079157,1844,2024,1588041,-37.011161,-73.155261,1,2024/01/10 00:00:00+00,1899/12/30 00:00:00+00,REGION BIO BIO,CORONEL,CHOQUE POSTERIOR,CHOQUE,URBANA,TRAMO DE VIA RECTA,DROGAS Y/O FATIGA EN CONDUCTOR,"CONDICIONES FISICAS DEFICIENTES (CANSANCIO, SUENO)",YOBILO, ,- YOBILO,239, , ,BIDIRECCIONAL,ASFALTO,BUENO,SECO,DESPEJADO,0,0,0,0