X,Y,FID,Año,IdAccident,Latitud,longitud,ClaseAccid,Fecha,Hora,Región,Comuna,Tipo_Accid,Tipo__CONA,Zona,Ubicación,Causa__CON,Causa_Acci,Calle_Uno,Calle_Dos,Intersecci,Número,Ruta,Ubicaci_1,Calzada,Tipo_Calza,Estado_Cal,Condición,Estado_Atm,Fallecidos,Graves,Menos_Grav,Leves
-8139093.73385125,-4399448.89987737,1896,2024,1588317,-36.714952,-73.114723,1,2024/01/22 00:00:00+00,1899/12/30 00:00:00+00,REGION BIO BIO,TALCAHUANO,CHOQUE POSTERIOR/FRENTE,CHOQUE,URBANA,TRAMO DE VIA RECTA,IMPRUDENCIA DEL CONDUCTOR,CONDUCCION NO ATENTO CONDICIONES TRANSITO MOMENTO,SARGENTO ALDEA, ,- SARGENTO ALDEA,230, , ,UNIDIRECCIONAL,CONCRETO,BUENO,SECO,DESPEJADO,0,0,0,0
-8138129.03914403,-4402170.36967009,1897,2024,1588319,-36.734547,-73.106057,1,2024/01/20 00:00:00+00,1899/12/30 00:00:00+00,REGION BIO BIO,TALCAHUANO,CHOQUE FRENTE/POSTERIOR,CHOQUE,URBANA,TUNEL,IMPRUDENCIA DEL CONDUCTOR,CONDUCCION SIN MANTENER DISTANCIA RAZONABLE NI PRUDENTE,CRISTOBAL COLON, ,- CRISTOBAL COLON,2194, , ,BIDIRECCIONAL CON BANDEJON,CONCRETO,BUENO,SECO,DESPEJADO,0,0,0,0
-8136607.85830234,-4404920.46097351,1898,2024,1588320,-36.754343,-73.092392,1,2024/01/30 00:00:00+00,1899/12/30 00:00:00+00,REGION BIO BIO,TALCAHUANO,CHOQUE FRENTE/POSTERIOR,CHOQUE,URBANA,TRAMO DE VIA RECTA,IMPRUDENCIA DEL CONDUCTOR,CONDUCCION SIN MANTENER DISTANCIA RAZONABLE NI PRUDENTE,CRISTOBAL COLON, ,- CRISTOBAL COLON,5182, , ,BIDIRECCIONAL CON BANDEJON,CONCRETO,BUENO,SECO,DESPEJADO,0,0,0,0
-8139166.75943721,-4398940.23773373,1899,2024,1588322,-36.711289,-73.115379,1,2024/01/21 00:00:00+00,1899/12/30 00:00:00+00,REGION BIO BIO,TALCAHUANO,CHOQUE FRENTE/POSTERIOR,CHOQUE,URBANA,CRUCE CON SEMAFORO FUNCIONANDO,IMPRUDENCIA DEL CONDUCTOR,CONDUCCION SIN MANTENER DISTANCIA RAZONABLE NI PRUDENTE,ALMIRANTE LATORRE, ,- ALMIRANTE LATORRE,6, , ,BIDIRECCIONAL,CONCRETO,BUENO,SECO,DESPEJADO,0,0,0,0
-8139345.09326146,-4400814.20065655,1900,2024,1588323,-36.724783,-73.116981,1,2024/01/20 00:00:00+00,1899/12/30 00:00:00+00,REGION BIO BIO,TALCAHUANO,COLISION LATERAL,COLISION,URBANA,CRUCE CON SENAL CEDA EL PASO,DESOBEDIENCIA A SENALIZACION,SENALIZACION DESOBEDECER SENAL CEDA EL PASO,VOLCAN MANIO,VOLCAN LAZCAR,VOLCAN LAZCAR - VOLCAN MANIO,0, , ,BIDIRECCIONAL,CONCRETO,BUENO,SECO,DESPEJADO,0,0,0,0
-8139864.17604703,-4399556.24554716,1901,2024,1588324,-36.715725,-73.121644,1,2024/01/20 00:00:00+00,1899/12/30 00:00:00+00,REGION BIO BIO,TALCAHUANO,CHOQUE LATERAL,CHOQUE,URBANA,TRAMO DE VIA RECTA,DROGAS Y/O FATIGA EN CONDUCTOR,"CONDICIONES FISICAS DEFICIENTES (CANSANCIO, SUENO)",VALPARAISO, ,- VALPARAISO,105, , ,BIDIRECCIONAL,CONCRETO,BUENO,SECO,DESPEJADO,0,0,0,1
-8138129.03914403,-4402170.36967009,1902,2024,1588325,-36.734547,-73.106057,1,2024/01/17 00:00:00+00,1899/12/30 00:00:00+00,REGION BIO BIO,TALCAHUANO,COLISION LATERAL,COLISION,URBANA,CRUCE CON SEMAFORO FUNCIONANDO,DESOBEDIENCIA A SENALIZACION,SENALIZACION DESOBEDECER LUZ ROJA DE SEMAFORO,CRISTOBAL COLON, ,- CRISTOBAL COLON,2194, , ,BIDIRECCIONAL CON BANDEJON,CONCRETO,BUENO,SECO,DESPEJADO,0,0,0,1
-8138129.03914403,-4402170.36967009,1903,2024,1588327,-36.734547,-73.106057,1,2024/01/17 00:00:00+00,1899/12/30 00:00:00+00,REGION BIO BIO,TALCAHUANO,COLISION LATERAL,COLISION,URBANA,CRUCE CON SEMAFORO FUNCIONANDO,DESOBEDIENCIA A SENALIZACION,SENALIZACION DESOBEDECER LUZ ROJA DE SEMAFORO,CRISTOBAL COLON, ,- CRISTOBAL COLON,3178, , ,BIDIRECCIONAL CON BANDEJON,CONCRETO,BUENO,SECO,DESPEJADO,0,0,0,1
-8136675.98583071,-4405408.01077841,1904,2024,1588329,-36.757852,-73.093004,1,2024/01/23 00:00:00+00,1899/12/30 00:00:00+00,REGION BIO BIO,TALCAHUANO,ATROPELLO,ATROPELLO,URBANA,TRAMO DE VIA RECTA,IMPRUDENCIA DEL PEATON,PEATON CRUZA CALZADA FORMA SORPRESIVA O DESCUIDADA,LAS AMAPOLAS, ,- LAS AMAPOLAS,4996, , ,BIDIRECCIONAL,CONCRETO,BUENO,SECO,DESPEJADO,0,0,0,1
-8141633.04275573,-4399794.2707169,1905,2024,1588331,-36.717439,-73.137534,1,2024/01/25 00:00:00+00,1899/12/30 00:00:00+00,REGION BIO BIO,TALCAHUANO,CHOQUE FRENTE/POSTERIOR,CHOQUE,URBANA,TRAMO DE VIA RECTA,IMPRUDENCIA DEL CONDUCTOR,CONDUCCION SIN MANTENER DISTANCIA RAZONABLE NI PRUDENTE,RUCAMANQUE, ,- RUCAMANQUE,928, , ,BIDIRECCIONAL,CONCRETO,BUENO,SECO,DESPEJADO,0,0,0,0
-8137151.76533436,-4416665.65318333,1906,2024,1588332,-36.838831,-73.097278,1,2024/01/06 00:00:00+00,1899/12/30 00:00:00+00,REGION BIO BIO,SAN PEDRO DE LA PAZ,COLISION LATERAL,COLISION,URBANA,CRUCE CON SENAL PARE,IMPRUDENCIA DEL CONDUCTOR,NO RESPETAR DERECHO PREFERENTE DE PASO A VEHICULO,PEDRO AGUIRRE CERDA,LAGUNA GRANDE,LAGUNA GRANDE - PEDRO AGUIRRE CERDA,0, , ,BIDIRECCIONAL CON BANDEJON,CONCRETO,BUENO,SECO,DESPEJADO,0,0,0,1
-8135739.34363517,-4407294.0895697,1907,2024,1588335,-36.771425,-73.08459,1,2024/01/26 00:00:00+00,1899/12/30 00:00:00+00,REGION BIO BIO,TALCAHUANO,COLISION LATERAL,COLISION,URBANA,CRUCE SIN SENALIZACION,IMPRUDENCIA DEL CONDUCTOR,NO RESPETAR DERECHO PREFERENTE DE PASO A VEHICULO,RIO RENAICO,RIO PETORCA,RIO PETORCA - RIO RENAICO,0, , ,BIDIRECCIONAL,CONCRETO,BUENO,SECO,DESPEJADO,0,0,0,1
-8138078.83405368,-4416624.48178821,1908,2024,1588336,-36.838535,-73.105606,1,2024/01/07 00:00:00+00,1899/12/30 00:00:00+00,REGION BIO BIO,SAN PEDRO DE LA PAZ,VOLCADURA,VOLCADURA,URBANA,TRAMO DE VIA RECTA,ALCOHOL EN CONDUCTOR,CONDUCCION EN ESTADO DE EBRIEDAD,PEDRO AGUIRRE CERDA, ,- PEDRO AGUIRRE CERDA,1637, , ,BIDIRECCIONAL CON BANDEJON,CONCRETO,BUENO,SECO,DESPEJADO,0,0,0,1
-8129985.35047556,-4425135.88416173,1909,2024,1588337,-36.899703,-73.032901,1,2024/01/22 00:00:00+00,1899/12/30 00:00:00+00,REGION BIO BIO,CHIGUAYANTE,COLISION LATERAL,COLISION,URBANA,TRAMO DE VIA RECTA,IMPRUDENCIA DEL CONDUCTOR,CONDUCCION NO ATENTO CONDICIONES TRANSITO MOMENTO,8 ORIENTE, ,- 8 ORIENTE,750, , ,BIDIRECCIONAL CON BANDEJON,CONCRETO,BUENO,SECO,DESPEJADO,0,0,0,0
-8139063.90022772,-4396183.91337149,1910,2024,1588338,-36.691437,-73.114455,1,2024/01/23 00:00:00+00,1899/12/30 00:00:00+00,REGION BIO BIO,TALCAHUANO,CHOQUE FRONTAL,CHOQUE,URBANA,TRAMO DE VIA RECTA,DROGAS Y/O FATIGA EN CONDUCTOR,"CONDICIONES FISICAS DEFICIENTES (CANSANCIO, SUENO)",MICHIMALONGO, ,- MICHIMALONGO,3745, , ,BIDIRECCIONAL,CONCRETO,BUENO,SECO,DESPEJADO,0,0,0,0
-8136484.18234807,-4407823.85804009,1911,2024,1588340,-36.775237,-73.091281,1,2024/01/25 00:00:00+00,1899/12/30 00:00:00+00,REGION BIO BIO,TALCAHUANO,COLISION LATERAL,COLISION,URBANA,CRUCE CON SENAL CEDA EL PASO,DESOBEDIENCIA A SENALIZACION,SENALIZACION DESOBEDECER SENAL CEDA EL PASO,7 PONIENTE,7 NORTE,7 NORTE - 7 PONIENTE,0, , ,BIDIRECCIONAL,CONCRETO,BUENO,SECO,DESPEJADO,0,0,0,0
-8054455.85520876,-4505402.48943817,1912,2024,1603750,-37.474133,-72.354408,1,2024/04/11 00:00:00+00,1899/12/30 00:00:00+00,REGION BIO BIO,LOS ANGELES,ATROPELLO,ATROPELLO,URBANA,TRAMO DE VIA RECTA,IMPRUDENCIA DEL CONDUCTOR,CONDUCCION NO ATENTO CONDICIONES TRANSITO MOMENTO,MANUEL RODRIGUEZ,BULNES,BULNES - MANUEL RODRIGUEZ,0, , ,UNIDIRECCIONAL,CONCRETO,BUENO,SECO,DESPEJADO,0,0,1,0
-8051817.137999,-4500972.12400853,1913,2024,1603779,-37.442541,-72.330704,1,2024/04/11 00:00:00+00,1899/12/30 00:00:00+00,REGION BIO BIO,LOS ANGELES,ATROPELLO,ATROPELLO,URBANA,TRAMO DE VIA RECTA,IMPRUDENCIA DEL CONDUCTOR,CONDUCCION NO ATENTO CONDICIONES TRANSITO MOMENTO,SOR VICENTA, ,- SOR VICENTA,2710, , ,BIDIRECCIONAL,CONCRETO,BUENO,SECO,DESPEJADO,0,0,0,1
-8053914.28588605,-4505854.2977972,1914,2024,1603783,-37.477354,-72.349543,1,2024/04/11 00:00:00+00,1899/12/30 00:00:00+00,REGION BIO BIO,LOS ANGELES,COLISION POR ALCANCE,COLISION,URBANA,TRAMO DE VIA RECTA,IMPRUDENCIA DEL CONDUCTOR,CONDUCCION NO ATENTO CONDICIONES TRANSITO MOMENTO,FREIRE, ,- FREIRE,424, , ,UNIDIRECCIONAL,CONCRETO,BUENO,SECO,DESPEJADO,0,0,0,0
-8054269.06110321,-4504618.0078615,1915,2024,1603790,-37.46854,-72.35273,1,2024/04/11 00:00:00+00,1899/12/30 00:00:00+00,REGION BIO BIO,LOS ANGELES,COLISION LATERAL,COLISION,URBANA,TRAMO DE VIA RECTA,IMPRUDENCIA DEL CONDUCTOR,CONDUCCION CAMBIAR SORPRESIVAMENTE PISTA CIRCULACION,VALDIVIA, ,- VALDIVIA,440, , ,UNIDIRECCIONAL,ASFALTO,REGULAR,SECO,DESPEJADO,0,0,0,0
-8164931.98953978,-4505299.11348553,1916,2024,1603848,-37.473396,-73.346832,1,2024/04/12 00:00:00+00,1899/12/30 00:00:00+00,REGION BIO BIO,CURANILAHUE,CHOQUE POSTERIOR/LADO,CHOQUE,URBANA,CRUCE CON SEMAFORO FUNCIONANDO,IMPRUDENCIA DEL CONDUCTOR,CONDUCCION NO ATENTO CONDICIONES TRANSITO MOMENTO,BERNARDO O'HIGGINS,SALVADOR ALLENDE,BERNARDO O'HIGGINS - SALVADOR ALLENDE,0, , ,BIDIRECCIONAL,CONCRETO,BUENO,SECO,DESPEJADO,0,0,0,0
-8163067.27674951,-4507045.70082953,1917,2024,1603859,-37.485847,-73.330081,1,2024/04/14 00:00:00+00,1899/12/30 00:00:00+00,REGION BIO BIO,CURANILAHUE,COLISION LATERAL,COLISION,URBANA,TRAMO DE VIA RECTA,ALCOHOL EN CONDUCTOR,CONDUCCION EN ESTADO DE EBRIEDAD,TUCAPEL,RIO NEGRO,RIO NEGRO - TUCAPEL,0, , ,BIDIRECCIONAL,CONCRETO,BUENO,SECO,DESPEJADO,0,0,0,0
-8055387.93330517,-4506192.50052971,1918,2024,1603872,-37.479765,-72.362781,1,2024/04/11 00:00:00+00,1899/12/30 00:00:00+00,REGION BIO BIO,LOS ANGELES,COLISION LATERAL,COLISION,URBANA,TRAMO DE VIA RECTA,IMPRUDENCIA DEL CONDUCTOR,CONDUCCION NO ATENTO CONDICIONES TRANSITO MOMENTO,ALCAZAR, ,- ALCAZAR,690, , ,UNIDIRECCIONAL,CONCRETO,BUENO,SECO,DESPEJADO,0,0,0,0
-8052755.56130638,-4503181.18281963,1919,2024,1603884,-37.458295,-72.339134,1,2024/04/12 00:00:00+00,1899/12/30 00:00:00+00,REGION BIO BIO,LOS ANGELES,CHOQUE FRENTE/POSTERIOR,CHOQUE,URBANA,TRAMO DE VIA RECTA,IMPRUDENCIA DEL CONDUCTOR,CONDUCCION NO ATENTO CONDICIONES TRANSITO MOMENTO,ALMIRANTE LATORRE, ,- ALMIRANTE LATORRE,525, , ,BIDIRECCIONAL CON BANDEJON,CONCRETO,BUENO,SECO,DESPEJADO,0,0,0,0
-8055423.77818121,-4505979.98281444,1920,2024,1603894,-37.47825,-72.363103,1,2024/04/12 00:00:00+00,1899/12/30 00:00:00+00,REGION BIO BIO,LOS ANGELES,COLISION,COLISION,URBANA,TRAMO DE VIA RECTA,IMPRUDENCIA DEL CONDUCTOR,CONDUCCION NO ATENTO CONDICIONES TRANSITO MOMENTO,ALCAZAR, ,- ALCAZAR,551, , ,UNIDIRECCIONAL,CONCRETO,BUENO,SECO,DESPEJADO,0,0,0,0
-8053755.21033371,-4506200.77688434,1921,2024,1603897,-37.479824,-72.348114,1,2024/04/12 00:00:00+00,1899/12/30 00:00:00+00,REGION BIO BIO,LOS ANGELES,COLISION POR ALCANCE,COLISION,URBANA,TRAMO DE VIA RECTA,IMPRUDENCIA DEL CONDUCTOR,CONDUCCION NO ATENTO CONDICIONES TRANSITO MOMENTO,LOS CARRERA, ,- LOS CARRERA,606, , ,UNIDIRECCIONAL,CONCRETO,BUENO,SECO,DESPEJADO,0,0,0,0
-8054519.75259648,-4506307.52841701,1922,2024,1603900,-37.480585,-72.354982,1,2024/04/12 00:00:00+00,1899/12/30 00:00:00+00,REGION BIO BIO,LOS ANGELES,COLISION POR ALCANCE,COLISION,URBANA,CRUCE CON SEMAFORO FUNCIONANDO,IMPRUDENCIA DEL CONDUCTOR,CONDUCCION NO ATENTO CONDICIONES TRANSITO MOMENTO,FREIRE,VICUNA MACKENNA,FREIRE - VICUNA MACKENNA,0, , ,UNIDIRECCIONAL,ASFALTO,BUENO,SECO,DESPEJADO,0,0,0,0
-8052701.68267284,-4502228.8775535,1923,2024,1603903,-37.451504,-72.33865,1,2024/04/12 00:00:00+00,1899/12/30 00:00:00+00,REGION BIO BIO,LOS ANGELES,CHOQUE POSTERIOR/LADO,CHOQUE,URBANA,CRUCE CON SENAL CEDA EL PASO,IMPRUDENCIA DEL CONDUCTOR,CONDUCCION NO ATENTO CONDICIONES TRANSITO MOMENTO,SOR VICENTA, ,- SOR VICENTA,2113, , ,BIDIRECCIONAL CON BANDEJON,CONCRETO,BUENO,SECO,DESPEJADO,0,0,0,0
-8054398.08039304,-4505151.41528384,1924,2024,1603904,-37.472343,-72.353889,1,2024/04/12 00:00:00+00,1899/12/30 00:00:00+00,REGION BIO BIO,LOS ANGELES,CHOQUE FRENTE/POSTERIOR,CHOQUE,URBANA,TRAMO DE VIA RECTA,IMPRUDENCIA DEL CONDUCTOR,CONDUCCION NO ATENTO CONDICIONES TRANSITO MOMENTO,FREIRE,RICARDO VICUNA,FREIRE - RICARDO VICUNA,0, , ,BIDIRECCIONAL,ASFALTO,BUENO,SECO,NUBLADO,0,0,1,0
-8054090.1706815,-4505250.16104949,1925,2024,1603906,-37.473047,-72.351123,1,2024/04/13 00:00:00+00,1899/12/30 00:00:00+00,REGION BIO BIO,LOS ANGELES,COLISION POR ALCANCE,COLISION,URBANA,TRAMO DE VIA RECTA,IMPRUDENCIA DEL CONDUCTOR,CONDUCCION NO ATENTO CONDICIONES TRANSITO MOMENTO,RICARDO VICUNA,BERNARDO O'HIGGINS,BERNARDO O'HIGGINS - RICARDO VICUNA,0, , ,UNIDIRECCIONAL,CONCRETO,BUENO,SECO,DESPEJADO,0,0,0,0
-8053482.47758126,-4505265.73042413,1926,2024,1603909,-37.473158,-72.345664,1,2024/04/13 00:00:00+00,1899/12/30 00:00:00+00,REGION BIO BIO,LOS ANGELES,CHOQUE POSTERIOR/FRENTE,CHOQUE,URBANA,TRAMO DE VIA RECTA,IMPRUDENCIA DEL CONDUCTOR,CONDUCCION NO ATENTO CONDICIONES TRANSITO MOMENTO,RICARDO VICUNA, ,- RICARDO VICUNA,147, , ,UNIDIRECCIONAL,CONCRETO,BUENO,SECO,DESPEJADO,0,0,0,0
-8054519.75259648,-4506307.52841701,1927,2024,1603911,-37.480585,-72.354982,1,2024/04/13 00:00:00+00,1899/12/30 00:00:00+00,REGION BIO BIO,LOS ANGELES,COLISION,COLISION,URBANA,CRUCE CON SEMAFORO FUNCIONANDO,IMPRUDENCIA DEL CONDUCTOR,CONDUCCION NO ATENTO CONDICIONES TRANSITO MOMENTO,SAN MARTIN,VICUNA MACKENNA,SAN MARTIN - VICUNA MACKENNA,0, , ,BIDIRECCIONAL,ASFALTO,BUENO,SECO,DESPEJADO,0,0,0,0
-8054983.95487308,-4505184.51745392,1928,2024,1603914,-37.472579,-72.359152,1,2024/04/13 00:00:00+00,1899/12/30 00:00:00+00,REGION BIO BIO,LOS ANGELES,COLISION LATERAL,COLISION,URBANA,CRUCE CON SENAL CEDA EL PASO,IMPRUDENCIA DEL CONDUCTOR,CONDUCCION NO ATENTO CONDICIONES TRANSITO MOMENTO,RICARDO VICUNA,JOSE MIGUEL INFANTE,JOSE MIGUEL INFANTE - RICARDO VICUNA,0, , ,BIDIRECCIONAL,CONCRETO,BUENO,SECO,DESPEJADO,0,0,0,1
-8051340.80189789,-4504250.54338397,1929,2024,1603919,-37.46592,-72.326425,1,2024/04/12 00:00:00+00,1899/12/30 00:00:00+00,REGION BIO BIO,LOS ANGELES,CHOQUE LATERAL,CHOQUE,URBANA,TRAMO DE VIA RECTA,IMPRUDENCIA DEL CONDUCTOR,CONDUCCION NO ATENTO CONDICIONES TRANSITO MOMENTO,LAS INDUSTRIAS, ,- LAS INDUSTRIAS,13200, , ,BIDIRECCIONAL,CONCRETO,BUENO,SECO,DESPEJADO,0,0,0,0
-8053173.56599431,-4507308.46459811,1930,2024,1603920,-37.48772,-72.342889,1,2024/04/14 00:00:00+00,1899/12/30 00:00:00+00,REGION BIO BIO,LOS ANGELES,COLISION FRONTAL,COLISION,URBANA,ROTONDA,DESOBEDIENCIA A SENALIZACION,SENALIZACION DESOBEDECER LUZ ROJA DE SEMAFORO,LOS CARRERA,FRANCISCO ENCINA,FRANCISCO ENCINA - LOS CARRERA,0, , ,BIDIRECCIONAL,ASFALTO,BUENO,SECO,DESPEJADO,0,0,0,2
-8052691.55259918,-4503098.44339977,1931,2024,1603921,-37.457705,-72.338559,1,2024/04/14 00:00:00+00,1899/12/30 00:00:00+00,REGION BIO BIO,LOS ANGELES,CHOQUE FRENTE/POSTERIOR,CHOQUE,URBANA,TRAMO DE VIA RECTA,IMPRUDENCIA DEL CONDUCTOR,CONDUCCION NO ATENTO CONDICIONES TRANSITO MOMENTO,ALMIRANTE LATORRE, ,- ALMIRANTE LATORRE,552, , ,BIDIRECCIONAL,ASFALTO,BUENO,SECO,DESPEJADO,0,0,0,1
-8054522.64690324,-4506376.96659413,1932,2024,1603926,-37.48108,-72.355008,1,2024/04/14 00:00:00+00,1899/12/30 00:00:00+00,REGION BIO BIO,LOS ANGELES,CHOQUE FRONTAL,CHOQUE,URBANA,TRAMO DE VIA RECTA,IMPRUDENCIA DEL CONDUCTOR,CONDUCCION NO ATENTO CONDICIONES TRANSITO MOMENTO,MANUEL RODRIGUEZ,VICUNA MACKENNA,MANUEL RODRIGUEZ - VICUNA MACKENNA,0, , ,UNIDIRECCIONAL,ASFALTO,BUENO,HUMEDO,DESPEJADO,0,0,0,1
-8052696.56197626,-4505544.29989992,1933,2024,1603937,-37.475144,-72.338604,1,2024/04/15 00:00:00+00,1899/12/30 00:00:00+00,REGION BIO BIO,LOS ANGELES,COLISION,COLISION,URBANA,TRAMO DE VIA RECTA,IMPRUDENCIA DEL CONDUCTOR,CONDUCCION NO ATENTO CONDICIONES TRANSITO MOMENTO,GABRIELA MISTRAL, ,- GABRIELA MISTRAL,900, , ,BIDIRECCIONAL CON BANDEJON,CONCRETO,BUENO,SECO,DESPEJADO,0,0,0,0
-8122840.08632001,-4384046.61388788,1934,2024,1603940,-36.603959,-72.968714,1,2024/04/13 00:00:00+00,1899/12/30 00:00:00+00,REGION BIO BIO,TOME,COLISION PERPENDICULAR,COLISION,URBANA,CRUCE CON SENAL PARE,DESOBEDIENCIA A SENALIZACION,SENALIZACION DESOBEDECER SENAL PARE,LOS CIRUELOS,CARLOS WERNER,CARLOS WERNER - LOS CIRUELOS,0, , ,BIDIRECCIONAL,ASFALTO,BUENO,SECO,DESPEJADO,0,0,0,0
-8137594.95255052,-4416638.29698509,1935,2024,1603957,-36.838634,-73.101259,1,2024/04/09 00:00:00+00,1899/12/30 00:00:00+00,REGION BIO BIO,SAN PEDRO DE LA PAZ,CAIDA,CAIDA,URBANA,TRAMO DE VIA RECTA,IMPRUDENCIA DEL PASAJERO,IMPRUDENCIA DEL PASAJERO,PEDRO AGUIRRE CERDA,LOS CANELOS,LOS CANELOS - PEDRO AGUIRRE CERDA,0, , ,BIDIRECCIONAL,ASFALTO,BUENO,SECO,DESPEJADO,0,0,0,1
-8121418.09114462,-4383427.20125275,1936,2024,1603959,-36.599492,-72.95594,1,2024/04/13 00:00:00+00,1899/12/30 00:00:00+00,REGION BIO BIO,TOME,CHOQUE POSTERIOR/FRENTE,CHOQUE,URBANA,TRAMO DE VIA RECTA,IMPRUDENCIA DEL CONDUCTOR,CONDUCIR VEHICULO EN RETROCESO,LOMA LARGA,PASAJE UNO,LOMA LARGA - PASAJE UNO,0, , ,BIDIRECCIONAL,CONCRETO,BUENO,SECO,DESPEJADO,0,0,0,0
-8128968.87864641,-4432333.77698347,1937,2024,1588344,-36.951393,-73.02377,1,2024/01/23 00:00:00+00,1899/12/30 00:00:00+00,REGION BIO BIO,CHIGUAYANTE,COLISION LATERAL,COLISION,URBANA,OTROS NO CONSIDERADOS,IMPRUDENCIA DEL CONDUCTOR,CONDUCCION CAMBIAR SORPRESIVAMENTE PISTA CIRCULACION,PORVENIR,12 DE OCTUBRE,12 DE OCTUBRE - PORVENIR,0, , ,BIDIRECCIONAL,CONCRETO,BUENO,SECO,DESPEJADO,0,0,0,0
-8135927.36225512,-4405424.9621845,1938,2024,1588347,-36.757974,-73.086279,1,2024/01/24 00:00:00+00,1899/12/30 00:00:00+00,REGION BIO BIO,TALCAHUANO,COLISION LATERAL,COLISION,URBANA,TRAMO DE VIA RECTA,IMPRUDENCIA DEL CONDUCTOR,VIRAJES INDEBIDOS,JAIME REPULLO, ,- JAIME REPULLO,3129, , ,BIDIRECCIONAL,CONCRETO,BUENO,SECO,DESPEJADO,0,0,0,0
-8139491.36707236,-4399858.9855961,1939,2024,1588351,-36.717905,-73.118295,1,2024/01/23 00:00:00+00,1899/12/30 00:00:00+00,REGION BIO BIO,TALCAHUANO,COLISION POR ALCANCE,COLISION,URBANA,TRAMO DE VIA RECTA,IMPRUDENCIA DEL CONDUCTOR,ADELANTAMIENTO SIN EL ESPACIO O TIEMPO SUFICIENTE,VALDIVIA, ,- VALDIVIA,761, , ,BIDIRECCIONAL,CONCRETO,BUENO,SECO,DESPEJADO,0,0,0,0
-8128654.97124109,-4430084.0575749,1940,2024,1588354,-36.935241,-73.02095,1,2024/01/27 00:00:00+00,1899/12/30 00:00:00+00,REGION BIO BIO,CHIGUAYANTE,COLISION PERPENDICULAR,COLISION,URBANA,CRUCE CON SEMAFORO FUNCIONANDO,IMPRUDENCIA DEL CONDUCTOR,CONDUCCION CAMBIAR SORPRESIVAMENTE PISTA CIRCULACION,PROGRESO,MANUEL RODRIGUEZ,MANUEL RODRIGUEZ - PROGRESO,0, , ,BIDIRECCIONAL CON BANDEJON,CONCRETO,BUENO,SECO,DESPEJADO,0,0,0,1
-8139480.56908175,-4416461.32779264,1941,2024,1588355,-36.837362,-73.118198,1,2024/01/07 00:00:00+00,1899/12/30 00:00:00+00,REGION BIO BIO,SAN PEDRO DE LA PAZ,COLISION LATERAL,COLISION,URBANA,CRUCE CON SENAL PARE,DESOBEDIENCIA A SENALIZACION,SENALIZACION DESOBEDECER SENAL PARE,CANDELARIA,DIAGONAL BIOBIO,CANDELARIA - DIAGONAL BIOBIO,0, , ,UNIDIRECCIONAL,CONCRETO,BUENO,SECO,DESPEJADO,0,0,0,0
-8142565.34349113,-4399762.60778598,1942,2024,1588356,-36.717211,-73.145909,1,2024/01/27 00:00:00+00,1899/12/30 00:00:00+00,REGION BIO BIO,TALCAHUANO,CHOQUE FRONTAL,CHOQUE,URBANA,TRAMO DE VIA RECTA,ALCOHOL EN CONDUCTOR,CONDUCCION EN ESTADO DE EBRIEDAD,PUNTA CORRALILLO, ,- PUNTA CORRALILLO,504, , ,BIDIRECCIONAL,CONCRETO,BUENO,SECO,DESPEJADO,0,0,0,1
-8139660.68401786,-4399608.59951922,1943,2024,1588360,-36.716102,-73.119816,1,2024/01/18 00:00:00+00,1899/12/30 00:00:00+00,REGION BIO BIO,TALCAHUANO,CHOQUE LATERAL,CHOQUE,URBANA,TRAMO DE VIA RECTA,IMPRUDENCIA DEL CONDUCTOR,CONDUCCION CAMBIAR SORPRESIVAMENTE PISTA CIRCULACION,PRINCIPAL, ,- PRINCIPAL,80, , ,BIDIRECCIONAL,CONCRETO,BUENO,SECO,DESPEJADO,0,0,0,1
-8128389.91953351,-4430829.86700431,1944,2024,1588363,-36.940596,-73.018569,1,2024/01/26 00:00:00+00,1899/12/30 00:00:00+00,REGION BIO BIO,CHIGUAYANTE,COLISION PERPENDICULAR,COLISION,URBANA,CRUCE CON SEMAFORO FUNCIONANDO,IMPRUDENCIA DEL CONDUCTOR,CONDUCCION CAMBIAR SORPRESIVAMENTE PISTA CIRCULACION,MANUEL RODRIGUEZ,MANQUIMAVIDA,MANQUIMAVIDA - MANUEL RODRIGUEZ,0, , ,BIDIRECCIONAL CON BANDEJON,CONCRETO,BUENO,SECO,DESPEJADO,0,0,0,0
-8137910.6303031,-4396247.35692063,1945,2024,1588365,-36.691894,-73.104095,1,2024/01/25 00:00:00+00,1899/12/30 00:00:00+00,REGION BIO BIO,TALCAHUANO,CHOQUE POSTERIOR/LADO,CHOQUE,URBANA,TRAMO DE VIA RECTA,IMPRUDENCIA DEL CONDUCTOR,CONDUCCION NO ATENTO CONDICIONES TRANSITO MOMENTO,JORGE MONTT, ,- JORGE MONTT,250, , ,BIDIRECCIONAL,CONCRETO,BUENO,SECO,DESPEJADO,0,0,0,0
-8139584.43016666,-4416552.5713215,1946,2024,1588367,-36.838018,-73.119131,1,2024/01/09 00:00:00+00,1899/12/30 00:00:00+00,REGION BIO BIO,SAN PEDRO DE LA PAZ,COLISION POR ALCANCE,COLISION,URBANA,TRAMO DE VIA RECTA,IMPRUDENCIA DEL CONDUCTOR,CONDUCCION SIN MANTENER DISTANCIA RAZONABLE NI PRUDENTE,PEDRO AGUIRRE CERDA, ,- PEDRO AGUIRRE CERDA,2155, , ,BIDIRECCIONAL CON BANDEJON,CONCRETO,BUENO,SECO,DESPEJADO,0,0,0,0