X,Y,FID,Año,IdAccident,Latitud,longitud,ClaseAccid,Fecha,Hora,Región,Comuna,Tipo_Accid,Tipo__CONA,Zona,Ubicación,Causa__CON,Causa_Acci,Calle_Uno,Calle_Dos,Intersecci,Número,Ruta,Ubicaci_1,Calzada,Tipo_Calza,Estado_Cal,Condición,Estado_Atm,Fallecidos,Graves,Menos_Grav,Leves
-8130999.58235618,-4421118.52913661,1947,2024,1588371,-36.870838,-73.042012,1,2024/01/26 00:00:00+00,1899/12/30 00:00:00+00,REGION BIO BIO,CHIGUAYANTE,COLISION FRONTAL,COLISION,URBANA,TRAMO DE VIA RECTA,IMPRUDENCIA DEL CONDUCTOR,CONDUCCION CAMBIAR SORPRESIVAMENTE PISTA CIRCULACION,CAMINO A CHIGUAYANTE,ZENON HERRERA,CAMINO A CHIGUAYANTE - ZENON HERRERA,0, , ,BIDIRECCIONAL CON BANDEJON,CONCRETO,BUENO,SECO,DESPEJADO,0,1,0,0
-8137151.76533436,-4416665.65318333,1948,2024,1588374,-36.838831,-73.097278,1,2024/01/09 00:00:00+00,1899/12/30 00:00:00+00,REGION BIO BIO,SAN PEDRO DE LA PAZ,COLISION LATERAL,COLISION,URBANA,CRUCE SIN SENALIZACION,IMPRUDENCIA DEL CONDUCTOR,CONDUCCION SIN MANTENER DISTANCIA RAZONABLE NI PRUDENTE,PEDRO AGUIRRE CERDA,LAGUNA GRANDE,LAGUNA GRANDE - PEDRO AGUIRRE CERDA,0, , ,BIDIRECCIONAL CON BANDEJON,CONCRETO,BUENO,SECO,DESPEJADO,0,0,0,0
-8139661.68589327,-4416412.08999394,1949,2024,1588382,-36.837008,-73.119825,1,2024/01/12 00:00:00+00,1899/12/30 00:00:00+00,REGION BIO BIO,SAN PEDRO DE LA PAZ,VOLCADURA,VOLCADURA,URBANA,TRAMO DE VIA RECTA,VELOCIDAD IMPRUDENTE,VELOCIDAD MAYOR QUE MAXIMA PERMITIDA,PEDRO AGUIRRE CERDA,PUENTE BICENTENARIO,PEDRO AGUIRRE CERDA - PUENTE BICENTENARIO,0, , ,BIDIRECCIONAL,ASFALTO,BUENO,SECO,DESPEJADO,0,4,0,0
-8042340.0644698,-4539328.5765311,1950,2024,1588389,-37.71561,-72.24557,1,2024/01/27 00:00:00+00,1899/12/30 00:00:00+00,REGION BIO BIO,MULCHEN,COLISION,COLISION,URBANA,CRUCE CON SENAL CEDA EL PASO,DESOBEDIENCIA A SENALIZACION,SENALIZACION DESOBEDECER SENAL CEDA EL PASO,MANERA,SOTO,MANERA - SOTO,0, , ,UNIDIRECCIONAL,ASFALTO,BUENO,SECO,DESPEJADO,0,0,0,0
-8141844.54978824,-4417631.83579031,1951,2024,1588392,-36.845777,-73.139434,1,2024/01/13 00:00:00+00,1899/12/30 00:00:00+00,REGION BIO BIO,SAN PEDRO DE LA PAZ,COLISION LATERAL,COLISION,RURAL,TRAMO DE VIA RECTA,IMPRUDENCIA DEL CONDUCTOR,ADELANTAMIENTO SIN EL ESPACIO O TIEMPO SUFICIENTE,MANUEL RODRIGUEZ, ,- MANUEL RODRIGUEZ,350, , ,BIDIRECCIONAL CON BANDEJON,ASFALTO,BUENO,SECO,DESPEJADO,0,0,0,0
-8042584.96734955,-4539250.89800968,1952,2024,1588400,-37.715058,-72.24777,1,2024/01/28 00:00:00+00,1899/12/30 00:00:00+00,REGION BIO BIO,MULCHEN,CHOQUE,CHOQUE,URBANA,CRUCE CON SEMAFORO FUNCIONANDO,IMPRUDENCIA DEL CONDUCTOR,CONDUCCION NO ATENTO CONDICIONES TRANSITO MOMENTO,MANERA,MATTA,MANERA - MATTA,0, , ,UNIDIRECCIONAL,ASFALTO,BUENO,SECO,DESPEJADO,0,0,0,3
-8139661.68589327,-4416412.08999394,1953,2024,1588404,-36.837008,-73.119825,1,2024/01/15 00:00:00+00,1899/12/30 00:00:00+00,REGION BIO BIO,SAN PEDRO DE LA PAZ,COLISION POR ALCANCE,COLISION,URBANA,CRUCE CON SEMAFORO FUNCIONANDO,IMPRUDENCIA DEL CONDUCTOR,CONDUCCION SIN MANTENER DISTANCIA RAZONABLE NI PRUDENTE,PEDRO AGUIRRE CERDA,LOS CLAVELES,LOS CLAVELES - PEDRO AGUIRRE CERDA,0, , ,BIDIRECCIONAL CON BANDEJON,ASFALTO,BUENO,SECO,DESPEJADO,0,0,0,0
-8137001.03874382,-4417352.23750096,1954,2024,1588409,-36.843767,-73.095924,1,2024/01/15 00:00:00+00,1899/12/30 00:00:00+00,REGION BIO BIO,SAN PEDRO DE LA PAZ,CHOQUE LADO/POSTERIOR,CHOQUE,URBANA,CRUCE CON SEMAFORO FUNCIONANDO,VELOCIDAD IMPRUDENTE,VELOCIDAD NO RAZONABLE NI PRUDENTE,MICHIMALONCO, ,- MICHIMALONCO,1130, , ,BIDIRECCIONAL CON BANDEJON,CONCRETO,BUENO,SECO,DESPEJADO,0,0,0,1
-8141817.49915198,-4417408.99118606,1955,2024,1588414,-36.844175,-73.139191,1,2024/01/25 00:00:00+00,1899/12/30 00:00:00+00,REGION BIO BIO,SAN PEDRO DE LA PAZ,CHOQUE FRONTAL,CHOQUE,URBANA,CRUCE CON SEMAFORO FUNCIONANDO,OTRAS CAUSAS,HECHO DELICTUAL,RENE SCHNEIDER,MICHAIHUE,MICHAIHUE - RENE SCHNEIDER,0, , ,BIDIRECCIONAL,CONCRETO,BUENO,SECO,DESPEJADO,0,0,0,0
-8135243.19266471,-4417115.21067762,1956,2024,1588417,-36.842063,-73.080133,1,2024/01/18 00:00:00+00,1899/12/30 00:00:00+00,REGION BIO BIO,SAN PEDRO DE LA PAZ,CHOQUE FRENTE/POSTERIOR,CHOQUE,URBANA,CRUCE CON SENAL CEDA EL PASO,IMPRUDENCIA DEL CONDUCTOR,CONDUCCION NO ATENTO CONDICIONES TRANSITO MOMENTO,PEDRO AGUIRRE CERDA, ,- PEDRO AGUIRRE CERDA,299, , ,BIDIRECCIONAL,ASFALTO,BUENO,SECO,NUBLADO,0,0,0,0
-8134819.68463058,-4417304.28660406,1957,2024,1588423,-36.843422,-73.076329,1,2024/01/18 00:00:00+00,1899/12/30 00:00:00+00,REGION BIO BIO,SAN PEDRO DE LA PAZ,CHOQUE FRENTE/POSTERIOR,CHOQUE,URBANA,TRAMO DE VIA RECTA,IMPRUDENCIA DEL CONDUCTOR,CONDUCCION SIN MANTENER DISTANCIA RAZONABLE NI PRUDENTE,PEDRO AGUIRRE CERDA,PUENTE CHACABUCO,PEDRO AGUIRRE CERDA - PUENTE CHACABUCO,0, , ,BIDIRECCIONAL,ASFALTO,BUENO,SECO,DESPEJADO,0,0,0,1
-8139315.92755487,-4415497.1985693,1958,2024,1588424,-36.83043,-73.116719,1,2024/01/18 00:00:00+00,1899/12/30 00:00:00+00,REGION BIO BIO,SAN PEDRO DE LA PAZ,COLISION LATERAL,COLISION,URBANA,TRAMO DE VIA RECTA,VELOCIDAD IMPRUDENTE,VELOCIDAD NO RAZONABLE NI PRUDENTE,CENTRAL, ,- CENTRAL,3027, , ,BIDIRECCIONAL,CONCRETO,BUENO,SECO,DESPEJADO,0,0,0,1
-8138852.45508885,-4416554.07445392,1959,2024,1588427,-36.838029,-73.112556,1,2024/01/19 00:00:00+00,1899/12/30 00:00:00+00,REGION BIO BIO,SAN PEDRO DE LA PAZ,CHOQUE FRENTE/POSTERIOR,CHOQUE,URBANA,CRUCE SIN SENALIZACION,IMPRUDENCIA DEL CONDUCTOR,CONDUCCION SIN MANTENER DISTANCIA RAZONABLE NI PRUDENTE,PEDRO AGUIRRE CERDA,LOS BATROS,LOS BATROS - PEDRO AGUIRRE CERDA,0, , ,UNIDIRECCIONAL,ASFALTO,BUENO,SECO,DESPEJADO,0,0,0,0
-8136656.95800128,-4416673.64616916,1960,2024,1588429,-36.838888,-73.092833,1,2024/01/26 00:00:00+00,1899/12/30 00:00:00+00,REGION BIO BIO,SAN PEDRO DE LA PAZ,COLISION LATERAL,COLISION,URBANA,CRUCE SIN SENALIZACION,IMPRUDENCIA DEL CONDUCTOR,CONDUCCION SIN MANTENER DISTANCIA RAZONABLE NI PRUDENTE,COLO COLO,PEDRO AGUIRRE CERDA,COLO COLO - PEDRO AGUIRRE CERDA,0, , ,BIDIRECCIONAL,CONCRETO,BUENO,SECO,DESPEJADO,0,0,0,0
-8137379.07973456,-4415662.42397542,1961,2024,1588439,-36.831618,-73.09932,1,2024/01/30 00:00:00+00,1899/12/30 00:00:00+00,REGION BIO BIO,SAN PEDRO DE LA PAZ,COLISION LATERAL,COLISION,URBANA,PUENTE,IMPRUDENCIA DEL CONDUCTOR,CONDUCCION CAMBIAR SORPRESIVAMENTE PISTA CIRCULACION,PUENTE JUAN PABLO II, ,- PUENTE JUAN PABLO II,0, , ,BIDIRECCIONAL CON BANDEJON,ASFALTO,BUENO,SECO,DESPEJADO,0,0,0,1
-8142516.47423467,-4452090.0088209,1962,2024,1603966,-37.093088,-73.14547,1,2024/04/11 00:00:00+00,1899/12/30 00:00:00+00,REGION BIO BIO,LOTA,ATROPELLO,ATROPELLO,URBANA,TRAMO DE VIA RECTA,IMPRUDENCIA DEL PEATON,PEATON CRUZA CALZADA FORMA SORPRESIVA O DESCUIDADA,ABANICO,TORIBIO JEREZ,ABANICO - TORIBIO JEREZ,0, , ,BIDIRECCIONAL,ASFALTO,BUENO,SECO,DESPEJADO,0,0,0,1
-8120021.69945211,-4386723.79866247,1963,2024,1603972,-36.623263,-72.943396,1,2024/04/14 00:00:00+00,1899/12/30 00:00:00+00,REGION BIO BIO,TOME,CHOQUE,CHOQUE,URBANA,TRAMO DE VIA RECTA,IMPRUDENCIA DEL CONDUCTOR,CONDUCCION NO ATENTO CONDICIONES TRANSITO MOMENTO,MANUEL MONTT, ,- MANUEL MONTT,2298, , ,BIDIRECCIONAL,ASFALTO,BUENO,SECO,DESPEJADO,0,0,0,1
-8134631.71470178,-4407805.79100046,1964,2024,1603990,-36.775107,-73.07464,1,2024/04/06 00:00:00+00,1899/12/30 00:00:00+00,REGION BIO BIO,TALCAHUANO,CHOQUE FRONTAL,CHOQUE,URBANA,TRAMO DE VIA RECTA,IMPRUDENCIA DEL CONDUCTOR,CONDUCCION NO ATENTO CONDICIONES TRANSITO MOMENTO,IFARLE ORIENTE, ,- IFARLE ORIENTE,7421, , ,BIDIRECCIONAL,CONCRETO,BUENO,SECO,DESPEJADO,0,0,0,0
-8136392.23244868,-4405278.79192957,1965,2024,1603992,-36.756922,-73.090455,1,2024/04/04 00:00:00+00,1899/12/30 00:00:00+00,REGION BIO BIO,TALCAHUANO,COLISION LATERAL,COLISION,URBANA,CRUCE CON SEMAFORO FUNCIONANDO,DESOBEDIENCIA A SENALIZACION,SENALIZACION DESOBEDECER LUZ ROJA DE SEMAFORO,CRISTOBAL COLON, ,- CRISTOBAL COLON,4975, , ,BIDIRECCIONAL,CONCRETO,BUENO,SECO,DESPEJADO,0,0,0,0
-8139203.94014713,-4400818.36723703,1966,2024,1603994,-36.724813,-73.115713,1,2024/04/04 00:00:00+00,1899/12/30 00:00:00+00,REGION BIO BIO,TALCAHUANO,CHOQUE POSTERIOR/FRENTE,CHOQUE,URBANA,OTROS NO CONSIDERADOS,IMPRUDENCIA DEL CONDUCTOR,CONDUCCION NO ATENTO CONDICIONES TRANSITO MOMENTO,BILBAO, ,- BILBAO,413, , ,BIDIRECCIONAL,CONCRETO,BUENO,SECO,DESPEJADO,0,0,0,0
-8138563.96439456,-4401881.17619058,1967,2024,1603995,-36.732465,-73.109964,1,2024/04/07 00:00:00+00,1899/12/30 00:00:00+00,REGION BIO BIO,TALCAHUANO,COLISION LATERAL,COLISION,URBANA,CRUCE SIN SENALIZACION,ALCOHOL EN CONDUCTOR,CONDUCCION EN ESTADO DE EBRIEDAD,HUALPEN, ,- HUALPEN,101, , ,BIDIRECCIONAL,CONCRETO,BUENO,SECO,DESPEJADO,0,0,0,1
-8136379.76466571,-4405296.15996328,1968,2024,1603998,-36.757047,-73.090343,1,2024/04/05 00:00:00+00,1899/12/30 00:00:00+00,REGION BIO BIO,TALCAHUANO,COLISION LATERAL,COLISION,URBANA,CRUCE CON SEMAFORO FUNCIONANDO,IMPRUDENCIA DEL CONDUCTOR,CONDUCCION CAMBIAR SORPRESIVAMENTE PISTA CIRCULACION,CRISTOBAL COLON, ,- CRISTOBAL COLON,4979, , ,BIDIRECCIONAL CON BANDEJON,CONCRETO,BUENO,SECO,DESPEJADO,0,0,0,0
-8136619.88080735,-4404766.3781979,1969,2024,1604000,-36.753234,-73.0925,1,2024/04/08 00:00:00+00,1899/12/30 00:00:00+00,REGION BIO BIO,TALCAHUANO,CHOQUE FRENTE/POSTERIOR,CHOQUE,URBANA,TRAMO DE VIA RECTA,ALCOHOL EN CONDUCTOR,CONDUCCION EN ESTADO DE EBRIEDAD,CRISTOBAL COLON, ,- CRISTOBAL COLON,4310, , ,BIDIRECCIONAL CON BANDEJON,CONCRETO,BUENO,SECO,DESPEJADO,0,0,0,1
-8137801.53720212,-4404007.52871027,1970,2024,1604001,-36.747772,-73.103115,1,2024/04/08 00:00:00+00,1899/12/30 00:00:00+00,REGION BIO BIO,TALCAHUANO,COLISION POR ALCANCE,COLISION,URBANA,TRAMO DE VIA RECTA,IMPRUDENCIA DEL CONDUCTOR,CONDUCCION SIN MANTENER DISTANCIA RAZONABLE NI PRUDENTE,DESIDERIO GARCIA, ,- DESIDERIO GARCIA,3341, , ,BIDIRECCIONAL CON BANDEJON,CONCRETO,BUENO,SECO,DESPEJADO,0,0,0,0
-8132426.47558917,-4415926.95686202,1971,2024,1604004,-36.83352,-73.05483,1,2024/04/10 00:00:00+00,1899/12/30 00:00:00+00,REGION BIO BIO,CONCEPCION,COLISION LATERAL,COLISION,URBANA,CRUCE CON SEMAFORO FUNCIONANDO,IMPRUDENCIA DEL CONDUCTOR,CONDUCCION SIN MANTENER DISTANCIA RAZONABLE NI PRUDENTE,CHACABUCO,SERRANO,CHACABUCO - SERRANO,0, , ,BIDIRECCIONAL CON BANDEJON,CONCRETO,BUENO,SECO,DESPEJADO,0,0,0,0
-8130886.37043404,-4414768.31812198,1972,2024,1604019,-36.825189,-73.040995,1,2024/04/10 00:00:00+00,1899/12/30 00:00:00+00,REGION BIO BIO,CONCEPCION,ATROPELLO,ATROPELLO,URBANA,CRUCE CON SEMAFORO FUNCIONANDO,IMPRUDENCIA DEL CONDUCTOR,NO RESPETAR DERECHO PREFERENTE DE PASO A PEATON,SAN MARTIN,PAICAVI,PAICAVI - SAN MARTIN,0, , ,UNIDIRECCIONAL,CONCRETO,BUENO,SECO,DESPEJADO,0,0,0,0
-8131882.34591817,-4414573.48561181,1973,2024,1604022,-36.823788,-73.049942,1,2024/04/10 00:00:00+00,1899/12/30 00:00:00+00,REGION BIO BIO,CONCEPCION,COLISION PERPENDICULAR,COLISION,URBANA,CRUCE CON SEMAFORO FUNCIONANDO,DESOBEDIENCIA A SENALIZACION,SENALIZACION DESOBEDECER LUZ ROJA DE SEMAFORO,MAIPU,COLO COLO,COLO COLO - MAIPU,0, , ,UNIDIRECCIONAL,CONCRETO,BUENO,SECO,DESPEJADO,0,0,0,1
-8134277.71872106,-4414665.68641933,1974,2024,1604032,-36.824451,-73.07146,1,2024/04/11 00:00:00+00,1899/12/30 00:00:00+00,REGION BIO BIO,CONCEPCION,CHOQUE POSTERIOR,CHOQUE,URBANA,CRUCE CON SEMAFORO FUNCIONANDO,DESOBEDIENCIA A SENALIZACION,SENALIZACION DESOBEDECER LUZ INTERMITENTE SEMAFORO,COSTANERA,TEMISTOCLES ROJAS,COSTANERA - TEMISTOCLES ROJAS,0, , ,BIDIRECCIONAL CON BANDEJON,CONCRETO,BUENO,SECO,DESPEJADO,0,0,0,0
-8141276.82038519,-4420031.81477678,1975,2024,1604040,-36.863028,-73.134334,1,2024/04/11 00:00:00+00,1899/12/30 00:00:00+00,REGION BIO BIO,SAN PEDRO DE LA PAZ,COLISION PERPENDICULAR,COLISION,URBANA,CRUCE SIN SENALIZACION,IMPRUDENCIA DEL CONDUCTOR,CONDUCCION NO ATENTO CONDICIONES TRANSITO MOMENTO,LOS MANIOS,3 PONIENTE,3 PONIENTE - LOS MANIOS,0, , ,BIDIRECCIONAL,CONCRETO,BUENO,SECO,DESPEJADO,0,1,0,1
-8131181.47840413,-4414205.38567309,1976,2024,1604048,-36.821141,-73.043646,1,2024/04/12 00:00:00+00,1899/12/30 00:00:00+00,REGION BIO BIO,CONCEPCION,COLISION LATERAL,COLISION,URBANA,CRUCE CON SEMAFORO FUNCIONANDO,IMPRUDENCIA DEL CONDUCTOR,CONDUCCION NO ATENTO CONDICIONES TRANSITO MOMENTO,MAIPU,PAICAVI,MAIPU - PAICAVI,0, , ,UNIDIRECCIONAL,CONCRETO,BUENO,SECO,DESPEJADO,0,0,0,0
-8133565.051341,-4415724.17554344,1977,2024,1604068,-36.832062,-73.065058,1,2024/04/12 00:00:00+00,1899/12/30 00:00:00+00,REGION BIO BIO,CONCEPCION,COLISION PERPENDICULAR,COLISION,URBANA,CRUCE CON SENAL CEDA EL PASO,DESOBEDIENCIA A SENALIZACION,SENALIZACION DESOBEDECER SENAL CEDA EL PASO,COSTANERA,CENTRAL NORTE,CENTRAL NORTE - COSTANERA,0, , ,UNIDIRECCIONAL,CONCRETO,BUENO,SECO,DESPEJADO,0,0,0,1
-8133936.1905233,-4415437.81262339,1978,2024,1604088,-36.830003,-73.068392,1,2024/04/12 00:00:00+00,1899/12/30 00:00:00+00,REGION BIO BIO,CONCEPCION,CHOQUE FRONTAL,CHOQUE,URBANA,PUENTE,DROGAS Y/O FATIGA EN CONDUCTOR,CONDUCCION BAJO INFLUENCIA DE DROGAS O ESTUPEFACIENTES,PUENTE LLACOLEN, ,- PUENTE LLACOLEN,1, , ,BIDIRECCIONAL CON BANDEJON,CONCRETO,BUENO,SECO,DESPEJADO,0,0,0,0
-8077508.56327917,-4452843.51010659,1979,2024,1604094,-37.098487,-72.561494,1,2024/04/11 00:00:00+00,1899/12/30 00:00:00+00,REGION BIO BIO,YUMBEL,COLISION,COLISION,URBANA,CRUCE CON SENAL PARE,IMPRUDENCIA DEL CONDUCTOR,CONDUCCION NO ATENTO CONDICIONES TRANSITO MOMENTO,CASTELLON,BERNARDO O'HIGGINS,BERNARDO O'HIGGINS - CASTELLON,0, , ,UNIDIRECCIONAL,CONCRETO,BUENO,SECO,DESPEJADO,0,0,0,0
-8059665.94133636,-4443584.42872423,1980,2024,1604095,-37.032117,-72.401211,1,2024/04/11 00:00:00+00,1899/12/30 00:00:00+00,REGION BIO BIO,CABRERO,CHOQUE LADO/LADO,CHOQUE,URBANA,TRAMO DE VIA RECTA,ALCOHOL EN CONDUCTOR,CONDUCCION EN ESTADO DE EBRIEDAD,LAS PERLAS, ,- LAS PERLAS,180, , ,BIDIRECCIONAL,ASFALTO,BUENO,SECO,DESPEJADO,0,0,0,1
-8138512.43334436,-4417200.50347615,1981,2024,1588441,-36.842676,-73.109501,1,2024/01/30 00:00:00+00,1899/12/30 00:00:00+00,REGION BIO BIO,SAN PEDRO DE LA PAZ,CHOQUE FRENTE/LADO,CHOQUE,URBANA,CRUCE CON SENAL CEDA EL PASO,IMPRUDENCIA DEL CONDUCTOR,CONDUCCION NO ATENTO CONDICIONES TRANSITO MOMENTO,LOS ACACIOS,LAS ARAUCARIAS,LAS ARAUCARIAS - LOS ACACIOS,0, , ,BIDIRECCIONAL CON BANDEJON,CONCRETO,BUENO,SECO,DESPEJADO,0,0,0,1
-8136072.52287112,-4416687.90805786,1982,2024,1588445,-36.838991,-73.087583,1,2024/01/31 00:00:00+00,1899/12/30 00:00:00+00,REGION BIO BIO,SAN PEDRO DE LA PAZ,CHOQUE LATERAL,CHOQUE,URBANA,CICLOVIA,IMPRUDENCIA DEL CONDUCTOR,VIRAJES INDEBIDOS,PEDRO AGUIRRE CERDA, ,- PEDRO AGUIRRE CERDA,768, , ,BIDIRECCIONAL CON BANDEJON,CONCRETO,BUENO,SECO,DESPEJADO,0,1,0,0
-8054532.33169894,-4503726.57814262,1983,2024,1588466,-37.462184,-72.355095,1,2024/01/23 00:00:00+00,1899/12/30 00:00:00+00,REGION BIO BIO,LOS ANGELES,ATROPELLO,ATROPELLO,URBANA,TRAMO DE VIA RECTA,IMPRUDENCIA DEL CONDUCTOR,CONDUCCION NO ATENTO CONDICIONES TRANSITO MOMENTO,JANEQUEO,ERCILLA,ERCILLA - JANEQUEO,0, , ,UNIDIRECCIONAL,CONCRETO,BUENO,SECO,DESPEJADO,0,0,0,1
-8144150.64435951,-4439370.78958707,1984,2024,1588518,-37.001894,-73.16015,1,2024/01/11 00:00:00+00,1899/12/30 00:00:00+00,REGION BIO BIO,CORONEL,COLISION LATERAL,COLISION,URBANA,CRUCE CON SENAL CEDA EL PASO,IMPRUDENCIA DEL CONDUCTOR,CONDUCCION NO ATENTO CONDICIONES TRANSITO MOMENTO,LOS LABOREOS,JOSE SANTOS OSSA,JOSE SANTOS OSSA - LOS LABOREOS,0, , ,BIDIRECCIONAL,ASFALTO,BUENO,SECO,DESPEJADO,0,0,0,0
-8164504.85665361,-4505621.30757157,1985,2024,1588538,-37.475693,-73.342995,1,2024/01/19 00:00:00+00,1899/12/30 00:00:00+00,REGION BIO BIO,CURANILAHUE,CHOQUE LADO/LADO,CHOQUE,URBANA,TRAMO DE VIA RECTA,IMPRUDENCIA DEL CONDUCTOR,CONDUCCION NO ATENTO CONDICIONES TRANSITO MOMENTO,CAUPOLICAN, ,- CAUPOLICAN,790, , ,UNIDIRECCIONAL,CONCRETO,BUENO,SECO,DESPEJADO,0,0,0,0
-8141589.40551534,-4439283.81022449,1986,2024,1588540,-37.00127,-73.137142,1,2024/01/11 00:00:00+00,1899/12/30 00:00:00+00,REGION BIO BIO,CORONEL,ATROPELLO,ATROPELLO,RURAL,OTROS NO CONSIDERADOS,IMPRUDENCIA DEL PEATON,IMPRUDENCIA DEL PEATON,LAGUNA QUINENCO, ,- LAGUNA QUINENCO,0, , ,BIDIRECCIONAL,TIERRA,REGULAR, ,DESPEJADO,0,1,0,0
-8130956.83567171,-4414626.19155631,1987,2024,1588542,-36.824167,-73.041628,1,2024/02/01 00:00:00+00,1899/12/30 00:00:00+00,REGION BIO BIO,CONCEPCION,COLISION LATERAL,COLISION,URBANA,TRAMO DE VIA RECTA,IMPRUDENCIA DEL CONDUCTOR,CONDUCCION NO ATENTO CONDICIONES TRANSITO MOMENTO,O'HIGGINS,PAICAVI,O'HIGGINS - PAICAVI,0, , ,UNIDIRECCIONAL,CONCRETO,BUENO,SECO,DESPEJADO,0,0,0,0
-8144162.66686452,-4439626.99256294,1988,2024,1588553,-37.003732,-73.160258,1,2024/01/11 00:00:00+00,1899/12/30 00:00:00+00,REGION BIO BIO,CORONEL,COLISION,COLISION,URBANA,ACERA O BERMA,IMPRUDENCIA DEL CONDUCTOR,CONDUCCION NO ATENTO CONDICIONES TRANSITO MOMENTO,MANUEL MONTT, ,- MANUEL MONTT,1425, , ,UNIDIRECCIONAL,ASFALTO,BUENO,SECO,DESPEJADO,0,0,0,1
-8041878.75649995,-4540243.31280046,1989,2024,1588562,-37.72211,-72.241426,1,2024/02/02 00:00:00+00,1899/12/30 00:00:00+00,REGION BIO BIO,MULCHEN,CHOQUE,CHOQUE,URBANA,TRAMO DE VIA RECTA,IMPRUDENCIA DEL CONDUCTOR,CONDUCCION NO ATENTO CONDICIONES TRANSITO MOMENTO,VILLAGRAN, ,- VILLAGRAN,730, , ,UNIDIRECCIONAL,CONCRETO,BUENO,SECO,DESPEJADO,0,0,0,0
-8133177.32555457,-4416471.75955891,1990,2024,1588567,-36.837437,-73.061575,1,2024/02/01 00:00:00+00,1899/12/30 00:00:00+00,REGION BIO BIO,CONCEPCION,CHOQUE,CHOQUE,URBANA,TRAMO DE VIA RECTA,IMPRUDENCIA DEL CONDUCTOR,CONDUCCION SIN MANTENER DISTANCIA RAZONABLE NI PRUDENTE,COSTANERA,ESMERALDA,COSTANERA - ESMERALDA,0, , ,UNIDIRECCIONAL,CONCRETO,BUENO,SECO,DESPEJADO,0,0,0,0
-8053482.47758126,-4505265.73042413,1991,2024,1588572,-37.473158,-72.345664,1,2024/01/23 00:00:00+00,1899/12/30 00:00:00+00,REGION BIO BIO,LOS ANGELES,ATROPELLO,ATROPELLO,URBANA,TRAMO DE VIA RECTA,IMPRUDENCIA DEL CONDUCTOR,CONDUCCION NO ATENTO CONDICIONES TRANSITO MOMENTO,RICARDO VICUNA, ,- RICARDO VICUNA,147, , ,UNIDIRECCIONAL,CONCRETO,BUENO,SECO,DESPEJADO,0,0,0,2
-8051337.23967418,-4503104.47353883,1992,2024,1588584,-37.457748,-72.326393,1,2024/01/23 00:00:00+00,1899/12/30 00:00:00+00,REGION BIO BIO,LOS ANGELES,CHOQUE LADO/LADO,CHOQUE,URBANA,OTROS NO CONSIDERADOS,IMPRUDENCIA DEL CONDUCTOR,CONDUCCION NO ATENTO CONDICIONES TRANSITO MOMENTO,LAS INDUSTRIAS, ,- LAS INDUSTRIAS,506, , ,UNIDIRECCIONAL,ASFALTO,BUENO,SECO,DESPEJADO,0,0,0,0
-8056466.95312943,-4503529.11623618,1993,2024,1588592,-37.460776,-72.372474,1,2024/01/24 00:00:00+00,1899/12/30 00:00:00+00,REGION BIO BIO,LOS ANGELES,COLISION FRONTAL,COLISION,URBANA,CRUCE CON SENAL PARE,IMPRUDENCIA DEL CONDUCTOR,CONDUCCION NO ATENTO CONDICIONES TRANSITO MOMENTO,LAS TRANCAS,PADRE HURTADO,LAS TRANCAS - PADRE HURTADO,0, , ,UNIDIRECCIONAL,CONCRETO,BUENO,SECO,DESPEJADO,0,0,0,1
-8132228.21557606,-4414930.61173704,1994,2024,1588606,-36.826356,-73.053049,1,2024/02/03 00:00:00+00,1899/12/30 00:00:00+00,REGION BIO BIO,CONCEPCION,COLISION,COLISION,URBANA,TRAMO DE VIA RECTA,IMPRUDENCIA DEL CONDUCTOR,CONDUCCION CAMBIAR SORPRESIVAMENTE PISTA CIRCULACION,FREIRE,RENGO,FREIRE - RENGO,0, , ,UNIDIRECCIONAL,CONCRETO,BUENO,SECO,DESPEJADO,0,0,0,0
-8164409.90112796,-4506212.41990275,1995,2024,1588607,-37.479907,-73.342142,1,2024/02/01 00:00:00+00,1899/12/30 00:00:00+00,REGION BIO BIO,CURANILAHUE,COLISION LATERAL,COLISION,URBANA,CRUCE CON SEMAFORO FUNCIONANDO,IMPRUDENCIA DEL CONDUCTOR,CONDUCCION NO ATENTO CONDICIONES TRANSITO MOMENTO,SARGENTO ALDEA,IGNACIO SERRANO,IGNACIO SERRANO - SARGENTO ALDEA,0, , ,BIDIRECCIONAL,MIXTO,REGULAR,SECO,DESPEJADO,0,0,0,0
-8054062.56344779,-4504922.78874262,1996,2024,1588608,-37.470713,-72.350875,1,2024/01/24 00:00:00+00,1899/12/30 00:00:00+00,REGION BIO BIO,LOS ANGELES,COLISION POR ALCANCE,COLISION,URBANA,TRAMO DE VIA RECTA,IMPRUDENCIA DEL CONDUCTOR,CONDUCCION NO ATENTO CONDICIONES TRANSITO MOMENTO,COLON, ,- COLON,259, , ,UNIDIRECCIONAL,ASFALTO,BUENO,SECO,DESPEJADO,0,0,0,0
-8125804.30172085,-4414366.28007542,1997,2024,1588609,-36.822298,-72.995342,1,2024/02/03 00:00:00+00,1899/12/30 00:00:00+00,REGION BIO BIO,CONCEPCION,CHOQUE,CHOQUE,URBANA,OTROS NO CONSIDERADOS,IMPRUDENCIA DEL CONDUCTOR,CONDUCCION NO ATENTO CONDICIONES TRANSITO MOMENTO,21 DE MAYO, ,- 21 DE MAYO,2750, , ,UNIDIRECCIONAL,CONCRETO,BUENO,SECO,DESPEJADO,0,0,0,0