X,Y,FID,Año,IdAccident,Latitud,longitud,ClaseAccid,Fecha,Hora,Región,Comuna,Tipo_Accid,Tipo__CONA,Zona,Ubicación,Causa__CON,Causa_Acci,Calle_Uno,Calle_Dos,Intersecci,Número,Ruta,Ubicaci_1,Calzada,Tipo_Calza,Estado_Cal,Condición,Estado_Atm,Fallecidos,Graves,Menos_Grav,Leves
-8139383.2758468,-4401340.73043631,2507,2024,1615380,-36.728574,-73.117324,1,2024/05/29 00:00:00+00,1899/12/30 00:00:00+00,REGION BIO BIO,TALCAHUANO,COLISION LATERAL,COLISION,URBANA,CRUCE CON SENAL PARE,IMPRUDENCIA DEL CONDUCTOR,CONDUCCION NO ATENTO CONDICIONES TRANSITO MOMENTO,JUAN ANTONIO RIOS, ,- JUAN ANTONIO RIOS,101, , ,BIDIRECCIONAL,CONCRETO,BUENO,SECO,DESPEJADO,0,0,0,0
-8009518.06920686,-4472836.28840209,2508,2024,1615387,-37.241599,-71.950725,1,2024/03/02 00:00:00+00,1899/12/30 00:00:00+00,REGION BIO BIO,TUCAPEL,CHOQUE FRONTAL,CHOQUE,URBANA,TRAMO DE VIA RECTA,IMPRUDENCIA DEL CONDUCTOR,CONDUCCION NO ATENTO CONDICIONES TRANSITO MOMENTO,LINARES, ,- LINARES,1084, , ,BIDIRECCIONAL,ASFALTO,BUENO,SECO,DESPEJADO,0,0,0,1
-8140132.34470035,-4399496.11517475,2509,2024,1615389,-36.715292,-73.124053,1,2024/05/29 00:00:00+00,1899/12/30 00:00:00+00,REGION BIO BIO,TALCAHUANO,COLISION LATERAL,COLISION,URBANA,TRAMO DE VIA RECTA,IMPRUDENCIA DEL CONDUCTOR,VIRAJES INDEBIDOS,TUMBES, ,- TUMBES,405, , ,BIDIRECCIONAL,CONCRETO,BUENO,SECO,DESPEJADO,0,0,0,1
-8138777.4751779,-4399201.16185917,2510,2024,1615393,-36.713168,-73.111882,1,2024/05/02 00:00:00+00,1899/12/30 00:00:00+00,REGION BIO BIO,TALCAHUANO,COLISION LATERAL,COLISION,URBANA,TRAMO DE VIA RECTA,IMPRUDENCIA DEL CONDUCTOR,CONDUCCION CAMBIAR SORPRESIVAMENTE PISTA CIRCULACION,BLANCO ENCALADA, ,- BLANCO ENCALADA,425, , ,BIDIRECCIONAL CON BANDEJON,CONCRETO,BUENO,SECO,DESPEJADO,0,0,0,0
-8139992.86137838,-4400047.43867143,2511,2024,1615395,-36.719262,-73.1228,1,2024/05/23 00:00:00+00,1899/12/30 00:00:00+00,REGION BIO BIO,TALCAHUANO,CHOQUE FRENTE/POSTERIOR,CHOQUE,URBANA,TRAMO DE VIA RECTA,IMPRUDENCIA DEL CONDUCTOR,CONDUCCION SIN MANTENER DISTANCIA RAZONABLE NI PRUDENTE,ALMIRANTE LATORRE, ,- ALMIRANTE LATORRE,839, , ,BIDIRECCIONAL,CONCRETO,BUENO,SECO,DESPEJADO,0,0,0,0
-8057140.65868771,-4502615.20213301,2512,2024,1615396,-37.454259,-72.378526,1,2024/06/02 00:00:00+00,1899/12/30 00:00:00+00,REGION BIO BIO,LOS ANGELES,COLISION LATERAL,COLISION,URBANA,TRAMO DE VIA RECTA,IMPRUDENCIA DEL CONDUCTOR,CONDUCCION NO ATENTO CONDICIONES TRANSITO MOMENTO,MARIA DOLORES, ,- MARIA DOLORES,2201, , ,BIDIRECCIONAL,ASFALTO,REGULAR,SECO,DESPEJADO,0,0,0,0
-8135753.81516898,-4411366.42371061,2513,2024,1615397,-36.800723,-73.08472,1,2024/05/17 00:00:00+00,1899/12/30 00:00:00+00,REGION BIO BIO,HUALPEN,COLISION LATERAL,COLISION,URBANA,CRUCE CON SEMAFORO FUNCIONANDO,DESOBEDIENCIA A SENALIZACION,SENALIZACION DESOBEDECER LUZ ROJA DE SEMAFORO,CRISTOBAL COLON, ,- CRISTOBAL COLON,8956, , ,BIDIRECCIONAL CON BANDEJON,CONCRETO,BUENO,SECO,DESPEJADO,0,0,0,0
-8139067.01717346,-4399393.49160369,2514,2024,1615398,-36.714553,-73.114483,1,2024/05/30 00:00:00+00,1899/12/30 00:00:00+00,REGION BIO BIO,TALCAHUANO,ATROPELLO,ATROPELLO,URBANA,CRUCE CON SEMAFORO FUNCIONANDO,IMPRUDENCIA DEL CONDUCTOR,NO RESPETAR DERECHO PREFERENTE DE PASO A PEATON,SAN MARTIN, ,- SAN MARTIN,275, , ,UNIDIRECCIONAL,CONCRETO,BUENO,SECO,DESPEJADO,0,1,0,1
-8136401.91724438,-4408716.96389928,2515,2024,1615404,-36.781663,-73.090542,1,2024/05/23 00:00:00+00,1899/12/30 00:00:00+00,REGION BIO BIO,TALCAHUANO,ATROPELLO,ATROPELLO,URBANA,CRUCE CON SEMAFORO FUNCIONANDO,DESOBEDIENCIA A SENALIZACION,SENALIZACION DESOBEDECER LUZ ROJA DE SEMAFORO,LAS GOLONDRINAS, ,- LAS GOLONDRINAS,856, , ,BIDIRECCIONAL CON BANDEJON,CONCRETO,BUENO,SECO,DESPEJADO,0,1,0,0
-8053420.69526387,-4505232.62799762,2516,2024,1615407,-37.472922,-72.345109,1,2024/06/03 00:00:00+00,1899/12/30 00:00:00+00,REGION BIO BIO,LOS ANGELES,COLISION POR ALCANCE,COLISION,URBANA,TRAMO DE VIA RECTA,IMPRUDENCIA DEL CONDUCTOR,CONDUCCION NO ATENTO CONDICIONES TRANSITO MOMENTO,RICARDO VICUNA,SANTA MARIA,RICARDO VICUNA - SANTA MARIA,0, , ,BIDIRECCIONAL,CONCRETO,BUENO,SECO,DESPEJADO,0,0,0,0
-8139412.3302339,-4400830.72810203,2517,2024,1615408,-36.724902,-73.117585,1,2024/05/24 00:00:00+00,1899/12/30 00:00:00+00,REGION BIO BIO,TALCAHUANO,COLISION LATERAL,COLISION,URBANA,CRUCE SIN SENALIZACION,IMPRUDENCIA DEL CONDUCTOR,ADELANTAMIENTO SIN EL ESPACIO O TIEMPO SUFICIENTE,BILBAO, ,- BILBAO,545, , ,BIDIRECCIONAL,CONCRETO,BUENO,SECO,DESPEJADO,0,1,0,1
-8139470.99560555,-4399431.95796866,2518,2024,1615411,-36.71483,-73.118112,1,2024/05/26 00:00:00+00,1899/12/30 00:00:00+00,REGION BIO BIO,TALCAHUANO,VOLCADURA,VOLCADURA,URBANA,TRAMO DE VIA RECTA,VELOCIDAD IMPRUDENTE,VELOCIDAD NO RAZONABLE NI PRUDENTE,TUMBES, ,- TUMBES,20, , ,BIDIRECCIONAL,CONCRETO,BUENO,SECO,DESPEJADO,0,1,0,1
-8054701.53732494,-4506294.76306481,2519,2024,1615412,-37.480494,-72.356615,1,2024/06/03 00:00:00+00,1899/12/30 00:00:00+00,REGION BIO BIO,LOS ANGELES,ATROPELLO,ATROPELLO,URBANA,CRUCE CON SENAL CEDA EL PASO,IMPRUDENCIA DEL CONDUCTOR,CONDUCCION NO ATENTO CONDICIONES TRANSITO MOMENTO,VICUNA MACKENNA,LORD COCHRANE,LORD COCHRANE - VICUNA MACKENNA,0, , ,UNIDIRECCIONAL,CONCRETO,BUENO,SECO,DESPEJADO,0,0,0,1
-8161579.26911607,-4473553.51454775,2520,2024,1615418,-37.246728,-73.316714,1,2024/05/31 00:00:00+00,1899/12/30 00:00:00+00,REGION BIO BIO,ARAUCO,COLISION LATERAL,COLISION,URBANA,TRAMO DE VIA RECTA,IMPRUDENCIA DEL CONDUCTOR,CONDUCCION NO ATENTO CONDICIONES TRANSITO MOMENTO,PATRIA, ,- PATRIA,214, , ,BIDIRECCIONAL,CONCRETO,BUENO,SECO,DESPEJADO,0,0,0,0
-8144436.84677034,-4438159.5546957,2521,2024,1615502,-36.993204,-73.162721,1,2024/05/27 00:00:00+00,1899/12/30 00:00:00+00,REGION BIO BIO,CORONEL,OTRO TIPO,OTRO TIPO,URBANA,TRAMO DE VIA RECTA,IMPRUDENCIA DEL CONDUCTOR,CONDUCCION NO ATENTO CONDICIONES TRANSITO MOMENTO,MANUEL MONTT, ,- MANUEL MONTT,2328, , ,UNIDIRECCIONAL,ASFALTO,BUENO,SECO,DESPEJADO,0,0,0,0
-8135864.02146486,-4410812.29014093,2522,2024,1615522,-36.796737,-73.08571,1,2024/06/03 00:00:00+00,1899/12/30 00:00:00+00,REGION BIO BIO,HUALPEN,CHOQUE,CHOQUE,URBANA,TRAMO DE VIA RECTA,IMPRUDENCIA DEL CONDUCTOR,CONDUCCION NO ATENTO CONDICIONES TRANSITO MOMENTO,CRISTOBAL COLON, ,- CRISTOBAL COLON,8761, , ,BIDIRECCIONAL,CONCRETO,BUENO,SECO,DESPEJADO,0,0,0,0
-8129731.87599502,-4413718.68448456,2523,2024,1615528,-36.817641,-73.030624,1,2024/06/01 00:00:00+00,1899/12/30 00:00:00+00,REGION BIO BIO,CONCEPCION,COLISION,COLISION,URBANA,CIRCUITO PRIVADO,IMPRUDENCIA DEL CONDUCTOR,CONDUCCION NO ATENTO CONDICIONES TRANSITO MOMENTO,JUAN BOSCO, ,- JUAN BOSCO,2084, , ,BIDIRECCIONAL,CONCRETO,BUENO,SECO,DESPEJADO,0,0,0,0
-8133565.051341,-4415724.17554344,2524,2024,1615532,-36.832062,-73.065058,1,2024/06/01 00:00:00+00,1899/12/30 00:00:00+00,REGION BIO BIO,CONCEPCION,CHOQUE POSTERIOR,CHOQUE,URBANA,CRUCE CON SEMAFORO FUNCIONANDO,IMPRUDENCIA DEL CONDUCTOR,CONDUCCION NO ATENTO CONDICIONES TRANSITO MOMENTO,COSTANERA,CENTRAL NORTE,CENTRAL NORTE - COSTANERA,0, , ,BIDIRECCIONAL CON BANDEJON,CONCRETO,BUENO,SECO,DESPEJADO,0,0,0,0
-8130263.31524407,-4413555.4359849,2525,2024,1615537,-36.816467,-73.035398,1,2024/06/01 00:00:00+00,1899/12/30 00:00:00+00,REGION BIO BIO,CONCEPCION,COLISION LATERAL,COLISION,URBANA,CRUCE CON SEMAFORO FUNCIONANDO,IMPRUDENCIA DEL CONDUCTOR,CONDUCCION NO ATENTO CONDICIONES TRANSITO MOMENTO,LOS CARRERA,VILUMILLA,LOS CARRERA - VILUMILLA,0, , ,BIDIRECCIONAL CON BANDEJON,CONCRETO,BUENO,HUMEDO,NUBLADO,0,0,0,1
-8139643.2068578,-4402946.31369396,2526,2024,1615544,-36.740133,-73.119659,1,2024/06/02 00:00:00+00,1899/12/30 00:00:00+00,REGION BIO BIO,TALCAHUANO,COLISION LATERAL,COLISION,URBANA,TRAMO DE VIA RECTA,IMPRUDENCIA DEL CONDUCTOR,CONDUCCION CAMBIAR SORPRESIVAMENTE PISTA CIRCULACION,GRAN BRETANA,JUAN ANTONIO RIOS,GRAN BRETANA - JUAN ANTONIO RIOS,0, , ,BIDIRECCIONAL,CONCRETO,BUENO,SECO,NUBLADO,0,0,0,0
-8143852.86472164,-4441199.75177507,2527,2024,1615558,-37.015014,-73.157475,1,2024/05/30 00:00:00+00,1899/12/30 00:00:00+00,REGION BIO BIO,CORONEL,VOLCADURA,VOLCADURA,URBANA,TRAMO DE VIA RECTA,IMPRUDENCIA DEL CONDUCTOR,CONDUCCION NO ATENTO CONDICIONES TRANSITO MOMENTO,NUEVA ROSA MEDEL,GENERAL CARLOS PRATS,GENERAL CARLOS PRATS - NUEVA ROSA MEDEL,0, , ,UNIDIRECCIONAL,CONCRETO,BUENO,MOJADO,LLUVIA,0,1,0,0
-8130659.94658977,-4420599.0908597,2528,2024,1615591,-36.867105,-73.038961,1,2024/05/04 00:00:00+00,1899/12/30 00:00:00+00,REGION BIO BIO,CHIGUAYANTE,COLISION FRONTAL,COLISION,URBANA,TRAMO DE VIA RECTA,ALCOHOL EN CONDUCTOR,CONDUCCION EN ESTADO DE EBRIEDAD,COSTANERA,PASCUAL BINIMELIS,COSTANERA - PASCUAL BINIMELIS,0, , ,BIDIRECCIONAL,ASFALTO,BUENO,MOJADO,LLUVIA,0,1,0,0
-8133135.24678705,-4415511.80172152,2529,2024,1615598,-36.830535,-73.061197,1,2024/06/03 00:00:00+00,1899/12/30 00:00:00+00,REGION BIO BIO,CONCEPCION,COLISION,COLISION,URBANA,CRUCE CON SENAL CEDA EL PASO,DESOBEDIENCIA A SENALIZACION,SENALIZACION DESOBEDECER SENAL CEDA EL PASO,PASCUAL BINIMELIS,CENTRAL NORTE,CENTRAL NORTE - PASCUAL BINIMELIS,0, , ,UNIDIRECCIONAL,CONCRETO,BUENO,SECO,NUBLADO,0,0,0,0
-8129047.14980715,-4429082.76373884,2530,2024,1615600,-36.928051,-73.024473,1,2024/05/07 00:00:00+00,1899/12/30 00:00:00+00,REGION BIO BIO,CHIGUAYANTE,COLISION POR ALCANCE,COLISION,URBANA,VIA EXCLUSIVA,IMPRUDENCIA DEL CONDUCTOR,CONDUCCION SIN MANTENER DISTANCIA RAZONABLE NI PRUDENTE,MANUEL RODRIGUEZ, ,- MANUEL RODRIGUEZ,766, , ,BIDIRECCIONAL CON BANDEJON,CONCRETO,BUENO,SECO,NUBLADO,0,2,2,8
-8129174.27666564,-4428658.73939222,2531,2024,1615608,-36.925006,-73.025615,1,2024/05/15 00:00:00+00,1899/12/30 00:00:00+00,REGION BIO BIO,CHIGUAYANTE,COLISION LATERAL,COLISION,URBANA,CRUCE CON SEMAFORO FUNCIONANDO,IMPRUDENCIA DEL CONDUCTOR,CONDUCCION NO ATENTO CONDICIONES TRANSITO MOMENTO,CHIGUAY,MANUEL RODRIGUEZ,CHIGUAY - MANUEL RODRIGUEZ,0, , ,BIDIRECCIONAL,CONCRETO,BUENO,SECO,NUBLADO,0,0,0,0
-8133565.051341,-4415724.17554344,2532,2024,1615610,-36.832062,-73.065058,1,2024/06/03 00:00:00+00,1899/12/30 00:00:00+00,REGION BIO BIO,CONCEPCION,COLISION PERPENDICULAR,COLISION,URBANA,TRAMO DE VIA RECTA,IMPRUDENCIA DEL CONDUCTOR,CONDUCCION NO ATENTO CONDICIONES TRANSITO MOMENTO,COSTANERA,CENTRAL NORTE,CENTRAL NORTE - COSTANERA,0, , ,UNIDIRECCIONAL,CONCRETO,BUENO,HUMEDO,DESPEJADO,0,1,0,0
-8127294.53574411,-4414467.65731365,2533,2024,1615622,-36.823027,-73.008729,1,2024/06/03 00:00:00+00,1899/12/30 00:00:00+00,REGION BIO BIO,CONCEPCION,CHOQUE FRENTE/POSTERIOR,CHOQUE,URBANA,TRAMO DE VIA RECTA,IMPRUDENCIA DEL CONDUCTOR,CONDUCCION SIN MANTENER DISTANCIA RAZONABLE NI PRUDENTE,CAMINO NONGUEN,CENTRAL,CAMINO NONGUEN - CENTRAL,0, , ,BIDIRECCIONAL,CONCRETO,BUENO,SECO,NUBLADO,0,0,0,2
-8133565.051341,-4415724.17554344,2534,2024,1615624,-36.832062,-73.065058,1,2024/06/03 00:00:00+00,1899/12/30 00:00:00+00,REGION BIO BIO,CONCEPCION,CHOQUE POSTERIOR,CHOQUE,URBANA,CRUCE CON SENAL CEDA EL PASO,IMPRUDENCIA DEL CONDUCTOR,CONDUCCION SIN MANTENER DISTANCIA RAZONABLE NI PRUDENTE,COSTANERA,CENTRAL NORTE,CENTRAL NORTE - COSTANERA,0, , ,BIDIRECCIONAL CON BANDEJON,CONCRETO,BUENO,SECO,NUBLADO,0,1,0,0
-8129992.47492297,-4425088.97262084,2535,2024,1615625,-36.899366,-73.032965,1,2024/05/16 00:00:00+00,1899/12/30 00:00:00+00,REGION BIO BIO,CHIGUAYANTE,COLISION PERPENDICULAR,COLISION,URBANA,CRUCE CON SENAL PARE,IMPRUDENCIA DEL CONDUCTOR,CONDUCCION NO ATENTO CONDICIONES TRANSITO MOMENTO,8 ORIENTE, ,- 8 ORIENTE,720, , ,UNIDIRECCIONAL,CONCRETO,BUENO,SECO,DESPEJADO,0,0,0,1
-8128876.94230573,-4429918.60779566,2536,2024,1615629,-36.934053,-73.022944,1,2024/05/17 00:00:00+00,1899/12/30 00:00:00+00,REGION BIO BIO,CHIGUAYANTE,COLISION LATERAL,COLISION,URBANA,CRUCE CON SENAL CEDA EL PASO,IMPRUDENCIA DEL CONDUCTOR,CONDUCCION NO ATENTO CONDICIONES TRANSITO MOMENTO,AVENIDA CIENTO UNO,LIBERTAD,AVENIDA CIENTO UNO - LIBERTAD,0, , ,BIDIRECCIONAL,ASFALTO,BUENO,SECO,DESPEJADO,0,0,0,1
-8130361.27639597,-4412839.06331228,2537,2024,1615631,-36.811315,-73.036278,1,2024/06/04 00:00:00+00,1899/12/30 00:00:00+00,REGION BIO BIO,CONCEPCION,CHOQUE,CHOQUE,URBANA,TRAMO DE VIA RECTA,IMPRUDENCIA DEL CONDUCTOR,CONDUCCION NO ATENTO CONDICIONES TRANSITO MOMENTO,CAMILO HENRIQUEZ, ,- CAMILO HENRIQUEZ,333, , ,BIDIRECCIONAL,CONCRETO,BUENO,SECO,DESPEJADO,0,0,0,0
-8088220.72655872,-4509369.41759141,2538,2024,1615635,-37.502409,-72.657723,1,2024/06/01 00:00:00+00,1899/12/30 00:00:00+00,REGION BIO BIO,NACIMIENTO,COLISION FRONTAL,COLISION,RURAL,TRAMO DE VIA CURVA HORIZONTAL,VELOCIDAD IMPRUDENTE,"VELOCIDAD NO REDUCIR CRUCE DE CALLES, CUMBRE, CURVA, ETC.",CAMINO VECINAL LOS GUINDOS, ,- CAMINO VECINAL LOS GUINDOS,1, , ,BIDIRECCIONAL,RIPIO,REGULAR, ,DESPEJADO,0,0,0,1
-8120955.00206292,-4383214.91473375,2539,2024,1615675,-36.597961,-72.95178,1,2024/06/03 00:00:00+00,1899/12/30 00:00:00+00,REGION BIO BIO,TOME,CAIDA,CAIDA,URBANA,TRAMO DE VIA RECTA,IMPRUDENCIA DEL PASAJERO,PASAJERO SUBE O DESCIENDE DE VEHICULO MOVIMIENTO,VICENTE PALACIOS,LORD COCHRANE,LORD COCHRANE - VICENTE PALACIOS,0, , ,BIDIRECCIONAL,CONCRETO,BUENO,SECO,DESPEJADO,0,0,0,1
-8164370.27138924,-4505710.09853994,2540,2024,1615706,-37.476326,-73.341786,1,2024/06/01 00:00:00+00,1899/12/30 00:00:00+00,REGION BIO BIO,CURANILAHUE,CHOQUE FRENTE/POSTERIOR,CHOQUE,URBANA,OTROS NO CONSIDERADOS,IMPRUDENCIA DEL CONDUCTOR,CONDUCCION NO ATENTO CONDICIONES TRANSITO MOMENTO,ESTACIONAMIENTO SUPERMERCADO PORVENIR, ,- ESTACIONAMIENTO SUPERMERCADO PORVENIR,768, , ,BIDIRECCIONAL,CONCRETO,BUENO,SECO,DESPEJADO,0,0,0,0
-8128676.34458332,-4430094.36345455,2541,2024,1615715,-36.935315,-73.021142,1,2024/05/17 00:00:00+00,1899/12/30 00:00:00+00,REGION BIO BIO,CHIGUAYANTE,CHOQUE FRONTAL,CHOQUE,URBANA,TRAMO DE VIA RECTA,IMPRUDENCIA DEL CONDUCTOR,CONDUCCION NO ATENTO CONDICIONES TRANSITO MOMENTO,O'HIGGINS,LA ALHAMBRA,LA ALHAMBRA - O'HIGGINS,0, , ,BIDIRECCIONAL,CONCRETO,BUENO,SECO,DESPEJADO,0,0,0,2
-8130377.75168061,-4423907.90015807,2542,2024,1615719,-36.890881,-73.036426,1,2024/05/21 00:00:00+00,1899/12/30 00:00:00+00,REGION BIO BIO,CHIGUAYANTE,COLISION LATERAL,COLISION,URBANA,TRAMO DE VIA RECTA,IMPRUDENCIA DEL CONDUCTOR,ADELANTAMIENTO SIN EL ESPACIO O TIEMPO SUFICIENTE,COSTANERA, ,- COSTANERA,6, , ,BIDIRECCIONAL,CONCRETO,BUENO,SECO,DESPEJADO,0,0,0,1
-8128654.97124109,-4430084.0575749,2543,2024,1615722,-36.935241,-73.02095,1,2024/05/22 00:00:00+00,1899/12/30 00:00:00+00,REGION BIO BIO,CHIGUAYANTE,CHOQUE FRENTE/POSTERIOR,CHOQUE,URBANA,CRUCE CON SEMAFORO FUNCIONANDO,IMPRUDENCIA DEL CONDUCTOR,CONDUCCION NO ATENTO CONDICIONES TRANSITO MOMENTO,MANUEL RODRIGUEZ,PROGRESO,MANUEL RODRIGUEZ - PROGRESO,0, , ,BIDIRECCIONAL CON BANDEJON,CONCRETO,BUENO,SECO,DESPEJADO,0,0,0,0
-8127829.0919389,-4431526.83882,2544,2024,1615727,-36.9456,-73.013531,1,2024/05/22 00:00:00+00,1899/12/30 00:00:00+00,REGION BIO BIO,CHIGUAYANTE,CHOQUE FRENTE/POSTERIOR,CHOQUE,URBANA,TRAMO DE VIA RECTA,IMPRUDENCIA DEL CONDUCTOR,CONDUCCION NO ATENTO CONDICIONES TRANSITO MOMENTO,CALLE A, ,- CALLE A,2758, , ,BIDIRECCIONAL,ASFALTO,BUENO,HUMEDO,NUBLADO,0,0,0,0
-8128968.44692716,-4429256.83446599,2545,2024,1615729,-36.929301,-73.023766,1,2024/05/25 00:00:00+00,1899/12/30 00:00:00+00,REGION BIO BIO,CHIGUAYANTE,CHOQUE LADO/LADO,CHOQUE,URBANA,TRAMO DE VIA RECTA,IMPRUDENCIA DEL CONDUCTOR,CONDUCCION NO ATENTO CONDICIONES TRANSITO MOMENTO,LOS HEROES,MANUEL RODRIGUEZ,LOS HEROES - MANUEL RODRIGUEZ,0, , ,BIDIRECCIONAL,CONCRETO,BUENO,SECO,DESPEJADO,0,0,0,0
-8128947.51886289,-4429251.26415851,2546,2024,1615731,-36.929261,-73.023578,1,2024/05/22 00:00:00+00,1899/12/30 00:00:00+00,REGION BIO BIO,CHIGUAYANTE,ATROPELLO,ATROPELLO,URBANA,CRUCE CON SEMAFORO FUNCIONANDO,IMPRUDENCIA DEL PEATON,PEATON CRUZA CALZADA FUERA PASO PEATONES,SANTA ELENA,MANUEL RODRIGUEZ,MANUEL RODRIGUEZ - SANTA ELENA,0, , ,BIDIRECCIONAL CON BANDEJON,CONCRETO,BUENO,SECO,NUBLADO,0,1,0,0
-8129830.83902234,-4427746.69186566,2547,2024,1615739,-36.918456,-73.031513,1,2024/05/26 00:00:00+00,1899/12/30 00:00:00+00,REGION BIO BIO,CHIGUAYANTE,COLISION PERPENDICULAR,COLISION,URBANA,TRAMO DE VIA RECTA,ALCOHOL EN CONDUCTOR,CONDUCCION EN ESTADO DE EBRIEDAD,FERNANDO URRA,JOSE ABELARDO NUNEZ,FERNANDO URRA - JOSE ABELARDO NUNEZ,0, , ,BIDIRECCIONAL,CONCRETO,BUENO,SECO,DESPEJADO,0,0,1,2
-8129121.62254649,-4429213.80391665,2548,2024,1615743,-36.928992,-73.025142,1,2024/05/27 00:00:00+00,1899/12/30 00:00:00+00,REGION BIO BIO,CHIGUAYANTE,COLISION PERPENDICULAR,COLISION,URBANA,CRUCE CON SENAL CEDA EL PASO,DESOBEDIENCIA A SENALIZACION,SENALIZACION DESOBEDECER SENAL CEDA EL PASO,CORBETA CHACABUCO,BLINDADO BLANCO,BLINDADO BLANCO - CORBETA CHACABUCO,0, , ,BIDIRECCIONAL,CONCRETO,BUENO,SECO,DESPEJADO,0,0,1,0
-8053857.40162625,-4503489.4279637,2549,2024,1615746,-37.460493,-72.349032,1,2024/06/03 00:00:00+00,1899/12/30 00:00:00+00,REGION BIO BIO,LOS ANGELES,COLISION POR ALCANCE,COLISION,URBANA,CRUCE CON SEMAFORO FUNCIONANDO,IMPRUDENCIA DEL CONDUCTOR,CONDUCCION NO ATENTO CONDICIONES TRANSITO MOMENTO,ALMAGRO,OROMPELLO,ALMAGRO - OROMPELLO,0, , ,UNIDIRECCIONAL,CONCRETO,BUENO,SECO,NUBLADO,0,0,0,0
-8130659.94658977,-4420599.0908597,2550,2024,1615749,-36.867105,-73.038961,1,2024/05/29 00:00:00+00,1899/12/30 00:00:00+00,REGION BIO BIO,CHIGUAYANTE,CHOQUE FRONTAL,CHOQUE,URBANA,TRAMO DE VIA RECTA,IMPRUDENCIA DEL CONDUCTOR,CONDUCCION NO ATENTO CONDICIONES TRANSITO MOMENTO,COSTANERA,PASCUAL BINIMELIS,COSTANERA - PASCUAL BINIMELIS,0, , ,BIDIRECCIONAL CON BANDEJON,ASFALTO,BUENO,MOJADO,LLUVIA,0,0,0,1
-8054171.65654876,-4506844.66924972,2551,2024,1615750,-37.484414,-72.351855,1,2024/06/04 00:00:00+00,1899/12/30 00:00:00+00,REGION BIO BIO,LOS ANGELES,CHOQUE FRENTE/LADO,CHOQUE,RURAL,PUENTE,IMPRUDENCIA DEL CONDUCTOR,CONDUCCION NO ATENTO CONDICIONES TRANSITO MOMENTO,BERNARDO O'HIGGINS, ,- BERNARDO O'HIGGINS,840, , ,BIDIRECCIONAL,ASFALTO,BUENO,SECO,DESPEJADO,0,0,0,0
-8130659.94658977,-4420599.0908597,2552,2024,1615753,-36.867105,-73.038961,1,2024/05/30 00:00:00+00,1899/12/30 00:00:00+00,REGION BIO BIO,CHIGUAYANTE,CHOQUE FRENTE/POSTERIOR,CHOQUE,URBANA,TRAMO DE VIA RECTA,ALCOHOL EN CONDUCTOR,CONDUCCION EN ESTADO DE EBRIEDAD,COSTANERA,PASCUAL BINIMELIS,COSTANERA - PASCUAL BINIMELIS,0, , ,BIDIRECCIONAL CON BANDEJON,CONCRETO,BUENO,SECO,DESPEJADO,0,0,0,1
-8051424.62547446,-4500771.2088336,2553,2024,1615767,-37.441108,-72.327178,1,2024/06/04 00:00:00+00,1899/12/30 00:00:00+00,REGION BIO BIO,LOS ANGELES,COLISION POR ALCANCE,COLISION,URBANA,CRUCE CON SEMAFORO FUNCIONANDO,IMPRUDENCIA DEL CONDUCTOR,CONDUCCION NO ATENTO CONDICIONES TRANSITO MOMENTO,SOR VICENTA,LAS INDUSTRIAS,LAS INDUSTRIAS - SOR VICENTA,0, , ,BIDIRECCIONAL CON BANDEJON,CONCRETO,BUENO,SECO,DESPEJADO,0,0,0,0
-8090676.6571646,-4508499.61203589,2554,2024,1615908,-37.49621,-72.679785,1,2024/06/04 00:00:00+00,1899/12/30 00:00:00+00,REGION BIO BIO,NACIMIENTO,CHOQUE,CHOQUE,URBANA,TRAMO DE VIA RECTA,IMPRUDENCIA DEL CONDUCTOR,CONDUCCION NO ATENTO CONDICIONES TRANSITO MOMENTO,VILLA ALEGRE, ,- VILLA ALEGRE,1101, , ,BIDIRECCIONAL,ASFALTO,REGULAR,MOJADO,LLUVIA,0,0,0,0
-8091109.80130328,-4509355.94691132,2555,2024,1615926,-37.502313,-72.683676,1,2024/06/04 00:00:00+00,1899/12/30 00:00:00+00,REGION BIO BIO,NACIMIENTO,CHOQUE,CHOQUE,URBANA,ROTONDA,VELOCIDAD IMPRUDENTE,"VELOCIDAD NO REDUCIR CRUCE DE CALLES, CUMBRE, CURVA, ETC.",PEDRO AGUIRRE CERDA, ,- PEDRO AGUIRRE CERDA,1395, , ,BIDIRECCIONAL,ASFALTO,BUENO,MOJADO,LLUVIA,0,0,0,2
-8132228.21557606,-4414930.61173704,2556,2024,1616077,-36.826356,-73.053049,1,2024/06/04 00:00:00+00,1899/12/30 00:00:00+00,REGION BIO BIO,CONCEPCION,COLISION LATERAL,COLISION,URBANA,TRAMO DE VIA RECTA,IMPRUDENCIA DEL CONDUCTOR,CONDUCCION CAMBIAR SORPRESIVAMENTE PISTA CIRCULACION,FREIRE,RENGO,FREIRE - RENGO,0, , ,UNIDIRECCIONAL,CONCRETO,BUENO,HUMEDO,NUBLADO,0,0,0,0
-8165860.95069045,-4504925.31342567,2557,2024,1616079,-37.470731,-73.355177,1,2024/05/16 00:00:00+00,1899/12/30 00:00:00+00,REGION BIO BIO,CURANILAHUE,CHOQUE FRENTE/LADO,CHOQUE,URBANA,ACERA O BERMA,IMPRUDENCIA DEL CONDUCTOR,CONDUCCION NO ATENTO CONDICIONES TRANSITO MOMENTO,FRUTILLAR, ,- FRUTILLAR,50, , ,BIDIRECCIONAL,CONCRETO,BUENO,SECO,DESPEJADO,0,0,0,0