X,Y,FID,Año,IdAccident,Latitud,longitud,ClaseAccid,Fecha,Hora,Región,Comuna,Tipo_Accid,Tipo__CONA,Zona,Ubicación,Causa__CON,Causa_Acci,Calle_Uno,Calle_Dos,Intersecci,Número,Ruta,Ubicaci_1,Calzada,Tipo_Calza,Estado_Cal,Condición,Estado_Atm,Fallecidos,Graves,Menos_Grav,Leves
-8135357.29514277,-4411822.56984705,2558,2024,1616080,-36.804004,-73.081158,1,2024/06/04 00:00:00+00,1899/12/30 00:00:00+00,REGION BIO BIO,HUALPEN,COLISION,COLISION,URBANA,CRUCE SIN SENALIZACION,IMPRUDENCIA DEL CONDUCTOR,CONDUCIR VEHICULO EN RETROCESO,CRISTOBAL COLON,KENT,CRISTOBAL COLON - KENT,0, , ,BIDIRECCIONAL CON BANDEJON,CONCRETO,BUENO,HUMEDO,LLOVIZNA,0,0,0,0
-8132656.90693511,-4414772.21202721,2559,2024,1616084,-36.825217,-73.0569,1,2024/05/31 00:00:00+00,1899/12/30 00:00:00+00,REGION BIO BIO,CONCEPCION,COLISION POR ALCANCE,COLISION,URBANA,TRAMO DE VIA RECTA,IMPRUDENCIA DEL CONDUCTOR,CONDUCCION NO ATENTO CONDICIONES TRANSITO MOMENTO,LOS CARRERA PONIENTE, ,- LOS CARRERA PONIENTE,301, , ,BIDIRECCIONAL CON BANDEJON,CONCRETO,BUENO,MOJADO,LLUVIA,0,0,0,0
-8137433.62628505,-4409687.42928909,2560,2024,1616086,-36.788645,-73.09981,1,2024/06/04 00:00:00+00,1899/12/30 00:00:00+00,REGION BIO BIO,HUALPEN,COLISION,COLISION,URBANA,TRAMO DE VIA RECTA,IMPRUDENCIA DEL CONDUCTOR,CONDUCIR VEHICULO EN RETROCESO,LA RECONQUISTA, ,- LA RECONQUISTA,4185, , ,BIDIRECCIONAL CON BANDEJON,CONCRETO,BUENO,HUMEDO,LLOVIZNA,0,0,0,0
-8138277.98462271,-4409592.76957801,2561,2024,1616087,-36.787964,-73.107395,1,2024/06/05 00:00:00+00,1899/12/30 00:00:00+00,REGION BIO BIO,HUALPEN,CHOQUE,CHOQUE,URBANA,CRUCE SIN SENALIZACION,IMPRUDENCIA DEL CONDUCTOR,CONDUCCION NO ATENTO CONDICIONES TRANSITO MOMENTO,ALEMANIA,TARRASA,ALEMANIA - TARRASA,0, , ,BIDIRECCIONAL,CONCRETO,BUENO,MOJADO,DESPEJADO,0,0,0,0
-8132656.90693511,-4414772.21202721,2562,2024,1616089,-36.825217,-73.0569,1,2024/06/04 00:00:00+00,1899/12/30 00:00:00+00,REGION BIO BIO,CONCEPCION,CHOQUE POSTERIOR,CHOQUE,URBANA,TRAMO DE VIA RECTA,IMPRUDENCIA DEL CONDUCTOR,CONDUCCION NO ATENTO CONDICIONES TRANSITO MOMENTO,CALETERA LOS CARRERA, ,- CALETERA LOS CARRERA,301, , ,UNIDIRECCIONAL,CONCRETO,BUENO,CON BARRO,LLUVIA,0,0,0,0
-8138277.98462271,-4409592.76957801,2563,2024,1616090,-36.787964,-73.107395,1,2024/06/05 00:00:00+00,1899/12/30 00:00:00+00,REGION BIO BIO,HUALPEN,ATROPELLO,ATROPELLO,URBANA,CRUCE CON SENAL PARE,IMPRUDENCIA DEL CONDUCTOR,NO RESPETAR DERECHO PREFERENTE DE PASO A PEATON,ALEMANIA,TARRASA,ALEMANIA - TARRASA,0, , ,BIDIRECCIONAL,CONCRETO,BUENO,HUMEDO,LLUVIA,0,0,0,1
-8135806.35796863,-4413642.34394604,2564,2024,1616094,-36.817092,-73.085192,1,2024/06/05 00:00:00+00,1899/12/30 00:00:00+00,REGION BIO BIO,HUALPEN,COLISION,COLISION,URBANA,ENLACE A DESNIVEL,VELOCIDAD IMPRUDENTE,VELOCIDAD MAYOR QUE MAXIMA PERMITIDA,COSTANERA,PUENTE JUAN PABLO II,COSTANERA - PUENTE JUAN PABLO II,0, , ,BIDIRECCIONAL CON BANDEJON,CONCRETO,BUENO,MOJADO,LLUVIA,0,0,0,4
-8143789.74657036,-4450970.25352071,2565,2024,1616095,-37.085064,-73.156908,1,2024/06/03 00:00:00+00,1899/12/30 00:00:00+00,REGION BIO BIO,LOTA,ATROPELLO,ATROPELLO,URBANA,TRAMO DE VIA RECTA,IMPRUDENCIA DEL CONDUCTOR,NO RESPETAR DERECHO PREFERENTE DE PASO A PEATON,ANIBAL PINTO,CARRERA,ANIBAL PINTO - CARRERA,0, , ,BIDIRECCIONAL,CONCRETO,BUENO,SECO,DESPEJADO,0,0,0,1
-8125854.6181307,-4414187.30780237,2566,2024,1616102,-36.821011,-72.995794,1,2024/04/04 00:00:00+00,1899/12/30 00:00:00+00,REGION BIO BIO,CONCEPCION,CHOQUE,CHOQUE,URBANA,TRAMO DE VIA RECTA,IMPRUDENCIA DEL CONDUCTOR,CONDUCCION NO ATENTO CONDICIONES TRANSITO MOMENTO,CALETERA GENERAL BONILLA, ,- CALETERA GENERAL BONILLA,1835, , ,BIDIRECCIONAL CON BANDEJON,CONCRETO,BUENO,HUMEDO,NUBLADO,0,0,0,0
-8132154.74471214,-4415618.89211694,2567,2024,1616108,-36.831305,-73.052389,1,2024/06/05 00:00:00+00,1899/12/30 00:00:00+00,REGION BIO BIO,CONCEPCION,COLISION LATERAL,COLISION,URBANA,TRAMO DE VIA RECTA,IMPRUDENCIA DEL CONDUCTOR,CONDUCCION NO ATENTO CONDICIONES TRANSITO MOMENTO,COCHRANE, ,- COCHRANE,344, , ,UNIDIRECCIONAL,CONCRETO,BUENO,MOJADO,LLUVIA,0,0,0,0
-8143627.44275279,-4450089.77148062,2568,2024,1616109,-37.078754,-73.15545,1,2024/06/04 00:00:00+00,1899/12/30 00:00:00+00,REGION BIO BIO,LOTA,COLISION POR ALCANCE,COLISION,URBANA,TRAMO DE VIA CURVA HORIZONTAL,IMPRUDENCIA DEL CONDUCTOR,CONDUCCION SIN MANTENER DISTANCIA RAZONABLE NI PRUDENTE,EL MORRO,VISTA HERMOSA,EL MORRO - VISTA HERMOSA,0, , ,BIDIRECCIONAL,ASFALTO,BUENO,SECO,DESPEJADO,0,0,0,0
-8131671.5068026,-4414272.96936949,2569,2024,1616115,-36.821627,-73.048048,1,2024/06/05 00:00:00+00,1899/12/30 00:00:00+00,REGION BIO BIO,CONCEPCION,ATROPELLO,ATROPELLO,URBANA,CRUCE CON SEMAFORO FUNCIONANDO,IMPRUDENCIA DEL CONDUCTOR,NO RESPETAR DERECHO PREFERENTE DE PASO A PEATON,TUCAPEL,LOS CARRERA,LOS CARRERA - TUCAPEL,0, , ,UNIDIRECCIONAL,CONCRETO,BUENO,MOJADO,LLUVIA,0,0,0,2
-8077103.69429116,-4452773.44715619,2570,2024,1616118,-37.097985,-72.557857,1,2024/05/28 00:00:00+00,1899/12/30 00:00:00+00,REGION BIO BIO,YUMBEL,ATROPELLO,ATROPELLO,URBANA,CRUCE CON SENAL PARE,IMPRUDENCIA DEL CONDUCTOR,NO RESPETAR DERECHO PREFERENTE DE PASO A PEATON,VALDIVIA,GOYCOLEA,GOYCOLEA - VALDIVIA,0, , ,UNIDIRECCIONAL,CONCRETO,BUENO,SECO,NUBLADO,0,0,0,1
-8132692.19521369,-4417205.625216,2571,2024,1616120,-36.842713,-73.057217,1,2024/06/05 00:00:00+00,1899/12/30 00:00:00+00,REGION BIO BIO,CONCEPCION,CHOQUE,CHOQUE,URBANA,CRUCE CON SENAL PARE,IMPRUDENCIA DEL CONDUCTOR,CONDUCIR VEHICULO EN RETROCESO,LAS CANCHAS,BLANCO SUR,BLANCO SUR - LAS CANCHAS,0, , ,UNIDIRECCIONAL,CONCRETO,BUENO,MOJADO,LLUVIA,0,0,0,0
-8132846.48402793,-4415479.25758114,2572,2024,1616142,-36.830301,-73.058603,1,2024/06/05 00:00:00+00,1899/12/30 00:00:00+00,REGION BIO BIO,CONCEPCION,COLISION LATERAL,COLISION,URBANA,CRUCE CON SEMAFORO FUNCIONANDO,IMPRUDENCIA DEL CONDUCTOR,CONDUCCION CAMBIAR SORPRESIVAMENTE PISTA CIRCULACION,ARTURO PRAT,BARROS ARANA,ARTURO PRAT - BARROS ARANA,0, , ,UNIDIRECCIONAL,CONCRETO,BUENO,MOJADO,LLUVIA,0,0,0,0
-8094073.23746769,-4476578.03580235,2573,2024,1616153,-37.268353,-72.710297,1,2024/05/30 00:00:00+00,1899/12/30 00:00:00+00,REGION BIO BIO,LAJA,COLISION,COLISION,URBANA,TRAMO DE VIA RECTA,IMPRUDENCIA DEL CONDUCTOR,CONDUCCION NO ATENTO CONDICIONES TRANSITO MOMENTO,CELULOSA, ,- CELULOSA,291, , ,BIDIRECCIONAL,CONCRETO,BUENO,SECO,NUBLADO,0,0,0,0
-8077965.19583041,-4452064.60926845,2574,2024,1616165,-37.092906,-72.565596,1,2024/06/02 00:00:00+00,1899/12/30 00:00:00+00,REGION BIO BIO,YUMBEL,COLISION,COLISION,URBANA,TRAMO DE VIA RECTA,IMPRUDENCIA DEL CONDUCTOR,CONDUCCION NO ATENTO CONDICIONES TRANSITO MOMENTO,QUINTANA, ,- QUINTANA,1320, , ,BIDIRECCIONAL,CONCRETO,BUENO,SECO,NUBLADO,0,0,0,2
-8169738.54251326,-4551088.77462879,2575,2024,1616168,-37.799133,-73.39001,1,2024/06/06 00:00:00+00,1899/12/30 00:00:00+00,REGION BIO BIO,CANETE,ATROPELLO,ATROPELLO,URBANA,TRAMO DE VIA RECTA,IMPRUDENCIA DEL CONDUCTOR,NO RESPETAR DERECHO PREFERENTE DE PASO A PEATON,JORGE ALESSANDRI, ,- JORGE ALESSANDRI,15, , ,BIDIRECCIONAL,CONCRETO,BUENO,HUMEDO,NUBLADO,1,0,0,2
-8133355.65937882,-4416232.94421989,2576,2024,1616184,-36.83572,-73.063177,1,2024/06/06 00:00:00+00,1899/12/30 00:00:00+00,REGION BIO BIO,CONCEPCION,COLISION,COLISION,URBANA,ENLACE A NIVEL,IMPRUDENCIA DEL CONDUCTOR,NO RESPETAR DERECHO PREFERENTE DE PASO A VEHICULO,ESMERALDA,PUENTE CHACABUCO,ESMERALDA - PUENTE CHACABUCO,0, , ,BIDIRECCIONAL,CONCRETO,BUENO,SECO,NUBLADO,0,0,0,0
-8088220.72655872,-4509369.41759141,2577,2024,1616204,-37.502409,-72.657723,1,2024/06/05 00:00:00+00,1899/12/30 00:00:00+00,REGION BIO BIO,NACIMIENTO,COLISION,COLISION,RURAL,TRAMO DE VIA RECTA,IMPRUDENCIA DEL CONDUCTOR,CONDUCCION NO ATENTO CONDICIONES TRANSITO MOMENTO,CAMINO VECINAL INTERIOR ARINCO, ,- CAMINO VECINAL INTERIOR ARINCO,1, , ,BIDIRECCIONAL,RIPIO,REGULAR, ,LLOVIZNA,0,0,0,0
-8138428.0432963,-4401810.47638401,2578,2024,1616217,-36.731956,-73.108743,1,2024/06/06 00:00:00+00,1899/12/30 00:00:00+00,REGION BIO BIO,TALCAHUANO,CHOQUE,CHOQUE,URBANA,CRUCE CON SEMAFORO FUNCIONANDO,IMPRUDENCIA DEL CONDUCTOR,CONDUCCION NO ATENTO CONDICIONES TRANSITO MOMENTO,CRISTOBAL COLON,HUALPEN,CRISTOBAL COLON - HUALPEN,0, , ,BIDIRECCIONAL CON BANDEJON,CONCRETO,BUENO,HUMEDO,LLOVIZNA,0,0,0,0
-8136401.91724438,-4408716.96389928,2579,2024,1616219,-36.781663,-73.090542,1,2024/05/31 00:00:00+00,1899/12/30 00:00:00+00,REGION BIO BIO,TALCAHUANO,COLISION LATERAL,COLISION,URBANA,TRAMO DE VIA RECTA,IMPRUDENCIA DEL CONDUCTOR,VIRAJES INDEBIDOS,LAS GOLONDRINAS, ,- LAS GOLONDRINAS,2120, , ,BIDIRECCIONAL CON BANDEJON,CONCRETO,BUENO,SECO,DESPEJADO,0,0,0,0
-8139345.09326146,-4400814.20065655,2580,2024,1616221,-36.724783,-73.116981,1,2024/05/31 00:00:00+00,1899/12/30 00:00:00+00,REGION BIO BIO,TALCAHUANO,CHOQUE LATERAL,CHOQUE,URBANA,TRAMO DE VIA RECTA,IMPRUDENCIA DEL CONDUCTOR,CONDUCCION CAMBIAR SORPRESIVAMENTE PISTA CIRCULACION,PRESIDENTE JORGE ALESSANDRI, ,- PRESIDENTE JORGE ALESSANDRI,5001, , ,BIDIRECCIONAL CON BANDEJON,CONCRETO,BUENO,SECO,DESPEJADO,0,0,0,0
-8139388.0625849,-4402797.53809609,2581,2024,1616224,-36.739062,-73.117367,1,2024/05/31 00:00:00+00,1899/12/30 00:00:00+00,REGION BIO BIO,TALCAHUANO,COLISION FRONTAL,COLISION,URBANA,TRAMO DE VIA RECTA,IMPRUDENCIA DEL CONDUCTOR,VIRAJES INDEBIDOS,GRAN BRETANA, ,- GRAN BRETANA,1230, , ,BIDIRECCIONAL CON BANDEJON,CONCRETO,BUENO,SECO,DESPEJADO,0,0,0,0
-8139404.09259158,-4399474.45165942,2582,2024,1616225,-36.715136,-73.117511,1,2024/06/01 00:00:00+00,1899/12/30 00:00:00+00,REGION BIO BIO,TALCAHUANO,CHOQUE FRENTE/POSTERIOR,CHOQUE,URBANA,CRUCE CON SEMAFORO FUNCIONANDO,IMPRUDENCIA DEL CONDUCTOR,CONDUCCION SIN MANTENER DISTANCIA RAZONABLE NI PRUDENTE,VALDIVIA, ,- VALDIVIA,515, , ,BIDIRECCIONAL,CONCRETO,BUENO,SECO,DESPEJADO,0,0,0,0
-8139343.64610808,-4401386.14849342,2583,2024,1616229,-36.728901,-73.116968,1,2024/06/01 00:00:00+00,1899/12/30 00:00:00+00,REGION BIO BIO,TALCAHUANO,CHOQUE FRENTE/POSTERIOR,CHOQUE,URBANA,CRUCE CON SENAL PARE,IMPRUDENCIA DEL CONDUCTOR,CONDUCCION SIN MANTENER DISTANCIA RAZONABLE NI PRUDENTE,JUAN ANTONIO RIOS, ,- JUAN ANTONIO RIOS,209, , ,BIDIRECCIONAL,CONCRETO,BUENO,SECO,DESPEJADO,0,0,0,0
-8139243.23592738,-4399321.2807516,2584,2024,1616234,-36.714033,-73.116066,1,2024/06/03 00:00:00+00,1899/12/30 00:00:00+00,REGION BIO BIO,TALCAHUANO,CHOQUE FRENTE/POSTERIOR,CHOQUE,URBANA,TRAMO DE VIA RECTA,IMPRUDENCIA DEL CONDUCTOR,CONDUCCION SIN MANTENER DISTANCIA RAZONABLE NI PRUDENTE,VALDIVIA, ,- VALDIVIA,366, , ,BIDIRECCIONAL,CONCRETO,BUENO,SECO,DESPEJADO,0,0,0,0
-8139010.80083061,-4399332.39008165,2585,2024,1616237,-36.714113,-73.113978,1,2024/04/26 00:00:00+00,1899/12/30 00:00:00+00,REGION BIO BIO,TALCAHUANO,CHOQUE LADO/LADO,CHOQUE,URBANA,TRAMO DE VIA RECTA,IMPRUDENCIA DEL CONDUCTOR,CONDUCCION NO ATENTO CONDICIONES TRANSITO MOMENTO,ANIBAL PINTO, ,- ANIBAL PINTO,115, , ,BIDIRECCIONAL,CONCRETO,BUENO,SECO,DESPEJADO,0,0,0,0
-8140278.0619138,-4404556.44573752,2586,2024,1616240,-36.751723,-73.125362,1,2024/06/02 00:00:00+00,1899/12/30 00:00:00+00,REGION BIO BIO,TALCAHUANO,COLISION LATERAL,COLISION,URBANA,ROTONDA,IMPRUDENCIA DEL CONDUCTOR,CONDUCCION CAMBIAR SORPRESIVAMENTE PISTA CIRCULACION,GRAN BRETANA, ,- GRAN BRETANA,2910, , ,BIDIRECCIONAL,CONCRETO,BUENO,SECO,DESPEJADO,0,0,0,1
-8138220.54376547,-4410890.00056135,2587,2024,1616344,-36.797296,-73.106879,1,2024/06/07 00:00:00+00,1899/12/30 00:00:00+00,REGION BIO BIO,HUALPEN,CHOQUE FRENTE/POSTERIOR,CHOQUE,URBANA,CRUCE CON SEMAFORO FUNCIONANDO,IMPRUDENCIA DEL CONDUCTOR,CONDUCCION NO ATENTO CONDICIONES TRANSITO MOMENTO,GRAN BRETANA,AVENIDA DOS,AVENIDA DOS - GRAN BRETANA,0, , ,BIDIRECCIONAL,CONCRETO,BUENO,HUMEDO,LLOVIZNA,0,0,0,0
-8162444.11024004,-4473385.70526517,2588,2024,1616349,-37.245528,-73.324483,1,2024/06/01 00:00:00+00,1899/12/30 00:00:00+00,REGION BIO BIO,ARAUCO,ATROPELLO,ATROPELLO,URBANA,TRAMO DE VIA RECTA,IMPRUDENCIA DEL CONDUCTOR,NO RESPETAR DERECHO PREFERENTE DE PASO A PEATON,COCHRANE,CIENFUEGOS,CIENFUEGOS - COCHRANE,0, , ,BIDIRECCIONAL,CONCRETO,BUENO,SECO,DESPEJADO,0,0,0,1
-8138145.95970663,-4408320.2966856,2589,2024,1616359,-36.778809,-73.106209,1,2024/06/07 00:00:00+00,1899/12/30 00:00:00+00,REGION BIO BIO,HUALPEN,CHOQUE FRENTE/POSTERIOR,CHOQUE,URBANA,TRAMO DE VIA RECTA,IMPRUDENCIA DEL CONDUCTOR,CONDUCCION NO ATENTO CONDICIONES TRANSITO MOMENTO,GROENLANDIA, ,- GROENLANDIA,2445, , ,BIDIRECCIONAL,CONCRETO,BUENO,HUMEDO,LLOVIZNA,0,0,0,0
-8138793.05990661,-4408035.24468007,2590,2024,1616377,-36.776758,-73.112022,1,2024/06/08 00:00:00+00,1899/12/30 00:00:00+00,REGION BIO BIO,HUALPEN,COLISION,COLISION,URBANA,CRUCE CON SEMAFORO FUNCIONANDO,IMPRUDENCIA DEL CONDUCTOR,CONDUCCION NO ATENTO CONDICIONES TRANSITO MOMENTO,LAS GOLONDRINAS,GRAN BRETANA,GRAN BRETANA - LAS GOLONDRINAS,0, , ,BIDIRECCIONAL CON BANDEJON,CONCRETO,BUENO,HUMEDO,LLOVIZNA,0,0,0,2
-7974581.67153579,-4562669.4762986,2591,2024,1616397,-37.881289,-71.636886,1,2024/06/03 00:00:00+00,1899/12/30 00:00:00+00,REGION BIO BIO,ALTO BIO BIO,CHOQUE FRONTAL,CHOQUE,URBANA,TRAMO DE VIA RECTA,VELOCIDAD IMPRUDENTE,VELOCIDAD NO RAZONABLE NI PRUDENTE,PEDRO DE VALDIVIA, ,- PEDRO DE VALDIVIA,400, , ,BIDIRECCIONAL,CONCRETO,BUENO,SECO,DESPEJADO,0,0,0,0
-8041682.2775987,-4539785.0902614,2592,2024,1616408,-37.718854,-72.239661,1,2024/05/28 00:00:00+00,1899/12/30 00:00:00+00,REGION BIO BIO,MULCHEN,COLISION,COLISION,URBANA,CRUCE CON SENAL CEDA EL PASO,DESOBEDIENCIA A SENALIZACION,SENALIZACION DESOBEDECER SENAL CEDA EL PASO,SAN MARTIN,FIERRO,FIERRO - SAN MARTIN,0, , ,UNIDIRECCIONAL,CONCRETO,BUENO,MOJADO,LLOVIZNA,0,0,0,0
-8137796.41650554,-4409651.14991713,2593,2024,1616409,-36.788384,-73.103069,1,2024/06/08 00:00:00+00,1899/12/30 00:00:00+00,REGION BIO BIO,HUALPEN,CHOQUE,CHOQUE,URBANA,CRUCE SIN SENALIZACION,ALCOHOL EN CONDUCTOR,CONDUCCION EN ESTADO DE EBRIEDAD,VALENCIA,LA CORUNA,LA CORUNA - VALENCIA,0, , ,BIDIRECCIONAL CON BANDEJON,ASFALTO,BUENO,HUMEDO,LLOVIZNA,0,0,0,0
-8170734.51799738,-4551457.74968866,2594,2024,1616411,-37.801752,-73.398957,1,2024/06/03 00:00:00+00,1899/12/30 00:00:00+00,REGION BIO BIO,CANETE,ATROPELLO,ATROPELLO,URBANA,TRAMO DE VIA RECTA,IMPRUDENCIA DEL PEATON,PEATON CRUZA CALZADA FORMA SORPRESIVA O DESCUIDADA,VILLAGRAN,COVADONGA,COVADONGA - VILLAGRAN,0, , ,BIDIRECCIONAL,CONCRETO,BUENO,HUMEDO,NEBLINA,0,0,0,1
-8121675.79576581,-4385841.13012063,2595,2024,1616416,-36.616899,-72.958255,1,2024/06/06 00:00:00+00,1899/12/30 00:00:00+00,REGION BIO BIO,TOME,COLISION PERPENDICULAR,COLISION,URBANA,CRUCE CON SEMAFORO FUNCIONANDO,IMPRUDENCIA DEL CONDUCTOR,CONDUCCION NO ATENTO CONDICIONES TRANSITO MOMENTO,NOGUEIRA,IGNACIO SERRANO,IGNACIO SERRANO - NOGUEIRA,0, , ,BIDIRECCIONAL,CONCRETO,BUENO,SECO,DESPEJADO,0,0,0,0
-8041434.36909271,-4539648.16218876,2596,2024,1616424,-37.717881,-72.237434,1,2024/06/04 00:00:00+00,1899/12/30 00:00:00+00,REGION BIO BIO,MULCHEN,CHOQUE,CHOQUE,URBANA,TRAMO DE VIA RECTA,IMPRUDENCIA DEL CONDUCTOR,CONDUCCION NO ATENTO CONDICIONES TRANSITO MOMENTO,ARTURO PRAT, ,- ARTURO PRAT,73, , ,UNIDIRECCIONAL,CONCRETO,BUENO,HUMEDO,NUBLADO,0,0,0,0
-8134360.54042221,-4411502.94574126,2597,2024,1616426,-36.801705,-73.072204,1,2024/06/08 00:00:00+00,1899/12/30 00:00:00+00,REGION BIO BIO,HUALPEN,COLISION,COLISION,URBANA,CRUCE CON SENAL CEDA EL PASO,IMPRUDENCIA DEL CONDUCTOR,CONDUCCION NO ATENTO CONDICIONES TRANSITO MOMENTO,PRESIDENTE JORGE ALESSANDRI RODRIGUEZ,MARCO POLO,MARCO POLO - PRESIDENTE JORGE ALESSANDRI RODRIGUEZ,0, , ,BIDIRECCIONAL CON BANDEJON,CONCRETO,BUENO,HUMEDO,LLOVIZNA,0,0,0,0
-8135137.66178744,-4412185.44312038,2598,2024,1616434,-36.806614,-73.079185,1,2024/06/08 00:00:00+00,1899/12/30 00:00:00+00,REGION BIO BIO,CONCEPCION,COLISION,COLISION,URBANA,ENLACE A DESNIVEL,IMPRUDENCIA DEL CONDUCTOR,CONDUCCION CAMBIAR SORPRESIVAMENTE PISTA CIRCULACION,JORGE ALESSANDRI,21 DE MAYO,21 DE MAYO - JORGE ALESSANDRI,0, , ,BIDIRECCIONAL CON BANDEJON,CONCRETO,BUENO,MOJADO,LLUVIA,0,0,0,0
-8121940.17955644,-4383640.04663594,2599,2024,1616439,-36.601027,-72.96063,1,2024/06/08 00:00:00+00,1899/12/30 00:00:00+00,REGION BIO BIO,TOME,CHOQUE,CHOQUE,URBANA,TRAMO DE VIA RECTA,IMPRUDENCIA DEL CONDUCTOR,CONDUCCION NO ATENTO CONDICIONES TRANSITO MOMENTO,NUEVA ALDEA, ,- NUEVA ALDEA,2730, , ,BIDIRECCIONAL,CONCRETO,BUENO,SECO,DESPEJADO,0,0,0,0
-8160563.92404054,-4473417.16930211,2600,2024,1616442,-37.245753,-73.307593,1,2024/06/07 00:00:00+00,1899/12/30 00:00:00+00,REGION BIO BIO,ARAUCO,CHOQUE,CHOQUE,URBANA,TRAMO DE VIA RECTA,VELOCIDAD IMPRUDENTE,VELOCIDAD EXCESO EN ZONA RESTRINGIDA,ESMERALDA,PEDRO DE VALDIVIA,ESMERALDA - PEDRO DE VALDIVIA,0, , ,UNIDIRECCIONAL,CONCRETO,BUENO,HUMEDO,DESPEJADO,0,0,0,2
-8138342.66124686,-4410405.39707314,2601,2024,1616445,-36.79381,-73.107976,1,2024/06/09 00:00:00+00,1899/12/30 00:00:00+00,REGION BIO BIO,HUALPEN,COLISION,COLISION,URBANA,CRUCE CON SEMAFORO FUNCIONANDO,IMPRUDENCIA DEL CONDUCTOR,ADELANTAMIENTO SIN EL ESPACIO O TIEMPO SUFICIENTE,GRAN BRETANA,POSTDAM,GRAN BRETANA - POSTDAM,0, , ,BIDIRECCIONAL,CONCRETO,BUENO,MOJADO,DESPEJADO,0,0,0,0
-8041973.26674764,-4539435.38544304,2602,2024,1616447,-37.716369,-72.242275,1,2024/06/08 00:00:00+00,1899/12/30 00:00:00+00,REGION BIO BIO,MULCHEN,COLISION,COLISION,URBANA,CRUCE CON SENAL CEDA EL PASO,DESOBEDIENCIA A SENALIZACION,SENALIZACION DESOBEDECER SENAL CEDA EL PASO,SOTOMAYOR,MANERA,MANERA - SOTOMAYOR,0, , ,UNIDIRECCIONAL,ASFALTO,BUENO,SECO,NUBLADO,0,0,0,0
-8151839.5929081,-4581515.49573746,2603,2024,1616480,-38.014791,-73.229221,1,2024/06/03 00:00:00+00,1899/12/30 00:00:00+00,REGION BIO BIO,CONTULMO,COLISION,COLISION,URBANA,TRAMO DE VIA RECTA,IMPRUDENCIA DEL CONDUCTOR,CONDUCCION NO ATENTO CONDICIONES TRANSITO MOMENTO,LOS NOTROS, ,- LOS NOTROS,402, , ,BIDIRECCIONAL,CONCRETO,BUENO,SECO,NUBLADO,0,0,0,1
-8042416.42964049,-4540210.6623708,2604,2024,1616482,-37.721878,-72.246256,1,2024/06/07 00:00:00+00,1899/12/30 00:00:00+00,REGION BIO BIO,MULCHEN,IMPACTO CON ANIMAL,OTRO TIPO,URBANA,TRAMO DE VIA RECTA,DEFICIENCIAS VIALES,ANIMALES SUELTOS VIA PUBLICA,UNZUETA, ,- UNZUETA,326, , ,UNIDIRECCIONAL,ASFALTO,BUENO,MOJADO,LLUVIA,0,0,0,0
-8132540.02146978,-4415974.10615862,2605,2024,1616616,-36.833859,-73.05585,1,2024/06/06 00:00:00+00,1899/12/30 00:00:00+00,REGION BIO BIO,CONCEPCION,COLISION POR ALCANCE,COLISION,URBANA,PUENTE,IMPRUDENCIA DEL CONDUCTOR,CONDUCCION SIN MANTENER DISTANCIA RAZONABLE NI PRUDENTE,PUENTE CHACABUCO, ,- PUENTE CHACABUCO,1, , ,UNIDIRECCIONAL,CONCRETO,BUENO,MOJADO,LLUVIA,0,0,0,0
-8130945.14712518,-4416199.28517974,2606,2024,1616635,-36.835478,-73.041523,1,2024/06/03 00:00:00+00,1899/12/30 00:00:00+00,REGION BIO BIO,CONCEPCION,CHOQUE,CHOQUE,URBANA,TRAMO DE VIA RECTA,IMPRUDENCIA DEL CONDUCTOR,CONDUCIR VEHICULO EN RETROCESO,13 DE ABRIL, ,- 13 DE ABRIL,21, , ,UNIDIRECCIONAL,CONCRETO,BUENO,HUMEDO,NUBLADO,0,0,0,0
-8129876.81397204,-4411205.7136652,2607,2024,1616646,-36.799567,-73.031926,1,2024/06/07 00:00:00+00,1899/12/30 00:00:00+00,REGION BIO BIO,CONCEPCION,COLISION FRONTAL,COLISION,URBANA,PUENTE,IMPRUDENCIA DEL CONDUCTOR,ADELANTAMIENTO SIN EL ESPACIO O TIEMPO SUFICIENTE,PUENTE ANDALIEN, ,- PUENTE ANDALIEN,1, , ,BIDIRECCIONAL,CONCRETO,BUENO,MOJADO,LLUVIA,0,0,0,0
-8132426.47558917,-4415926.95686202,2608,2024,1616670,-36.83352,-73.05483,1,2024/06/07 00:00:00+00,1899/12/30 00:00:00+00,REGION BIO BIO,CONCEPCION,ATROPELLO,ATROPELLO,URBANA,CRUCE CON SEMAFORO FUNCIONANDO,IMPRUDENCIA DEL CONDUCTOR,NO RESPETAR DERECHO PREFERENTE DE PASO A PEATON,CHACABUCO,SERRANO,CHACABUCO - SERRANO,0, , ,BIDIRECCIONAL CON BANDEJON,CONCRETO,BUENO,SECO,NUBLADO,0,0,0,1
-8129957.63192235,-4413587.1399269,2609,2024,1616721,-36.816695,-73.032652,1,2024/06/10 00:00:00+00,1899/12/30 00:00:00+00,REGION BIO BIO,CONCEPCION,COLISION,COLISION,URBANA,CRUCE SIN SENALIZACION,IMPRUDENCIA DEL CONDUCTOR,NO RESPETAR DERECHO PREFERENTE DE PASO A VEHICULO,SAN JUAN BOSCO,LEONOR MASCAYANO,LEONOR MASCAYANO - SAN JUAN BOSCO,0, , ,BIDIRECCIONAL,CONCRETO,BUENO,MOJADO,LLUVIA,0,0,0,0