X,Y,FID,Año,IdAccident,Latitud,longitud,ClaseAccid,Fecha,Hora,Región,Comuna,Tipo_Accid,Tipo__CONA,Zona,Ubicación,Causa__CON,Causa_Acci,Calle_Uno,Calle_Dos,Intersecci,Número,Ruta,Ubicaci_1,Calzada,Tipo_Calza,Estado_Cal,Condición,Estado_Atm,Fallecidos,Graves,Menos_Grav,Leves
-8176577.45543014,-4527390.88455572,2610,2024,1616734,-37.63073,-73.451445,1,2024/06/01 00:00:00+00,1899/12/30 00:00:00+00,REGION BIO BIO,LOS ALAMOS,COLISION FRONTAL,COLISION,URBANA,TRAMO DE VIA RECTA,IMPRUDENCIA DEL CONDUCTOR,CONDUCCION CAMBIAR SORPRESIVAMENTE PISTA CIRCULACION,LOS AVELLANOS, ,- LOS AVELLANOS,124, , ,BIDIRECCIONAL,CONCRETO,REGULAR,MOJADO,DESPEJADO,0,0,0,0
-8199407.96979693,-4525003.15629878,2611,2024,1616744,-37.613741,-73.656535,1,2024/06/03 00:00:00+00,1899/12/30 00:00:00+00,REGION BIO BIO,LEBU,COLISION,COLISION,URBANA,TRAMO DE VIA RECTA,IMPRUDENCIA DEL CONDUCTOR,CONDUCCION NO ATENTO CONDICIONES TRANSITO MOMENTO,ESTANQUE,CLAUDIO MATTE,CLAUDIO MATTE - ESTANQUE,0, , ,BIDIRECCIONAL,ASFALTO,BUENO,MOJADO,DESPEJADO,0,0,0,0
-8197699.54957173,-4522862.12781453,2612,2024,1616746,-37.598504,-73.641188,1,2024/06/05 00:00:00+00,1899/12/30 00:00:00+00,REGION BIO BIO,LEBU,ATROPELLO,ATROPELLO,URBANA,TRAMO DE VIA RECTA,IMPRUDENCIA DEL CONDUCTOR,NO RESPETAR DERECHO PREFERENTE DE PASO A PEATON,IGNACIO CARRERA PINTO, ,- IGNACIO CARRERA PINTO,1014, , ,BIDIRECCIONAL,ASFALTO,BUENO,MOJADO,LLUVIA,0,0,0,2
-8163203.9770842,-4506638.45104941,2613,2024,1616815,-37.482944,-73.331309,1,2024/06/08 00:00:00+00,1899/12/30 00:00:00+00,REGION BIO BIO,CURANILAHUE,CHOQUE FRENTE/POSTERIOR,CHOQUE,URBANA,TRAMO DE VIA RECTA,ALCOHOL EN CONDUCTOR,CONDUCCION EN ESTADO DE EBRIEDAD,ONGOLMO, ,- ONGOLMO,245, , ,BIDIRECCIONAL CON BANDEJON,CONCRETO,BUENO,MOJADO,LLUVIA,0,0,0,0
-8128749.25884979,-4428672.66438917,2614,2024,1616827,-36.925106,-73.021797,1,2024/05/31 00:00:00+00,1899/12/30 00:00:00+00,REGION BIO BIO,CHIGUAYANTE,COLISION POR ALCANCE,COLISION,URBANA,TRAMO DE VIA RECTA,IMPRUDENCIA DEL CONDUCTOR,CONDUCCION SIN MANTENER DISTANCIA RAZONABLE NI PRUDENTE,8 ORIENTE,O'HIGGINS,8 ORIENTE - O'HIGGINS,0, , ,BIDIRECCIONAL CON BANDEJON,CONCRETO,BUENO,SECO,NUBLADO,0,0,0,1
-8120242.11204388,-4437450.16147805,2615,2024,1616831,-36.988114,-72.945376,1,2024/05/30 00:00:00+00,1899/12/30 00:00:00+00,REGION BIO BIO,HUALQUI,CHOQUE FRONTAL,CHOQUE,URBANA,TRAMO DE VIA RECTA,ALCOHOL EN CONDUCTOR,CONDUCCION EN ESTADO DE EBRIEDAD,21 DE MAYO, ,- 21 DE MAYO,34, , ,BIDIRECCIONAL,TIERRA,BUENO, ,NUBLADO,0,0,0,0
-8118836.8147921,-4434889.49358885,2616,2024,1616843,-36.969738,-72.932752,1,2024/05/01 00:00:00+00,1899/12/30 00:00:00+00,REGION BIO BIO,HUALQUI,COLISION PERPENDICULAR,COLISION,URBANA,CRUCE CON SENAL CEDA EL PASO,IMPRUDENCIA DEL CONDUCTOR,CONDUCCION NO ATENTO CONDICIONES TRANSITO MOMENTO,LOS ACACIOS,GUACOLDA,GUACOLDA - LOS ACACIOS,0, , ,BIDIRECCIONAL,CONCRETO,BUENO,SECO,DESPEJADO,0,0,0,2
-8144720.2661939,-4438517.89297122,2617,2024,1616905,-36.995775,-73.165267,1,2024/06/04 00:00:00+00,1899/12/30 00:00:00+00,REGION BIO BIO,CORONEL,COLISION LATERAL,COLISION,RURAL,OTROS NO CONSIDERADOS,ALCOHOL EN CONDUCTOR,CONDUCCION EN ESTADO DE EBRIEDAD,JUAN ANTONIO RIOS,DALMIRO BARRIGA,DALMIRO BARRIGA - JUAN ANTONIO RIOS,0, , ,UNIDIRECCIONAL,ASFALTO,BUENO,MOJADO,LLUVIA,0,0,0,0
-8142460.81448927,-4443321.29733802,2618,2024,1616929,-37.03023,-73.14497,1,2024/06/05 00:00:00+00,1899/12/30 00:00:00+00,REGION BIO BIO,CORONEL,COLISION LATERAL,COLISION,URBANA,TRAMO DE VIA RECTA,IMPRUDENCIA DEL CONDUCTOR,CONDUCCION NO ATENTO CONDICIONES TRANSITO MOMENTO,BALMACEDA, ,- BALMACEDA,120, , ,BIDIRECCIONAL,ASFALTO,BUENO,MOJADO,LLUVIA,0,0,0,0
-8118733.39898516,-4435599.6908825,2619,2024,1616930,-36.974835,-72.931823,1,2024/05/04 00:00:00+00,1899/12/30 00:00:00+00,REGION BIO BIO,HUALQUI,COLISION LATERAL,COLISION,URBANA,TRAMO DE VIA RECTA,IMPRUDENCIA DEL CONDUCTOR,CONDUCCION NO ATENTO CONDICIONES TRANSITO MOMENTO,RAMON FREIRE, ,- RAMON FREIRE,855, , ,UNIDIRECCIONAL,ASFALTO,BUENO,HUMEDO,DESPEJADO,0,0,0,0
-8119406.21398751,-4436153.02842878,2620,2024,1616934,-36.978806,-72.937867,1,2024/05/04 00:00:00+00,1899/12/30 00:00:00+00,REGION BIO BIO,HUALQUI,CHOQUE FRONTAL,CHOQUE,URBANA,TRAMO DE VIA RECTA,IMPRUDENCIA DEL CONDUCTOR,CONDUCCION NO ATENTO CONDICIONES TRANSITO MOMENTO,MANUEL BULNES,CRISTOBAL COLON,CRISTOBAL COLON - MANUEL BULNES,0, , ,UNIDIRECCIONAL,ASFALTO,BUENO,MOJADO,LLUVIA,0,0,0,0
-8118730.83863687,-4434798.09240817,2621,2024,1616946,-36.969082,-72.9318,1,2024/05/05 00:00:00+00,1899/12/30 00:00:00+00,REGION BIO BIO,HUALQUI,CHOQUE POSTERIOR/FRENTE,CHOQUE,URBANA,TRAMO DE VIA RECTA,IMPRUDENCIA DEL CONDUCTOR,CONDUCCION NO ATENTO CONDICIONES TRANSITO MOMENTO,LOS ACACIOS, ,- LOS ACACIOS,313, , ,BIDIRECCIONAL,ASFALTO,BUENO,MOJADO,LLUVIA,0,0,0,0
-8118429.16281682,-4434306.4065848,2622,2024,1616957,-36.965553,-72.92909,1,2024/05/12 00:00:00+00,1899/12/30 00:00:00+00,REGION BIO BIO,HUALQUI,COLISION PERPENDICULAR,COLISION,URBANA,CRUCE CON SENAL PARE,IMPRUDENCIA DEL CONDUCTOR,CONDUCCION NO ATENTO CONDICIONES TRANSITO MOMENTO,GABRIELA MISTRAL,CHILE,CHILE - GABRIELA MISTRAL,0, , ,BIDIRECCIONAL,ASFALTO,BUENO,HUMEDO,NUBLADO,0,0,0,0
-8143441.65052265,-4438329.4537525,2623,2024,1616962,-36.994423,-73.153781,1,2024/06/07 00:00:00+00,1899/12/30 00:00:00+00,REGION BIO BIO,CORONEL,CHOQUE,CHOQUE,URBANA,TRAMO DE VIA RECTA,ALCOHOL EN CONDUCTOR,CONDUCCION EN ESTADO DE EBRIEDAD,LAS TOSCAS,SEBASTIAN CORREA,LAS TOSCAS - SEBASTIAN CORREA,0, , ,BIDIRECCIONAL CON BANDEJON,ASFALTO,BUENO,HUMEDO,NUBLADO,0,0,0,1
-8142698.14764364,-4443214.62431414,2624,2024,1617010,-37.029465,-73.147102,1,2024/06/07 00:00:00+00,1899/12/30 00:00:00+00,REGION BIO BIO,CORONEL,ATROPELLO,ATROPELLO,URBANA,TRAMO DE VIA RECTA,IMPRUDENCIA DEL PEATON,IMPRUDENCIA DEL PEATON,GENERAL CARLOS PRATS, ,- GENERAL CARLOS PRATS,40, , ,BIDIRECCIONAL,ASFALTO,BUENO,HUMEDO,NUBLADO,0,0,1,0
-8143369.7381316,-4449889.26624334,2625,2024,1617017,-37.077317,-73.153135,1,2024/06/09 00:00:00+00,1899/12/30 00:00:00+00,REGION BIO BIO,LOTA,VOLCADURA,VOLCADURA,URBANA,TRAMO DE VIA RECTA,ALCOHOL EN CONDUCTOR,CONDUCCION EN ESTADO DE EBRIEDAD,TEGUALDA,VISTA HERMOSA,TEGUALDA - VISTA HERMOSA,0, , ,BIDIRECCIONAL,CONCRETO,REGULAR,MOJADO,LLUVIA,0,0,0,0
-8143584.80738781,-4452144.43663872,2626,2024,1617019,-37.093478,-73.155067,1,2024/06/09 00:00:00+00,1899/12/30 00:00:00+00,REGION BIO BIO,LOTA,COLISION FRONTAL,COLISION,URBANA,CRUCE CON SENAL PARE,DESOBEDIENCIA A SENALIZACION,SENALIZACION DESOBEDECER SENAL PARE,SERRANO,GALVARINO,GALVARINO - SERRANO,0, , ,BIDIRECCIONAL,CONCRETO,REGULAR,HUMEDO,DESPEJADO,0,0,0,0
-8144352.80055479,-4450915.83174509,2627,2024,1617020,-37.084674,-73.161966,1,2024/06/09 00:00:00+00,1899/12/30 00:00:00+00,REGION BIO BIO,LOTA,CHOQUE LATERAL,CHOQUE,URBANA,TRAMO DE VIA RECTA,IMPRUDENCIA DEL CONDUCTOR,CONDUCCION NO ATENTO CONDICIONES TRANSITO MOMENTO,CARLOS COUSINO,MAYORDOMO CORTEZ,CARLOS COUSINO - MAYORDOMO CORTEZ,0, , ,UNIDIRECCIONAL,CONCRETO,BUENO,MOJADO,LLUVIA,0,0,0,1
-8166228.52764905,-4504252.36664921,2628,2024,1617027,-37.465933,-73.358479,1,2024/06/06 00:00:00+00,1899/12/30 00:00:00+00,REGION BIO BIO,CURANILAHUE,VOLCADURA,VOLCADURA,URBANA,TRAMO DE VIA RECTA,VELOCIDAD IMPRUDENTE,VELOCIDAD NO RAZONABLE NI PRUDENTE,BERNARDO O'HIGGINS, ,- BERNARDO O'HIGGINS,1435, , ,BIDIRECCIONAL,ASFALTO,MALO,MOJADO,LLUVIA,0,0,0,1
-8142439.32982755,-4442963.0754505,2629,2024,1617035,-37.027661,-73.144777,1,2024/06/07 00:00:00+00,1899/12/30 00:00:00+00,REGION BIO BIO,CORONEL,COLISION,COLISION,URBANA,TRAMO DE VIA RECTA,IMPRUDENCIA DEL CONDUCTOR,CONDUCCION NO ATENTO CONDICIONES TRANSITO MOMENTO,COCHRANE,CARVALLO,CARVALLO - COCHRANE,0, , ,BIDIRECCIONAL,ASFALTO,BUENO,SECO,DESPEJADO,0,0,0,2
-8138290.78636416,-4415517.50391021,2630,2024,1617039,-36.830576,-73.10751,1,2024/06/06 00:00:00+00,1899/12/30 00:00:00+00,REGION BIO BIO,SAN PEDRO DE LA PAZ,CHOQUE FRONTAL,CHOQUE,URBANA,CRUCE SIN SENALIZACION,DROGAS Y/O FATIGA EN CONDUCTOR,"CONDICIONES FISICAS DEFICIENTES (CANSANCIO, SUENO)",ENRIQUE SORO,JOSE SAPIOLA,ENRIQUE SORO - JOSE SAPIOLA,0, , ,BIDIRECCIONAL,CONCRETO,BUENO,SECO,DESPEJADO,0,0,0,0
-8142199.88160285,-4424829.2228528,2631,2024,1617043,-36.8975,-73.142626,1,2024/06/06 00:00:00+00,1899/12/30 00:00:00+00,REGION BIO BIO,SAN PEDRO DE LA PAZ,CHOQUE FRENTE/LADO,CHOQUE,URBANA,CRUCE SIN SENALIZACION,VELOCIDAD IMPRUDENTE,VELOCIDAD MAYOR QUE MAXIMA PERMITIDA,LOS MANIOS,6 PONIENTE,6 PONIENTE - LOS MANIOS,0, , ,BIDIRECCIONAL,CONCRETO,BUENO,MOJADO,NUBLADO,0,0,0,0
-8142170.82721576,-4419175.04455764,2632,2024,1617049,-36.85687,-73.142365,1,2024/06/06 00:00:00+00,1899/12/30 00:00:00+00,REGION BIO BIO,SAN PEDRO DE LA PAZ,COLISION PERPENDICULAR,COLISION,URBANA,CRUCE CON SENAL PARE,DESOBEDIENCIA A SENALIZACION,SENALIZACION DESOBEDECER SENAL PARE,GENARO PRIETO,REINALDO LOMBOY,GENARO PRIETO - REINALDO LOMBOY,0, , ,BIDIRECCIONAL,CONCRETO,BUENO,SECO,DESPEJADO,0,0,0,2
-8137429.31462513,-4416653.23311975,2633,2024,1617058,-36.838742,-73.099771,1,2024/06/07 00:00:00+00,1899/12/30 00:00:00+00,REGION BIO BIO,SAN PEDRO DE LA PAZ,COLISION LATERAL,COLISION,URBANA,CRUCE SIN SENALIZACION,IMPRUDENCIA DEL CONDUCTOR,CONDUCCION CAMBIAR SORPRESIVAMENTE PISTA CIRCULACION,PRESIDENTE JORGE ALESSANDRI,PEDRO AGUIRRE CERDA,PEDRO AGUIRRE CERDA - PRESIDENTE JORGE ALESSANDRI,0, , ,BIDIRECCIONAL CON BANDEJON,CONCRETO,BUENO,SECO,DESPEJADO,0,0,0,0
-8134617.79976543,-4418158.22385723,2634,2024,1617076,-36.849561,-73.074515,1,2024/06/08 00:00:00+00,1899/12/30 00:00:00+00,REGION BIO BIO,SAN PEDRO DE LA PAZ,CHOQUE POSTERIOR,CHOQUE,URBANA,TRAMO DE VIA CURVA VERTICAL,FALLAS MECANICAS,FALLAS MECANICAS FRENOS,CAMINO DEL ARBOL, ,- CAMINO DEL ARBOL,10, , ,BIDIRECCIONAL,CONCRETO,BUENO,MOJADO,LLUVIA,0,0,0,0
-8140111.37610465,-4415307.82825012,2635,2024,1617078,-36.829068,-73.123865,1,2024/06/09 00:00:00+00,1899/12/30 00:00:00+00,REGION BIO BIO,SAN PEDRO DE LA PAZ,CHOQUE FRENTE/POSTERIOR,CHOQUE,URBANA,CRUCE CON SENAL PARE,IMPRUDENCIA DEL CONDUCTOR,CONDUCCION NO ATENTO CONDICIONES TRANSITO MOMENTO,EL ESTERO,LAS TORRES,EL ESTERO - LAS TORRES,0, , ,BIDIRECCIONAL,CONCRETO,BUENO,MOJADO,LLUVIA,0,0,0,0
-8136959.6465504,-4416799.05072471,2636,2024,1617085,-36.83979,-73.095552,1,2024/06/10 00:00:00+00,1899/12/30 00:00:00+00,REGION BIO BIO,SAN PEDRO DE LA PAZ,COLISION FRONTAL,COLISION,URBANA,CRUCE CON SENAL CEDA EL PASO,IMPRUDENCIA DEL CONDUCTOR,CONDUCCION CONTRA SENTIDO DEL TRANSITO,LOTA,VICTORIA,LOTA - VICTORIA,0, , ,BIDIRECCIONAL,CONCRETO,BUENO,MOJADO,LLUVIA,0,0,0,0
-8055191.00912596,-4504707.35136202,2637,2024,1617152,-37.469177,-72.361012,1,2024/06/06 00:00:00+00,1899/12/30 00:00:00+00,REGION BIO BIO,LOS ANGELES,VOLCADURA,VOLCADURA,URBANA,TRAMO DE VIA RECTA,ALCOHOL EN CONDUCTOR,CONDUCCION EN ESTADO DE EBRIEDAD,RIO BIO BIO,RIO CHOGUAGUE,RIO BIO BIO - RIO CHOGUAGUE,0, , ,BIDIRECCIONAL,CONCRETO,REGULAR,MOJADO,NUBLADO,0,1,0,0
-8137092.09808729,-4403486.56298942,2638,2024,1617161,-36.744022,-73.096742,1,2024/06/11 00:00:00+00,1899/12/30 00:00:00+00,REGION BIO BIO,TALCAHUANO,ATROPELLO,ATROPELLO,URBANA,CRUCE CON SEMAFORO FUNCIONANDO,DESOBEDIENCIA A SENALIZACION,SENALIZACION DESOBEDECER LUZ INTERMITENTE SEMAFORO,CRISTOBAL COLON, ,- CRISTOBAL COLON,3309, , ,BIDIRECCIONAL CON BANDEJON,CONCRETO,BUENO,SECO,LLUVIA,1,0,0,1
-8131742.08335977,-4414497.55613485,2639,2024,1617190,-36.823242,-73.048682,1,2024/06/08 00:00:00+00,1899/12/30 00:00:00+00,REGION BIO BIO,CONCEPCION,CHOQUE POSTERIOR,CHOQUE,URBANA,CRUCE CON SEMAFORO FUNCIONANDO,IMPRUDENCIA DEL CONDUCTOR,CONDUCCION NO ATENTO CONDICIONES TRANSITO MOMENTO,MAIPU,CASTELLON,CASTELLON - MAIPU,0, , ,UNIDIRECCIONAL,CONCRETO,BUENO,MOJADO,NUBLADO,0,0,0,0
-8131530.79896624,-4414568.7573868,2640,2024,1617192,-36.823754,-73.046784,1,2024/06/08 00:00:00+00,1899/12/30 00:00:00+00,REGION BIO BIO,CONCEPCION,CHOQUE POSTERIOR,CHOQUE,URBANA,CRUCE CON SEMAFORO FUNCIONANDO,ALCOHOL EN CONDUCTOR,CONDUCCION EN ESTADO DE EBRIEDAD,FREIRE,TUCAPEL,FREIRE - TUCAPEL,0, , ,UNIDIRECCIONAL,CONCRETO,BUENO,HUMEDO,NUBLADO,0,0,0,0
-8133856.59708739,-4415406.24224375,2641,2024,1617199,-36.829776,-73.067677,1,2024/06/08 00:00:00+00,1899/12/30 00:00:00+00,REGION BIO BIO,CONCEPCION,VOLCADURA,VOLCADURA,URBANA,TRAMO DE VIA RECTA,ALCOHOL EN CONDUCTOR,CONDUCCION EN ESTADO DE EBRIEDAD,LOS CARRERA PONIENTE,PUENTE LLACOLEN,LOS CARRERA PONIENTE - PUENTE LLACOLEN,0, , ,BIDIRECCIONAL CON BANDEJON,CONCRETO,BUENO,MOJADO,NUBLADO,0,1,0,1
-8164409.90112796,-4506212.41990275,2642,2024,1617214,-37.479907,-73.342142,1,2024/06/11 00:00:00+00,1899/12/30 00:00:00+00,REGION BIO BIO,CURANILAHUE,COLISION LATERAL,COLISION,URBANA,CRUCE CON SEMAFORO FUNCIONANDO,IMPRUDENCIA DEL CONDUCTOR,NO RESPETAR DERECHO PREFERENTE DE PASO A VEHICULO,SARGENTO ALDEA,IGNACIO SERRANO,IGNACIO SERRANO - SARGENTO ALDEA,0, , ,BIDIRECCIONAL,CONCRETO,BUENO,MOJADO,LLUVIA,0,0,0,0
-8138854.50826553,-4408280.13043672,2643,2024,1617234,-36.77852,-73.112574,1,2024/06/11 00:00:00+00,1899/12/30 00:00:00+00,REGION BIO BIO,HUALPEN,COLISION,COLISION,URBANA,CRUCE SIN SENALIZACION,IMPRUDENCIA DEL CONDUCTOR,CONDUCCION NO ATENTO CONDICIONES TRANSITO MOMENTO,GRAN BRETANA,MANCHESTER,GRAN BRETANA - MANCHESTER,0, , ,BIDIRECCIONAL,CONCRETO,BUENO,MOJADO,DESPEJADO,0,0,0,0
-8138950.24302761,-4407972.14790001,2644,2024,1617281,-36.776304,-73.113434,1,2024/06/12 00:00:00+00,1899/12/30 00:00:00+00,REGION BIO BIO,HUALPEN,CHOQUE,CHOQUE,URBANA,TRAMO DE VIA RECTA,VELOCIDAD IMPRUDENTE,VELOCIDAD MAYOR QUE MAXIMA PERMITIDA,CAMINO A LENGA, ,- CAMINO A LENGA,1052, , ,BIDIRECCIONAL,CONCRETO,BUENO,MOJADO,LLUVIA,0,0,0,1
-8056715.97483034,-4505824.41977261,2645,2024,1617320,-37.477141,-72.374711,1,2024/06/06 00:00:00+00,1899/12/30 00:00:00+00,REGION BIO BIO,LOS ANGELES,COLISION,COLISION,URBANA,TRAMO DE VIA RECTA,IMPRUDENCIA DEL CONDUCTOR,CONDUCCION NO ATENTO CONDICIONES TRANSITO MOMENTO,LA RESERVA SIN NUMERO, ,- LA RESERVA SIN NUMERO,0, , ,BIDIRECCIONAL,ASFALTO,REGULAR,HUMEDO,NUBLADO,0,0,0,0
-8119729.81974725,-4436296.69746948,2646,2024,1617330,-36.979837,-72.940774,1,2024/05/20 00:00:00+00,1899/12/30 00:00:00+00,REGION BIO BIO,HUALQUI,CHOQUE POSTERIOR/FRENTE,CHOQUE,URBANA,TRAMO DE VIA RECTA,IMPRUDENCIA DEL CONDUCTOR,CONDUCCION NO ATENTO CONDICIONES TRANSITO MOMENTO,PATRICIO LYNCH,ESMERALDA,ESMERALDA - PATRICIO LYNCH,0, , ,UNIDIRECCIONAL,CONCRETO,BUENO,SECO,DESPEJADO,0,0,0,0
-8119252.48177073,-4435253.01614213,2647,2024,1617336,-36.972347,-72.936486,1,2024/05/20 00:00:00+00,1899/12/30 00:00:00+00,REGION BIO BIO,HUALQUI,COLISION POR ALCANCE,COLISION,URBANA,CRUCE CON SENAL CEDA EL PASO,IMPRUDENCIA DEL CONDUCTOR,CONDUCCION SIN MANTENER DISTANCIA RAZONABLE NI PRUDENTE,PATRICIO LYNCH,ARTURO PRAT,ARTURO PRAT - PATRICIO LYNCH,0, , ,UNIDIRECCIONAL,ASFALTO,BUENO,HUMEDO,NEBLINA,0,0,0,0
-8055204.14482587,-4504711.55908097,2648,2024,1617351,-37.469207,-72.36113,1,2024/06/07 00:00:00+00,1899/12/30 00:00:00+00,REGION BIO BIO,LOS ANGELES,COLISION LATERAL,COLISION,URBANA,TRAMO DE VIA RECTA,IMPRUDENCIA DEL CONDUCTOR,CONDUCCION NO ATENTO CONDICIONES TRANSITO MOMENTO,LOS ANGELES,COLO COLO,COLO COLO - LOS ANGELES,0, , ,UNIDIRECCIONAL,CONCRETO,BUENO,HUMEDO,DESPEJADO,0,1,0,0
-8054205.60899346,-4504474.52687839,2649,2024,1617363,-37.467517,-72.35216,1,2024/06/07 00:00:00+00,1899/12/30 00:00:00+00,REGION BIO BIO,LOS ANGELES,COLISION LATERAL,COLISION,URBANA,TRAMO DE VIA RECTA,IMPRUDENCIA DEL CONDUCTOR,CONDUCCION NO ATENTO CONDICIONES TRANSITO MOMENTO,RENGO,VALDIVIA,RENGO - VALDIVIA,0, , ,UNIDIRECCIONAL,CONCRETO,BUENO,HUMEDO,NUBLADO,0,0,0,0
-8129876.92529153,-4413466.72107009,2650,2024,1617395,-36.815829,-73.031927,1,2024/06/08 00:00:00+00,1899/12/30 00:00:00+00,REGION BIO BIO,CONCEPCION,COLISION,COLISION,URBANA,TRAMO DE VIA RECTA,IMPRUDENCIA DEL CONDUCTOR,CONDUCCION NO ATENTO CONDICIONES TRANSITO MOMENTO,JUAN BOSCO,PADRE KORDA,JUAN BOSCO - PADRE KORDA,0, , ,BIDIRECCIONAL,CONCRETO,BUENO,SECO,LLUVIA,0,0,0,0
-8132289.88657396,-4415838.63942035,2651,2024,1617410,-36.832885,-73.053603,1,2024/06/10 00:00:00+00,1899/12/30 00:00:00+00,REGION BIO BIO,CONCEPCION,ATROPELLO,ATROPELLO,URBANA,CRUCE CON SEMAFORO FUNCIONANDO,IMPRUDENCIA DEL CONDUCTOR,NO RESPETAR DERECHO PREFERENTE DE PASO A PEATON,CHACABUCO,OBISPO HIPOLITO SALAS,CHACABUCO - OBISPO HIPOLITO SALAS,0, , ,BIDIRECCIONAL CON BANDEJON,CONCRETO,BUENO,MOJADO,LLUVIA,0,0,0,1
-8133879.30626351,-4410087.62259247,2652,2024,1617413,-36.791524,-73.067881,1,2024/06/10 00:00:00+00,1899/12/30 00:00:00+00,REGION BIO BIO,TALCAHUANO,COLISION PERPENDICULAR,COLISION,URBANA,CIRCUITO PRIVADO,IMPRUDENCIA DEL CONDUCTOR,CONDUCCION NO ATENTO CONDICIONES TRANSITO MOMENTO,PRESIDENTE JORGE ALESSANDRI, ,- PRESIDENTE JORGE ALESSANDRI,3177, , ,BIDIRECCIONAL,CONCRETO,BUENO,SECO,LLUVIA,0,0,0,0
-8130886.37043404,-4414768.31812198,2653,2024,1617416,-36.825189,-73.040995,1,2024/06/10 00:00:00+00,1899/12/30 00:00:00+00,REGION BIO BIO,CONCEPCION,ATROPELLO,ATROPELLO,URBANA,CRUCE CON SEMAFORO FUNCIONANDO,IMPRUDENCIA DEL CONDUCTOR,NO RESPETAR DERECHO PREFERENTE DE PASO A PEATON,SAN MARTIN,PAICAVI,PAICAVI - SAN MARTIN,0, , ,BIDIRECCIONAL CON BANDEJON,CONCRETO,BUENO,MOJADO,LLUVIA,0,0,0,1
-8131906.05696971,-4412789.84227066,2654,2024,1617422,-36.810961,-73.050155,1,2024/06/10 00:00:00+00,1899/12/30 00:00:00+00,REGION BIO BIO,CONCEPCION,COLISION POR ALCANCE,COLISION,URBANA,TRAMO DE VIA RECTA,VELOCIDAD IMPRUDENTE,VELOCIDAD NO RAZONABLE NI PRUDENTE,PAICAVI,JORGE ALESSANDRI,JORGE ALESSANDRI - PAICAVI,0, , ,BIDIRECCIONAL CON BANDEJON,CONCRETO,BUENO,MOJADO,LLUVIA,0,0,0,3
-8132103.64906587,-4417599.84158381,2655,2024,1617439,-36.845547,-73.05193,1,2024/06/10 00:00:00+00,1899/12/30 00:00:00+00,REGION BIO BIO,CONCEPCION,ATROPELLO,ATROPELLO,URBANA,CRUCE CON SEMAFORO FUNCIONANDO,IMPRUDENCIA DEL CONDUCTOR,NO RESPETAR DERECHO PREFERENTE DE PASO A PEATON,INGLESA,PEDRO DE VALDIVIA,INGLESA - PEDRO DE VALDIVIA,0, , ,UNIDIRECCIONAL,CONCRETO,BUENO,MOJADO,LLUVIA,0,0,0,1
-8132079.38141687,-4415215.98748979,2656,2024,1617447,-36.828408,-73.051712,1,2024/06/10 00:00:00+00,1899/12/30 00:00:00+00,REGION BIO BIO,CONCEPCION,COLISION LATERAL,COLISION,URBANA,TRAMO DE VIA RECTA,IMPRUDENCIA DEL CONDUCTOR,CONDUCCION CAMBIAR SORPRESIVAMENTE PISTA CIRCULACION,O'HIGGINS,RENGO,O'HIGGINS - RENGO,0, , ,UNIDIRECCIONAL,CONCRETO,BUENO,MOJADO,LLUVIA,0,0,0,0
-8128440.12462386,-4413949.93430258,2657,2024,1617454,-36.819304,-73.01902,1,2024/06/11 00:00:00+00,1899/12/30 00:00:00+00,REGION BIO BIO,CONCEPCION,CHOQUE,CHOQUE,URBANA,CIRCUITO PRIVADO,IMPRUDENCIA DEL CONDUCTOR,CONDUCCION NO ATENTO CONDICIONES TRANSITO MOMENTO,COLLAO, ,- COLLAO,870, , ,BIDIRECCIONAL,CONCRETO,BUENO,MOJADO,NUBLADO,0,0,0,0
-8091101.89761943,-4509598.42180295,2658,2024,1617456,-37.504041,-72.683605,1,2024/06/12 00:00:00+00,1899/12/30 00:00:00+00,REGION BIO BIO,NACIMIENTO,COLISION,COLISION,URBANA,CRUCE CON SENAL PARE,IMPRUDENCIA DEL CONDUCTOR,CONDUCCION NO ATENTO CONDICIONES TRANSITO MOMENTO,JULIO HEMMELMANN,CLAUDIO GAJARDO,CLAUDIO GAJARDO - JULIO HEMMELMANN,0, , ,BIDIRECCIONAL,ASFALTO,BUENO,MOJADO,LLUVIA,0,0,0,0
-8133732.47585515,-4414427.74599486,2659,2024,1617461,-36.82274,-73.066562,1,2024/06/12 00:00:00+00,1899/12/30 00:00:00+00,REGION BIO BIO,CONCEPCION,COLISION PERPENDICULAR,COLISION,URBANA,CRUCE CON SENAL CEDA EL PASO,DESOBEDIENCIA A SENALIZACION,SENALIZACION DESOBEDECER SENAL CEDA EL PASO,LOS CARRERA PONIENTE,PASCUAL BINIMELIS,LOS CARRERA PONIENTE - PASCUAL BINIMELIS,0, , ,BIDIRECCIONAL,CONCRETO,BUENO,MOJADO,LLUVIA,0,0,0,0
-8132296.34310443,-4414790.01275497,2660,2024,1617467,-36.825345,-73.053661,1,2024/06/12 00:00:00+00,1899/12/30 00:00:00+00,REGION BIO BIO,CONCEPCION,COLISION,COLISION,URBANA,TRAMO DE VIA RECTA,IMPRUDENCIA DEL CONDUCTOR,CONDUCCION NO ATENTO CONDICIONES TRANSITO MOMENTO,MAIPU,RENGO,MAIPU - RENGO,0, , ,UNIDIRECCIONAL,CONCRETO,BUENO,MOJADO,LLUVIA,0,0,0,0