X,Y,FID,Año,IdAccident,Latitud,longitud,ClaseAccid,Fecha,Hora,Región,Comuna,Tipo_Accid,Tipo__CONA,Zona,Ubicación,Causa__CON,Causa_Acci,Calle_Uno,Calle_Dos,Intersecci,Número,Ruta,Ubicaci_1,Calzada,Tipo_Calza,Estado_Cal,Condición,Estado_Atm,Fallecidos,Graves,Menos_Grav,Leves
-8138744.52460863,-4410948.38801242,2765,2024,1618732,-36.797716,-73.111586,1,2024/06/18 00:00:00+00,1899/12/30 00:00:00+00,REGION BIO BIO,HUALPEN,CHOQUE,CHOQUE,URBANA,CRUCE CON SEMAFORO FUNCIONANDO,DESOBEDIENCIA A SENALIZACION,SENALIZACION DESOBEDECER LUZ ROJA DE SEMAFORO,AVENIDA DOS,CALLE DOS,AVENIDA DOS - CALLE DOS,0, , ,BIDIRECCIONAL CON BANDEJON,CONCRETO,BUENO,MOJADO,LLUVIA,0,0,0,0
-8137911.63217852,-4408927.11733674,2766,2024,1618747,-36.783175,-73.104104,1,2024/06/18 00:00:00+00,1899/12/30 00:00:00+00,REGION BIO BIO,HUALPEN,CHOQUE,CHOQUE,URBANA,CRUCE SIN SENALIZACION,IMPRUDENCIA DEL CONDUCTOR,CONDUCIR VEHICULO EN RETROCESO,BULGARIA,PARIS,BULGARIA - PARIS,0, , ,BIDIRECCIONAL,CONCRETO,BUENO,MOJADO,LLUVIA,0,0,0,0
-8131682.08215423,-4413217.26647939,2767,2024,1618749,-36.814035,-73.048143,1,2024/06/07 00:00:00+00,1899/12/30 00:00:00+00,REGION BIO BIO,CONCEPCION,COLISION LATERAL,COLISION,URBANA,CRUCE CON SEMAFORO FUNCIONANDO,DESOBEDIENCIA A SENALIZACION,SENALIZACION DESOBEDECER LUZ ROJA DE SEMAFORO,PAICAVI,MANUEL RODRIGUEZ,MANUEL RODRIGUEZ - PAICAVI,0, , ,BIDIRECCIONAL CON BANDEJON,CONCRETO,BUENO,SECO,NUBLADO,0,0,0,0
-8129785.19803111,-4411265.35404778,2768,2024,1618755,-36.799996,-73.031103,1,2024/06/07 00:00:00+00,1899/12/30 00:00:00+00,REGION BIO BIO,CONCEPCION,COLISION LATERAL,COLISION,URBANA,PUENTE,IMPRUDENCIA DEL CONDUCTOR,CONDUCCION NO ATENTO CONDICIONES TRANSITO MOMENTO,PUENTE ANDALIEN, ,- PUENTE ANDALIEN,0, , ,BIDIRECCIONAL,CONCRETO,BUENO,SECO,LLUVIA,0,0,0,0
-8131855.74055987,-4413689.20501316,2769,2024,1618771,-36.817429,-73.049703,1,2024/06/07 00:00:00+00,1899/12/30 00:00:00+00,REGION BIO BIO,CONCEPCION,CHOQUE FRENTE/LADO,CHOQUE,URBANA,TRAMO DE VIA RECTA,IMPRUDENCIA DEL CONDUCTOR,CONDUCCION NO ATENTO CONDICIONES TRANSITO MOMENTO,GENERAL CRUZ, ,- GENERAL CRUZ,1054, , ,UNIDIRECCIONAL,CONCRETO,BUENO,SECO,LLUVIA,0,0,0,0
-8052080.07463625,-4503547.06716494,2770,2024,1618773,-37.460904,-72.333066,1,2024/06/12 00:00:00+00,1899/12/30 00:00:00+00,REGION BIO BIO,LOS ANGELES,ATROPELLO,ATROPELLO,URBANA,OTROS NO CONSIDERADOS,IMPRUDENCIA DEL CONDUCTOR,CONDUCCION NO ATENTO CONDICIONES TRANSITO MOMENTO,ORIENTE,MARCELLA,MARCELLA - ORIENTE,0, , ,BIDIRECCIONAL,CONCRETO,BUENO,MOJADO,DESPEJADO,0,0,0,1
-8128780.5396267,-4429157.96194278,2771,2024,1618780,-36.928591,-73.022078,1,2024/06/08 00:00:00+00,1899/12/30 00:00:00+00,REGION BIO BIO,CHIGUAYANTE,COLISION LATERAL,COLISION,URBANA,TRAMO DE VIA RECTA,IMPRUDENCIA DEL CONDUCTOR,CONDUCCION CAMBIAR SORPRESIVAMENTE PISTA CIRCULACION,JORGE ALESSANDRI,21 DE MAYO,21 DE MAYO - JORGE ALESSANDRI,0, , ,BIDIRECCIONAL,CONCRETO,BUENO,SECO,DESPEJADO,0,0,0,0
-8052701.68267284,-4502228.8775535,2772,2024,1618781,-37.451504,-72.33865,1,2024/06/13 00:00:00+00,1899/12/30 00:00:00+00,REGION BIO BIO,LOS ANGELES,COLISION,COLISION,URBANA,TRAMO DE VIA RECTA,IMPRUDENCIA DEL CONDUCTOR,CONDUCCION NO ATENTO CONDICIONES TRANSITO MOMENTO,SOR VICENTA, ,- SOR VICENTA,2113, , ,UNIDIRECCIONAL,CONCRETO,BUENO,MOJADO,LLUVIA,0,0,0,0
-8091101.89761943,-4509598.42180295,2773,2024,1618789,-37.504041,-72.683605,1,2024/06/15 00:00:00+00,1899/12/30 00:00:00+00,REGION BIO BIO,NACIMIENTO,CHOQUE POSTERIOR,CHOQUE,URBANA,TRAMO DE VIA RECTA,ALCOHOL EN CONDUCTOR,CONDUCCION EN ESTADO DE EBRIEDAD,JULIO HEMMELMANN,CLAUDIO GAJARDO,CLAUDIO GAJARDO - JULIO HEMMELMANN,0, , ,BIDIRECCIONAL,ASFALTO,BUENO,MOJADO,LLUVIA,0,0,0,0
-8054522.64690324,-4506376.96659413,2774,2024,1618793,-37.48108,-72.355008,1,2024/06/13 00:00:00+00,1899/12/30 00:00:00+00,REGION BIO BIO,LOS ANGELES,COLISION LATERAL,COLISION,URBANA,TRAMO DE VIA RECTA,IMPRUDENCIA DEL CONDUCTOR,CONDUCCION NO ATENTO CONDICIONES TRANSITO MOMENTO,CONDELL,MANUEL RODRIGUEZ,CONDELL - MANUEL RODRIGUEZ,0, , ,BIDIRECCIONAL,ASFALTO,BUENO,MOJADO,NUBLADO,0,0,0,1
-8053430.26874008,-4502787.12465187,2775,2024,1618795,-37.455485,-72.345195,1,2024/06/14 00:00:00+00,1899/12/30 00:00:00+00,REGION BIO BIO,LOS ANGELES,ATROPELLO,ATROPELLO,URBANA,TRAMO DE VIA RECTA,ALCOHOL EN CONDUCTOR,CONDUCCION EN ESTADO DE EBRIEDAD,GUACOLDA, ,- GUACOLDA,184, , ,UNIDIRECCIONAL,ASFALTO,REGULAR,HUMEDO,DESPEJADO,0,0,0,1
-8055245.44435696,-4506324.78270898,2776,2024,1618797,-37.480708,-72.361501,1,2024/06/14 00:00:00+00,1899/12/30 00:00:00+00,REGION BIO BIO,LOS ANGELES,CHOQUE FRONTAL,CHOQUE,URBANA,TRAMO DE VIA RECTA,IMPRUDENCIA DEL CONDUCTOR,CONDUCCION NO ATENTO CONDICIONES TRANSITO MOMENTO,CAMILO HENRIQUEZ,VICUNA MACKENNA,CAMILO HENRIQUEZ - VICUNA MACKENNA,0, , ,UNIDIRECCIONAL,CONCRETO,BUENO,MOJADO,LLUVIA,0,0,0,0
-8051400.35782547,-4504817.59415607,2777,2024,1618803,-37.469963,-72.32696,1,2024/06/14 00:00:00+00,1899/12/30 00:00:00+00,REGION BIO BIO,LOS ANGELES,COLISION POR ALCANCE,COLISION,URBANA,TRAMO DE VIA RECTA,IMPRUDENCIA DEL CONDUCTOR,CONDUCCION NO ATENTO CONDICIONES TRANSITO MOMENTO,LAS INDUSTRIAS, ,- LAS INDUSTRIAS,511, , ,BIDIRECCIONAL,ASFALTO,BUENO,MOJADO,LLUVIA,0,0,0,0
-8055839.44515983,-4504181.82054091,2778,2024,1618804,-37.46543,-72.366837,1,2024/06/15 00:00:00+00,1899/12/30 00:00:00+00,REGION BIO BIO,LOS ANGELES,COLISION FRONTAL,COLISION,URBANA,TRAMO DE VIA RECTA,IMPRUDENCIA DEL CONDUCTOR,CONDUCCION NO ATENTO CONDICIONES TRANSITO MOMENTO,GALVARINO,LAS AZALEAS,GALVARINO - LAS AZALEAS,0, , ,UNIDIRECCIONAL,ASFALTO,REGULAR,HUMEDO,NUBLADO,0,0,0,1
-8053815.32285873,-4503354.09629111,2779,2024,1618806,-37.459528,-72.348654,1,2024/06/15 00:00:00+00,1899/12/30 00:00:00+00,REGION BIO BIO,LOS ANGELES,CHOQUE LADO/LADO,CHOQUE,URBANA,TRAMO DE VIA RECTA,IMPRUDENCIA DEL CONDUCTOR,CONDUCCION NO ATENTO CONDICIONES TRANSITO MOMENTO,ALMAGRO, ,- ALMAGRO,1168, , ,UNIDIRECCIONAL,CONCRETO,BUENO,HUMEDO,NUBLADO,0,0,0,0
-8054116.33076184,-4506036.23295874,2780,2024,1618827,-37.478651,-72.351358,1,2024/06/15 00:00:00+00,1899/12/30 00:00:00+00,REGION BIO BIO,LOS ANGELES,CHOQUE FRONTAL,CHOQUE,URBANA,TRAMO DE VIA RECTA,IMPRUDENCIA DEL CONDUCTOR,CONDUCCION NO ATENTO CONDICIONES TRANSITO MOMENTO,BERNARDO O'HIGGINS, ,- BERNARDO O'HIGGINS,536, , ,BIDIRECCIONAL,ASFALTO,BUENO,SECO,NUBLADO,0,0,0,1
-8094629.83492165,-4478197.99781115,2781,2024,1618828,-37.279933,-72.715297,1,2024/06/10 00:00:00+00,1899/12/30 00:00:00+00,REGION BIO BIO,LAJA,ATROPELLO,ATROPELLO,URBANA,CRUCE CON SENAL CEDA EL PASO,IMPRUDENCIA DEL CONDUCTOR,CONDUCCION NO ATENTO CONDICIONES TRANSITO MOMENTO,BALMACEDA,FREIRE,BALMACEDA - FREIRE,0, , ,BIDIRECCIONAL,ASFALTO,BUENO,MOJADO,LLUVIA,0,0,0,1
-8053621.73826424,-4506796.27073629,2782,2024,1618829,-37.484069,-72.346915,1,2024/06/18 00:00:00+00,1899/12/30 00:00:00+00,REGION BIO BIO,LOS ANGELES,CHOQUE POSTERIOR/FRENTE,CHOQUE,URBANA,CRUCE CON SEMAFORO FUNCIONANDO,IMPRUDENCIA DEL CONDUCTOR,CONDUCCION NO ATENTO CONDICIONES TRANSITO MOMENTO,LAS QUINTAS,LOS CARRERA,LAS QUINTAS - LOS CARRERA,0, , ,BIDIRECCIONAL,ASFALTO,BUENO,HUMEDO,NUBLADO,0,0,0,1
-8052033.98836706,-4501431.03262522,2783,2024,1618831,-37.445814,-72.332652,1,2024/06/16 00:00:00+00,1899/12/30 00:00:00+00,REGION BIO BIO,LOS ANGELES,COLISION LATERAL,COLISION,URBANA,OTROS NO CONSIDERADOS,IMPRUDENCIA DEL CONDUCTOR,CONDUCCION NO ATENTO CONDICIONES TRANSITO MOMENTO,SOR VICENTA, ,- SOR VICENTA,2575, , ,BIDIRECCIONAL,CONCRETO,BUENO,SECO,DESPEJADO,0,0,0,0
-8092847.94383253,-4478415.41064261,2784,2024,1618833,-37.281487,-72.69929,1,2024/06/10 00:00:00+00,1899/12/30 00:00:00+00,REGION BIO BIO,LAJA,COLISION,COLISION,URBANA,CRUCE CON SENAL CEDA EL PASO,IMPRUDENCIA DEL CONDUCTOR,CONDUCCION NO ATENTO CONDICIONES TRANSITO MOMENTO,LOS RIOS,LOS ACACIOS,LOS ACACIOS - LOS RIOS,0, , ,BIDIRECCIONAL,ASFALTO,BUENO,MOJADO,LLUVIA,0,0,0,0
-8052498.52460214,-4501948.29283192,2785,2024,1618834,-37.449503,-72.336825,1,2024/06/16 00:00:00+00,1899/12/30 00:00:00+00,REGION BIO BIO,LOS ANGELES,ATROPELLO,ATROPELLO,URBANA,TRAMO DE VIA RECTA,IMPRUDENCIA DEL PEATON,PEATON CRUZA CALZADA FUERA PASO PEATONES,SOR VICENTA, ,- SOR VICENTA,2185, , ,BIDIRECCIONAL,CONCRETO,BUENO,SECO,NUBLADO,0,0,0,1
-8055191.00912596,-4504707.35136202,2786,2024,1618839,-37.469177,-72.361012,1,2024/06/17 00:00:00+00,1899/12/30 00:00:00+00,REGION BIO BIO,LOS ANGELES,COLISION LATERAL,COLISION,URBANA,TRAMO DE VIA RECTA,IMPRUDENCIA DEL CONDUCTOR,CONDUCCION NO ATENTO CONDICIONES TRANSITO MOMENTO,CADIZ,ALMIRANTE LATORRE,ALMIRANTE LATORRE - CADIZ,0, , ,BIDIRECCIONAL CON BANDEJON,CONCRETO,BUENO,MOJADO,DESPEJADO,0,0,0,0
-8054005.67918799,-4504868.92898245,2787,2024,1618840,-37.470329,-72.350364,1,2024/06/17 00:00:00+00,1899/12/30 00:00:00+00,REGION BIO BIO,LOS ANGELES,ATROPELLO,ATROPELLO,URBANA,TRAMO DE VIA RECTA,IMPRUDENCIA DEL CONDUCTOR,CONDUCCION NO ATENTO CONDICIONES TRANSITO MOMENTO,LAUTARO, ,- LAUTARO,250, , ,UNIDIRECCIONAL,ASFALTO,BUENO,MOJADO,LLUVIA,0,0,0,1
-8051275.23471781,-4504731.75615546,2788,2024,1618842,-37.469351,-72.325836,1,2024/06/18 00:00:00+00,1899/12/30 00:00:00+00,REGION BIO BIO,LOS ANGELES,CHOQUE POSTERIOR,CHOQUE,URBANA,TRAMO DE VIA RECTA,IMPRUDENCIA DEL CONDUCTOR,CONDUCCION NO ATENTO CONDICIONES TRANSITO MOMENTO,LAS INDUSTRIAS, ,- LAS INDUSTRIAS,512, , ,UNIDIRECCIONAL,ASFALTO,BUENO,MOJADO,DESPEJADO,0,0,0,0
-8055378.24850947,-4503836.81062525,2789,2024,1618843,-37.46297,-72.362694,1,2024/06/18 00:00:00+00,1899/12/30 00:00:00+00,REGION BIO BIO,LOS ANGELES,COLISION POR ALCANCE,COLISION,URBANA,TRAMO DE VIA RECTA,IMPRUDENCIA DEL CONDUCTOR,CONDUCCION NO ATENTO CONDICIONES TRANSITO MOMENTO,BOMBERO FRANCISCO RIOSECO,RUIZ ALDEA,BOMBERO FRANCISCO RIOSECO - RUIZ ALDEA,0, , ,UNIDIRECCIONAL,CONCRETO,BUENO,SECO,DESPEJADO,0,0,0,0
-8060293.11534749,-4443335.79937456,2790,2024,1618853,-37.030334,-72.406845,1,2024/06/13 00:00:00+00,1899/12/30 00:00:00+00,REGION BIO BIO,CABRERO,COLISION,COLISION,URBANA,TRAMO DE VIA RECTA,IMPRUDENCIA DEL CONDUCTOR,CONDUCCION NO ATENTO CONDICIONES TRANSITO MOMENTO,MARTINEZ DE ROZAS, ,- MARTINEZ DE ROZAS,148, , ,BIDIRECCIONAL,ASFALTO,BUENO,MOJADO,NUBLADO,0,0,0,2
-8124711.9235577,-4401508.51431319,2791,2024,1618871,-36.729782,-72.985529,1,2024/06/06 00:00:00+00,1899/12/30 00:00:00+00,REGION BIO BIO,PENCO,VOLCADURA,VOLCADURA,URBANA,TRAMO DE VIA RECTA,IMPRUDENCIA DEL CONDUCTOR,CONDUCCION NO ATENTO CONDICIONES TRANSITO MOMENTO,PASAJE TRES, ,- PASAJE TRES,5, , ,UNIDIRECCIONAL,ASFALTO,BUENO,SECO,DESPEJADO,0,0,0,0
-8126331.51082925,-4402773.50637819,2792,2024,1618876,-36.738889,-73.000078,1,2024/06/14 00:00:00+00,1899/12/30 00:00:00+00,REGION BIO BIO,PENCO,CHOQUE FRENTE/POSTERIOR,CHOQUE,URBANA,TRAMO DE VIA RECTA,IMPRUDENCIA DEL CONDUCTOR,CONDUCCION NO ATENTO CONDICIONES TRANSITO MOMENTO,FREIRE, ,- FREIRE,131, , ,UNIDIRECCIONAL,ASFALTO,BUENO,SECO,DESPEJADO,0,0,0,1
-8164309.1569888,-4505371.77110427,2793,2024,1618894,-37.473914,-73.341237,1,2024/06/20 00:00:00+00,1899/12/30 00:00:00+00,REGION BIO BIO,CURANILAHUE,COLISION FRONTAL,COLISION,URBANA,TRAMO DE VIA RECTA,VELOCIDAD IMPRUDENTE,VELOCIDAD NO RAZONABLE NI PRUDENTE,ALAMEDA, ,- ALAMEDA,6, , ,BIDIRECCIONAL,CONCRETO,REGULAR,MOJADO,LLUVIA,0,0,0,5
-8138825.56519793,-4411274.66854328,2794,2024,1618910,-36.800063,-73.112314,1,2024/06/20 00:00:00+00,1899/12/30 00:00:00+00,REGION BIO BIO,HUALPEN,COLISION,COLISION,URBANA,CRUCE SIN SENALIZACION,IMPRUDENCIA DEL CONDUCTOR,CONDUCCION SIN MANTENER DISTANCIA RAZONABLE NI PRUDENTE,LA RODA,ALMANSA,ALMANSA - LA RODA,0, , ,BIDIRECCIONAL,CONCRETO,BUENO,MOJADO,LLUVIA,0,0,0,0
-8166477.43803047,-4504492.7599345,2795,2024,1619030,-37.467647,-73.360715,1,2024/06/10 00:00:00+00,1899/12/30 00:00:00+00,REGION BIO BIO,CURANILAHUE,CHOQUE POSTERIOR/FRENTE,CHOQUE,URBANA,CRUCE CON SEMAFORO FUNCIONANDO,IMPRUDENCIA DEL CONDUCTOR,CONDUCIR VEHICULO EN RETROCESO,LOS PINOS,PUENTE LOS COIGUES,LOS PINOS - PUENTE LOS COIGUES,0, , ,BIDIRECCIONAL,CONCRETO,BUENO,HUMEDO,NUBLADO,0,0,0,0
-8164838.7038065,-4505744.88572785,2796,2024,1619041,-37.476574,-73.345994,1,2024/06/18 00:00:00+00,1899/12/30 00:00:00+00,REGION BIO BIO,CURANILAHUE,OTRO TIPO,OTRO TIPO,URBANA,CRUCE CON SEMAFORO FUNCIONANDO,IMPRUDENCIA DEL CONDUCTOR,CARGA SOBRESALE ESTRUCTURA VEHICULO,SALVADOR ALLENDE,ARTURO PRAT,ARTURO PRAT - SALVADOR ALLENDE,0, , ,UNIDIRECCIONAL,CONCRETO,BUENO,MOJADO,LLUVIA,0,0,0,0
-8126241.4533612,-4402777.8126358,2797,2024,1619160,-36.73892,-72.999269,1,2024/06/14 00:00:00+00,1899/12/30 00:00:00+00,REGION BIO BIO,PENCO,COLISION LATERAL,COLISION,URBANA,TRAMO DE VIA RECTA,IMPRUDENCIA DEL CONDUCTOR,CONDUCCION NO ATENTO CONDICIONES TRANSITO MOMENTO,FREIRE, ,- FREIRE,198, , ,UNIDIRECCIONAL,ASFALTO,BUENO,SECO,DESPEJADO,0,0,0,1
-8125373.71793047,-4402368.30920943,2798,2024,1619162,-36.735972,-72.991474,1,2024/06/15 00:00:00+00,1899/12/30 00:00:00+00,REGION BIO BIO,PENCO,ATROPELLO,ATROPELLO,URBANA,TRAMO DE VIA RECTA,IMPRUDENCIA DEL CONDUCTOR,CONDUCCION NO ATENTO CONDICIONES TRANSITO MOMENTO,YERBAS BUENAS, ,- YERBAS BUENAS,196, , ,UNIDIRECCIONAL,ASFALTO,BUENO,SECO,DESPEJADO,0,1,0,0
-8125557.84036824,-4402482.9074642,2799,2024,1619164,-36.736797,-72.993128,1,2024/06/20 00:00:00+00,1899/12/30 00:00:00+00,REGION BIO BIO,PENCO,COLISION LATERAL,COLISION,URBANA,TRAMO DE VIA RECTA,IMPRUDENCIA DEL CONDUCTOR,CONDUCCION NO ATENTO CONDICIONES TRANSITO MOMENTO,FREIRE, ,- FREIRE,650, , ,UNIDIRECCIONAL,ASFALTO,BUENO,SECO,DESPEJADO,0,0,0,1
-8126505.94847132,-4403284.43514441,2800,2024,1619165,-36.742567,-73.001645,1,2024/06/19 00:00:00+00,1899/12/30 00:00:00+00,REGION BIO BIO,PENCO,COLISION LATERAL,COLISION,URBANA,TRAMO DE VIA CURVA HORIZONTAL,IMPRUDENCIA DEL CONDUCTOR,CONDUCCION NO ATENTO CONDICIONES TRANSITO MOMENTO,SAN VICENTE, ,- SAN VICENTE,650, , ,UNIDIRECCIONAL,ASFALTO,BUENO,SECO,DESPEJADO,0,0,0,0
-8137777.04691415,-4409139.35983793,2801,2024,1619220,-36.784702,-73.102895,1,2024/06/21 00:00:00+00,1899/12/30 00:00:00+00,REGION BIO BIO,HUALPEN,CHOQUE FRENTE/LADO,CHOQUE,URBANA,CRUCE SIN SENALIZACION,IMPRUDENCIA DEL CONDUCTOR,NO RESPETAR DERECHO PREFERENTE DE PASO A VEHICULO,VALENCIA,FINLANDIA,FINLANDIA - VALENCIA,0, , ,BIDIRECCIONAL,CONCRETO,BUENO,MOJADO,LLUVIA,0,0,0,0
-8139540.68160678,-4409431.80830045,2802,2024,1619224,-36.786806,-73.118738,1,2024/06/21 00:00:00+00,1899/12/30 00:00:00+00,REGION BIO BIO,HUALPEN,COLISION,COLISION,URBANA,CRUCE CON SENAL PARE,ALCOHOL EN CONDUCTOR,CONDUCCION EN ESTADO DE EBRIEDAD,COSTANERA,FINLANDIA,COSTANERA - FINLANDIA,0, , ,BIDIRECCIONAL CON BANDEJON,CONCRETO,BUENO,MOJADO,LLUVIA,0,0,0,1
-8137909.29446921,-4409139.08184892,2803,2024,1619230,-36.7847,-73.104083,1,2024/06/21 00:00:00+00,1899/12/30 00:00:00+00,REGION BIO BIO,HUALPEN,COLISION,COLISION,URBANA,CRUCE CON SEMAFORO FUNCIONANDO,ALCOHOL EN CONDUCTOR,CONDUCCION EN ESTADO DE EBRIEDAD,FINLANDIA,BULGARIA,BULGARIA - FINLANDIA,0, , ,BIDIRECCIONAL,CONCRETO,BUENO,MOJADO,LLUVIA,0,0,0,0
-8091913.52802681,-4508448.11911689,2804,2024,1619240,-37.495843,-72.690896,1,2024/06/17 00:00:00+00,1899/12/30 00:00:00+00,REGION BIO BIO,NACIMIENTO,CHOQUE,CHOQUE,URBANA,TRAMO DE VIA RECTA,IMPRUDENCIA DEL CONDUCTOR,CONDUCCION NO ATENTO CONDICIONES TRANSITO MOMENTO,JULIO HEMMELMANN, ,- JULIO HEMMELMANN,1115, , ,BIDIRECCIONAL,ASFALTO,BUENO,SECO,DESPEJADO,0,0,0,0
-8177802.30378734,-4526649.44839456,2805,2024,1619303,-37.625455,-73.462448,1,2024/06/11 00:00:00+00,1899/12/30 00:00:00+00,REGION BIO BIO,LOS ALAMOS,COLISION LATERAL,COLISION,URBANA,CRUCE CON SENAL PARE,DESOBEDIENCIA A SENALIZACION,SENALIZACION DESOBEDECER SENAL PARE,PEDRO EYHERAMENDY,18 DE SEPTIEMBRE,18 DE SEPTIEMBRE - PEDRO EYHERAMENDY,0, , ,UNIDIRECCIONAL,ASFALTO,REGULAR,MOJADO,LLUVIA,0,0,0,1
-8178590.66842114,-4526596.60111511,2806,2024,1619306,-37.625079,-73.46953,1,2024/06/15 00:00:00+00,1899/12/30 00:00:00+00,REGION BIO BIO,LOS ALAMOS,CHOQUE FRONTAL,CHOQUE,URBANA,TRAMO DE VIA RECTA,ALCOHOL EN CONDUCTOR,CONDUCCION EN ESTADO DE EBRIEDAD,CEMENTERIO, ,- CEMENTERIO,77, , ,BIDIRECCIONAL,ASFALTO,REGULAR,MOJADO,LLOVIZNA,0,0,0,2
-8198548.02673055,-4524720.41479502,2807,2024,1619312,-37.611729,-73.64881,1,2024/06/15 00:00:00+00,1899/12/30 00:00:00+00,REGION BIO BIO,LEBU,COLISION POR ALCANCE,COLISION,URBANA,TRAMO DE VIA RECTA,IMPRUDENCIA DEL CONDUCTOR,CONDUCCION NO ATENTO CONDICIONES TRANSITO MOMENTO,LUIS CRUZ MARTINEZ, ,- LUIS CRUZ MARTINEZ,202, , ,BIDIRECCIONAL,ASFALTO,BUENO,SECO,DESPEJADO,0,0,0,0
-8165231.55028951,-4505834.51937703,2808,2024,1619355,-37.477213,-73.349523,1,2024/06/21 00:00:00+00,1899/12/30 00:00:00+00,REGION BIO BIO,CURANILAHUE,COLISION LATERAL,COLISION,URBANA,CRUCE CON SEMAFORO FUNCIONANDO,IMPRUDENCIA DEL CONDUCTOR,CONDUCCION NO ATENTO CONDICIONES TRANSITO MOMENTO,SARGENTO ALDEA,ARTURO PRAT,ARTURO PRAT - SARGENTO ALDEA,0, , ,BIDIRECCIONAL,CONCRETO,REGULAR,MOJADO,LLUVIA,0,0,0,0
-8164523.22436959,-4505939.4436208,2809,2024,1619416,-37.477961,-73.34316,1,2024/06/21 00:00:00+00,1899/12/30 00:00:00+00,REGION BIO BIO,CURANILAHUE,CHOQUE LATERAL,CHOQUE,URBANA,CRUCE CON SEMAFORO FUNCIONANDO,IMPRUDENCIA DEL CONDUCTOR,VIRAJES INDEBIDOS,ARTURO PRAT,CAUPOLICAN,ARTURO PRAT - CAUPOLICAN,0, , ,BIDIRECCIONAL,CONCRETO,BUENO,SECO,DESPEJADO,0,0,0,0
-8051336.01515979,-4505198.82435638,2810,2024,1619422,-37.472681,-72.326382,1,2024/06/17 00:00:00+00,1899/12/30 00:00:00+00,REGION BIO BIO,LOS ANGELES,COLISION POR ALCANCE,COLISION,URBANA,TRAMO DE VIA RECTA,ALCOHOL EN CONDUCTOR,CONDUCCION EN ESTADO DE EBRIEDAD,LAS INDUSTRIAS,GABRIELA MISTRAL,GABRIELA MISTRAL - LAS INDUSTRIAS,0, , ,BIDIRECCIONAL,CONCRETO,BUENO,SECO,DESPEJADO,0,0,0,0
-8132579.09461104,-4414577.51851127,2811,2024,1619424,-36.823817,-73.056201,1,2024/05/29 00:00:00+00,1899/12/30 00:00:00+00,REGION BIO BIO,CONCEPCION,CHOQUE LATERAL,CHOQUE,URBANA,CRUCE CON SEMAFORO FUNCIONANDO,IMPRUDENCIA DEL CONDUCTOR,CONDUCCION NO ATENTO CONDICIONES TRANSITO MOMENTO,LAS HERAS,LINCOYAN,LAS HERAS - LINCOYAN,0, , ,UNIDIRECCIONAL,CONCRETO,BUENO,MOJADO,LLUVIA,0,0,0,0
-8053915.84435892,-4505020.55052464,2812,2024,1619428,-37.47141,-72.349557,1,2024/06/17 00:00:00+00,1899/12/30 00:00:00+00,REGION BIO BIO,LOS ANGELES,COLISION LATERAL,COLISION,URBANA,TRAMO DE VIA RECTA,IMPRUDENCIA DEL CONDUCTOR,CONDUCCION NO ATENTO CONDICIONES TRANSITO MOMENTO,ALMAGRO,CAUPOLICAN,ALMAGRO - CAUPOLICAN,0, , ,UNIDIRECCIONAL,ASFALTO,BUENO,HUMEDO,DESPEJADO,0,0,0,0
-8143239.49432737,-4432021.73888657,2813,2024,1619432,-36.949153,-73.151965,1,2024/06/16 00:00:00+00,1899/12/30 00:00:00+00,REGION BIO BIO,CORONEL,CAIDA,CAIDA,URBANA,TRAMO DE VIA RECTA,VELOCIDAD IMPRUDENTE,VELOCIDAD NO RAZONABLE NI PRUDENTE,CAMINO A CORONEL,GALVARINO,CAMINO A CORONEL - GALVARINO,0, , ,BIDIRECCIONAL CON BANDEJON,CONCRETO,BUENO,MOJADO,LLUVIA,0,0,0,1
-8131667.9445789,-4415001.39867344,2814,2024,1619444,-36.826865,-73.048016,1,2024/06/18 00:00:00+00,1899/12/30 00:00:00+00,REGION BIO BIO,CONCEPCION,CHOQUE POSTERIOR,CHOQUE,URBANA,CRUCE CON SEMAFORO FUNCIONANDO,IMPRUDENCIA DEL CONDUCTOR,CONDUCCION NO ATENTO CONDICIONES TRANSITO MOMENTO,O'HIGGINS,COLO COLO,COLO COLO - O'HIGGINS,0, , ,UNIDIRECCIONAL,CONCRETO,BUENO,SECO,DESPEJADO,0,0,0,0
-8053420.69526387,-4505232.62799762,2815,2024,1619445,-37.472922,-72.345109,1,2024/06/18 00:00:00+00,1899/12/30 00:00:00+00,REGION BIO BIO,LOS ANGELES,COLISION LATERAL,COLISION,URBANA,TRAMO DE VIA RECTA,IMPRUDENCIA DEL CONDUCTOR,CONDUCCION NO ATENTO CONDICIONES TRANSITO MOMENTO,RICARDO VICUNA,SANTA MARIA,RICARDO VICUNA - SANTA MARIA,0, , ,UNIDIRECCIONAL,ASFALTO,REGULAR,HUMEDO,LLOVIZNA,0,0,0,1
-8130696.34806326,-4413761.23518631,2816,2024,1619456,-36.817947,-73.039288,1,2024/06/18 00:00:00+00,1899/12/30 00:00:00+00,REGION BIO BIO,CONCEPCION,COLISION PERPENDICULAR,COLISION,URBANA,CRUCE CON SEMAFORO FUNCIONANDO,DESOBEDIENCIA A SENALIZACION,SENALIZACION DESOBEDECER LUZ ROJA DE SEMAFORO,AINAVILLO,LOS CARRERA,AINAVILLO - LOS CARRERA,0, , ,BIDIRECCIONAL CON BANDEJON,CONCRETO,BUENO,MOJADO,NUBLADO,0,1,0,0