X,Y,FID,Año,IdAccident,Latitud,longitud,ClaseAccid,Fecha,Hora,Región,Comuna,Tipo_Accid,Tipo__CONA,Zona,Ubicación,Causa__CON,Causa_Acci,Calle_Uno,Calle_Dos,Intersecci,Número,Ruta,Ubicaci_1,Calzada,Tipo_Calza,Estado_Cal,Condición,Estado_Atm,Fallecidos,Graves,Menos_Grav,Leves
-8094562.8205882,-4478416.66980335,2970,2024,1620492,-37.281496,-72.714695,1,2024/06/14 00:00:00+00,1899/12/30 00:00:00+00,REGION BIO BIO,LAJA,CHOQUE POSTERIOR/FRENTE,CHOQUE,URBANA,TRAMO DE VIA RECTA,IMPRUDENCIA DEL CONDUCTOR,CONDUCCION NO ATENTO CONDICIONES TRANSITO MOMENTO,O'HIGGINS, ,- O'HIGGINS,83, , ,UNIDIRECCIONAL,ASFALTO,BUENO,MOJADO,LLUVIA,0,0,0,0
-8131127.93372906,-4412937.5060783,2971,2024,1610395,-36.812023,-73.043165,1,2024/04/22 00:00:00+00,1899/12/30 00:00:00+00,REGION BIO BIO,CONCEPCION,COLISION LATERAL,COLISION,URBANA,TRAMO DE VIA RECTA,IMPRUDENCIA DEL CONDUCTOR,CONDUCCION NO ATENTO CONDICIONES TRANSITO MOMENTO,CALLE TRES,AINAVILLO,AINAVILLO - CALLE TRES,0, , ,BIDIRECCIONAL,CONCRETO,BUENO,SECO,DESPEJADO,0,0,0,0
-8130545.06487527,-4413698.38257569,2972,2024,1625952,-36.817495,-73.037929,1,2024/07/16 00:00:00+00,1899/12/30 00:00:00+00,REGION BIO BIO,CONCEPCION,COLISION POR ALCANCE,COLISION,URBANA,CRUCE CON SEMAFORO FUNCIONANDO,IMPRUDENCIA DEL CONDUCTOR,CONDUCCION SIN MANTENER DISTANCIA RAZONABLE NI PRUDENTE,LIENTUR,LOS CARRERA,LIENTUR - LOS CARRERA,0, , ,BIDIRECCIONAL,CONCRETO,BUENO,SECO,DESPEJADO,0,0,0,1
-8094878.52266409,-4478013.74604923,2973,2024,1620494,-37.278616,-72.717531,1,2024/06/18 00:00:00+00,1899/12/30 00:00:00+00,REGION BIO BIO,LAJA,COLISION,COLISION,URBANA,TRAMO DE VIA RECTA,IMPRUDENCIA DEL CONDUCTOR,CONDUCIR VEHICULO EN RETROCESO,ARTURO PRAT, ,- ARTURO PRAT,437, , ,BIDIRECCIONAL,ASFALTO,BUENO,MOJADO,LLUVIA,0,0,0,0
-8131682.08215423,-4413217.26647939,2974,2024,1610400,-36.814035,-73.048143,1,2024/04/22 00:00:00+00,1899/12/30 00:00:00+00,REGION BIO BIO,CONCEPCION,COLISION LATERAL,COLISION,URBANA,CRUCE CON SEMAFORO FUNCIONANDO,IMPRUDENCIA DEL CONDUCTOR,CONDUCCION NO ATENTO CONDICIONES TRANSITO MOMENTO,PAICAVI,MANUEL RODRIGUEZ,MANUEL RODRIGUEZ - PAICAVI,0, , ,BIDIRECCIONAL CON BANDEJON,CONCRETO,BUENO,SECO,DESPEJADO,0,0,0,0
-8136354.38382181,-4405511.80382706,2975,2024,1625953,-36.758599,-73.090115,1,2024/07/19 00:00:00+00,1899/12/30 00:00:00+00,REGION BIO BIO,TALCAHUANO,COLISION,COLISION,URBANA,ENLACE A NIVEL,DESOBEDIENCIA A SENALIZACION,SENALIZACION DESOBEDECER SENAL CEDA EL PASO,PRESIDENTE JORGE ALESSANDRI,AUTOPISTA CONCEPCION TALCAHUANO,AUTOPISTA CONCEPCION TALCAHUANO - PRESIDENTE JORGE ALESSANDRI,0, , ,BIDIRECCIONAL,CONCRETO,BUENO,SECO,DESPEJADO,0,0,0,0
-8094092.27310061,-4478888.02622133,2976,2024,1620497,-37.284865,-72.710468,1,2024/06/20 00:00:00+00,1899/12/30 00:00:00+00,REGION BIO BIO,LAJA,CHOQUE FRONTAL,CHOQUE,URBANA,CRUCE CON SEMAFORO FUNCIONANDO,ALCOHOL EN CONDUCTOR,CONDUCCION EN ESTADO DE EBRIEDAD,LOS RIOS,CELULOSA,CELULOSA - LOS RIOS,0, , ,BIDIRECCIONAL,ASFALTO,BUENO,MOJADO,LLUVIA,0,0,0,1
-8119420.24024335,-4384820.68743934,2977,2024,1610401,-36.609541,-72.937993,1,2024/05/11 00:00:00+00,1899/12/30 00:00:00+00,REGION BIO BIO,TOME,VOLCADURA,VOLCADURA,URBANA,TRAMO DE VIA CURVA VERTICAL,VELOCIDAD IMPRUDENTE,VELOCIDAD NO RAZONABLE NI PRUDENTE,CAMINO A VEGUILLAS, ,- CAMINO A VEGUILLAS,1, , ,BIDIRECCIONAL,CONCRETO,BUENO,SECO,DESPEJADO,0,0,0,1
-8129876.92529153,-4413466.72107009,2978,2024,1625955,-36.815829,-73.031927,1,2024/07/19 00:00:00+00,1899/12/30 00:00:00+00,REGION BIO BIO,CONCEPCION,COLISION,COLISION,URBANA,CRUCE CON SEMAFORO FUNCIONANDO,IMPRUDENCIA DEL CONDUCTOR,CONDUCCION SIN MANTENER DISTANCIA RAZONABLE NI PRUDENTE,PADRE KORDA,JUAN BOSCO,JUAN BOSCO - PADRE KORDA,0, , ,UNIDIRECCIONAL,CONCRETO,BUENO,SECO,DESPEJADO,0,0,0,0
-8143662.06311442,-4450081.1205151,2979,2024,1620516,-37.078692,-73.155761,1,2024/06/19 00:00:00+00,1899/12/30 00:00:00+00,REGION BIO BIO,LOTA,CHOQUE LATERAL,CHOQUE,URBANA,TRAMO DE VIA RECTA,IMPRUDENCIA DEL CONDUCTOR,CONDUCCION NO ATENTO CONDICIONES TRANSITO MOMENTO,EL MORRO, ,- EL MORRO,6, , ,BIDIRECCIONAL,CONCRETO,BUENO,SECO,DESPEJADO,0,0,0,0
-8136354.38382181,-4405511.80382706,2980,2024,1625958,-36.758599,-73.090115,1,2024/07/19 00:00:00+00,1899/12/30 00:00:00+00,REGION BIO BIO,TALCAHUANO,COLISION,COLISION,URBANA,TRAMO DE VIA RECTA,IMPRUDENCIA DEL CONDUCTOR,CONDUCCION CAMBIAR SORPRESIVAMENTE PISTA CIRCULACION,PRESIDENTE JORGE ALESSANDRI,AUTOPISTA CONCEPCION TALCAHUANO,AUTOPISTA CONCEPCION TALCAHUANO - PRESIDENTE JORGE ALESSANDRI,0, , ,BIDIRECCIONAL CON BANDEJON,CONCRETO,BUENO,SECO,DESPEJADO,0,0,0,0
-8041314.36668163,-4540363.07882962,2981,2024,1610410,-37.722961,-72.236356,1,2024/05/05 00:00:00+00,1899/12/30 00:00:00+00,REGION BIO BIO,MULCHEN,COLISION,COLISION,URBANA,CRUCE CON SENAL CEDA EL PASO,IMPRUDENCIA DEL CONDUCTOR,CONDUCCION NO ATENTO CONDICIONES TRANSITO MOMENTO,SAAVEDRA,DOMINGO SANTA MARIA,DOMINGO SANTA MARIA - SAAVEDRA,0, , ,UNIDIRECCIONAL,ASFALTO,BUENO,SECO,NUBLADO,0,0,0,3
-8143567.88682521,-4451360.56353744,2982,2024,1620517,-37.087861,-73.154915,1,2024/06/21 00:00:00+00,1899/12/30 00:00:00+00,REGION BIO BIO,LOTA,CHOQUE POSTERIOR,CHOQUE,URBANA,TRAMO DE VIA RECTA,IMPRUDENCIA DEL CONDUCTOR,CONDUCCION NO ATENTO CONDICIONES TRANSITO MOMENTO,LOS LITRES,LOS SAUCES,LOS LITRES - LOS SAUCES,0, , ,BIDIRECCIONAL,ASFALTO,BUENO,HUMEDO,LLUVIA,0,0,0,0
-8130054.03460138,-4413426.67445423,2983,2024,1625960,-36.815541,-73.033518,1,2024/07/20 00:00:00+00,1899/12/30 00:00:00+00,REGION BIO BIO,CONCEPCION,COLISION,COLISION,URBANA,TRAMO DE VIA RECTA,IMPRUDENCIA DEL CONDUCTOR,NO RESPETAR DERECHO PREFERENTE DE PASO A VEHICULO,LOS CARRERA,SARMIENTO,LOS CARRERA - SARMIENTO,0, , ,BIDIRECCIONAL CON BANDEJON,CONCRETO,BUENO,SECO,DESPEJADO,0,0,0,0
-8135113.61677742,-4416023.06376145,2984,2024,1610411,-36.834211,-73.078969,1,2024/04/22 00:00:00+00,1899/12/30 00:00:00+00,REGION BIO BIO,CHIGUAYANTE,CHOQUE FRENTE/POSTERIOR,CHOQUE,URBANA,PUENTE,IMPRUDENCIA DEL CONDUCTOR,CONDUCCION NO ATENTO CONDICIONES TRANSITO MOMENTO,PUENTE LLACOLEN, ,- PUENTE LLACOLEN,0, , ,BIDIRECCIONAL,CONCRETO,BUENO,SECO,DESPEJADO,0,0,0,1
-8124596.37392626,-4400713.09213588,2985,2024,1620595,-36.724055,-72.984491,1,2024/06/21 00:00:00+00,1899/12/30 00:00:00+00,REGION BIO BIO,PENCO,CHOQUE FRENTE/LADO,CHOQUE,URBANA,TRAMO DE VIA RECTA,IMPRUDENCIA DEL CONDUCTOR,CONDUCCION NO ATENTO CONDICIONES TRANSITO MOMENTO,DOMINGO SANTA MARIA, ,- DOMINGO SANTA MARIA,178, , ,UNIDIRECCIONAL,ASFALTO,BUENO,SECO,DESPEJADO,0,0,0,1
-8131749.87572412,-4411517.26536322,2986,2024,1625963,-36.801808,-73.048752,1,2024/07/20 00:00:00+00,1899/12/30 00:00:00+00,REGION BIO BIO,CONCEPCION,CHOQUE FRONTAL,CHOQUE,URBANA,TRAMO DE VIA RECTA,IMPRUDENCIA DEL CONDUCTOR,CONDUCCION NO ATENTO CONDICIONES TRANSITO MOMENTO,ABDON CIFUENTES,PEDRO LUNA,ABDON CIFUENTES - PEDRO LUNA,0, , ,BIDIRECCIONAL,CONCRETO,BUENO,SECO,DESPEJADO,0,1,0,0
-8121513.49194823,-4386747.23947084,2987,2024,1610415,-36.623432,-72.956797,1,2024/05/11 00:00:00+00,1899/12/30 00:00:00+00,REGION BIO BIO,TOME,CHOQUE FRENTE/POSTERIOR,CHOQUE,URBANA,CRUCE CON SENAL PARE,DESOBEDIENCIA A SENALIZACION,SENALIZACION DESOBEDECER SENAL PARE,LOS SUSPIROS,LATORRE,LATORRE - LOS SUSPIROS,0, , ,BIDIRECCIONAL,CONCRETO,BUENO,SECO,DESPEJADO,0,0,0,0
-8125408.89488956,-4402215.37454789,2988,2024,1620597,-36.734871,-72.99179,1,2024/06/22 00:00:00+00,1899/12/30 00:00:00+00,REGION BIO BIO,PENCO,ATROPELLO,ATROPELLO,URBANA,TRAMO DE VIA RECTA,IMPRUDENCIA DEL PEATON,IMPRUDENCIA DEL PEATON,YERBAS BUENAS, ,- YERBAS BUENAS,99, , ,UNIDIRECCIONAL,ASFALTO,BUENO,SECO,DESPEJADO,0,1,0,0
-8138461.43914354,-4409909.00024294,2989,2024,1625964,-36.790239,-73.109043,1,2024/07/22 00:00:00+00,1899/12/30 00:00:00+00,REGION BIO BIO,HUALPEN,COLISION,COLISION,URBANA,CRUCE SIN SENALIZACION,IMPRUDENCIA DEL CONDUCTOR,CONDUCCION NO ATENTO CONDICIONES TRANSITO MOMENTO,GRAN BRETANA,IRLANDA,GRAN BRETANA - IRLANDA,0, , ,BIDIRECCIONAL,CONCRETO,BUENO,SECO,DESPEJADO,0,0,0,1
-8129958.63379777,-4410976.33069157,2990,2024,1610420,-36.797917,-73.032661,1,2024/04/23 00:00:00+00,1899/12/30 00:00:00+00,REGION BIO BIO,CONCEPCION,CHOQUE FRENTE/POSTERIOR,CHOQUE,URBANA,TRAMO DE VIA RECTA,IMPRUDENCIA DEL CONDUCTOR,CONDUCCION NO ATENTO CONDICIONES TRANSITO MOMENTO,ANDALIEN,QUINCHAMALI,ANDALIEN - QUINCHAMALI,0, , ,BIDIRECCIONAL,CONCRETO,BUENO,SECO,DESPEJADO,0,1,0,0
-8124399.00446908,-4402725.16528313,2991,2024,1620601,-36.738541,-72.982718,1,2024/06/23 00:00:00+00,1899/12/30 00:00:00+00,REGION BIO BIO,PENCO,COLISION POR ALCANCE,COLISION,URBANA,TRAMO DE VIA RECTA,IMPRUDENCIA DEL CONDUCTOR,CONDUCCION NO ATENTO CONDICIONES TRANSITO MOMENTO,VILLARRICA, ,- VILLARRICA,37, , ,UNIDIRECCIONAL,ASFALTO,BUENO,SECO,DESPEJADO,0,0,0,2
-8041913.59950057,-4540109.19336929,2992,2024,1610426,-37.721157,-72.241739,1,2024/05/06 00:00:00+00,1899/12/30 00:00:00+00,REGION BIO BIO,MULCHEN,COLISION,COLISION,URBANA,CRUCE CON SENAL CEDA EL PASO,IMPRUDENCIA DEL CONDUCTOR,CONDUCCION NO ATENTO CONDICIONES TRANSITO MOMENTO,ANIBAL PINTO,VILLAGRA,ANIBAL PINTO - VILLAGRA,0, , ,UNIDIRECCIONAL,CONCRETO,BUENO,MOJADO,LLUVIA,0,0,0,0
-8132992.08992189,-4411063.77367869,2993,2024,1625966,-36.798546,-73.059911,1,2024/07/23 00:00:00+00,1899/12/30 00:00:00+00,REGION BIO BIO,CONCEPCION,COLISION,COLISION,URBANA,ENLACE A DESNIVEL,IMPRUDENCIA DEL CONDUCTOR,CONDUCCION NO ATENTO CONDICIONES TRANSITO MOMENTO,ALONSO DE RIBERA,AUTOPISTA CONCEPCION TALCAHUANO,ALONSO DE RIBERA - AUTOPISTA CONCEPCION TALCAHUANO,0, , ,BIDIRECCIONAL CON BANDEJON,CONCRETO,BUENO,SECO,DESPEJADO,0,0,0,0
-8130471.48269185,-4414545.39442349,2994,2024,1620607,-36.823586,-73.037268,1,2024/06/27 00:00:00+00,1899/12/30 00:00:00+00,REGION BIO BIO,CONCEPCION,ATROPELLO,ATROPELLO,URBANA,CRUCE CON SENAL CEDA EL PASO,DESOBEDIENCIA A SENALIZACION,SENALIZACION DESOBEDECER SENAL CEDA EL PASO,SAN MARTIN,GALVARINO,GALVARINO - SAN MARTIN,0, , ,UNIDIRECCIONAL,CONCRETO,BUENO,SECO,NUBLADO,0,0,0,1
-8144447.42212197,-4437072.90626763,2995,2024,1610429,-36.985407,-73.162816,1,2024/04/26 00:00:00+00,1899/12/30 00:00:00+00,REGION BIO BIO,CORONEL,ATROPELLO,ATROPELLO,URBANA,CRUCE CON SEMAFORO FUNCIONANDO,IMPRUDENCIA DEL CONDUCTOR,NO RESPETAR DERECHO PREFERENTE DE PASO A PEATON,MANUEL MONTT,LOS NOTROS,LOS NOTROS - MANUEL MONTT,0, , ,BIDIRECCIONAL,ASFALTO,BUENO,SECO,DESPEJADO,0,0,0,1
-8127324.25804815,-4413842.58258962,2996,2024,1625968,-36.818532,-73.008996,1,2024/07/21 00:00:00+00,1899/12/30 00:00:00+00,REGION BIO BIO,CONCEPCION,COLISION POR ALCANCE,COLISION,URBANA,CRUCE CON SENAL CEDA EL PASO,IMPRUDENCIA DEL CONDUCTOR,CONDUCCION SIN MANTENER DISTANCIA RAZONABLE NI PRUDENTE,GENERAL BONILLA,CALLE C,CALLE C - GENERAL BONILLA,0, , ,BIDIRECCIONAL CON BANDEJON,CONCRETO,BUENO,SECO,DESPEJADO,0,0,0,0
-8132270.85094104,-4417101.16171833,2997,2024,1620609,-36.841962,-73.053432,1,2024/06/27 00:00:00+00,1899/12/30 00:00:00+00,REGION BIO BIO,CONCEPCION,CHOQUE,CHOQUE,URBANA,TRAMO DE VIA RECTA,IMPRUDENCIA DEL CONDUCTOR,CONDUCCION NO ATENTO CONDICIONES TRANSITO MOMENTO,PEDRO DE VALDIVIA, ,- PEDRO DE VALDIVIA,611, , ,BIDIRECCIONAL CON BANDEJON,CONCRETO,BUENO,MOJADO,NUBLADO,0,0,0,0
-8138513.09138727,-4409700.77345699,2998,2024,1610449,-36.788741,-73.109507,1,2024/05/12 00:00:00+00,1899/12/30 00:00:00+00,REGION BIO BIO,HUALPEN,COLISION,COLISION,URBANA,CRUCE SIN SENALIZACION,IMPRUDENCIA DEL CONDUCTOR,NO RESPETAR DERECHO PREFERENTE DE PASO A VEHICULO,GRAN BRETANA,MONACO,GRAN BRETANA - MONACO,0, , ,BIDIRECCIONAL,CONCRETO,BUENO,SECO,DESPEJADO,0,1,0,1
-8136073.85870501,-4407380.25158803,2999,2024,1625971,-36.772045,-73.087595,1,2024/07/23 00:00:00+00,1899/12/30 00:00:00+00,REGION BIO BIO,TALCAHUANO,CHOQUE,CHOQUE,URBANA,CRUCE CON SEMAFORO FUNCIONANDO,IMPRUDENCIA DEL CONDUCTOR,CONDUCCION NO ATENTO CONDICIONES TRANSITO MOMENTO,LOS PINOS,LA MARINA,LA MARINA - LOS PINOS,0, , ,BIDIRECCIONAL,CONCRETO,BUENO,SECO,DESPEJADO,0,0,0,0
-8165786.92322908,-4504699.91772933,3000,2024,1620617,-37.469124,-73.354512,1,2024/06/22 00:00:00+00,1899/12/30 00:00:00+00,REGION BIO BIO,CURANILAHUE,OTRO TIPO,OTRO TIPO,URBANA,TRAMO DE VIA RECTA,OTRAS CAUSAS,OTRAS CAUSAS,BERNARDO O'HIGGINS, ,- BERNARDO O'HIGGINS,823, , ,BIDIRECCIONAL,MIXTO,MALO,MOJADO,LLUVIA,0,0,0,0
-8042445.81798606,-4539685.73631126,3001,2024,1610499,-37.718148,-72.24652,1,2024/05/07 00:00:00+00,1899/12/30 00:00:00+00,REGION BIO BIO,MULCHEN,CHOQUE,CHOQUE,URBANA,TRAMO DE VIA RECTA,ALCOHOL EN CONDUCTOR,CONDUCCION EN ESTADO DE EBRIEDAD,SOTO,VILLALON,SOTO - VILLALON,0, , ,UNIDIRECCIONAL,CONCRETO,BUENO,MOJADO,NUBLADO,0,0,0,0
-8138562.73988017,-4409413.73853343,3002,2024,1625973,-36.786676,-73.109953,1,2024/07/23 00:00:00+00,1899/12/30 00:00:00+00,REGION BIO BIO,HUALPEN,CHOQUE,CHOQUE,URBANA,CRUCE CON SENAL PARE,IMPRUDENCIA DEL CONDUCTOR,CONDUCCION CAMBIAR SORPRESIVAMENTE PISTA CIRCULACION,COSTANERA,CAMINO A LA DESEMBOCADURA,CAMINO A LA DESEMBOCADURA - COSTANERA,0, , ,BIDIRECCIONAL CON BANDEJON,CONCRETO,BUENO,SECO,DESPEJADO,0,0,0,0
-8133242.33613719,-4414565.41981748,3003,2024,1620623,-36.82373,-73.062159,1,2024/06/27 00:00:00+00,1899/12/30 00:00:00+00,REGION BIO BIO,CONCEPCION,CHOQUE LATERAL,CHOQUE,URBANA,TRAMO DE VIA RECTA,IMPRUDENCIA DEL CONDUCTOR,CONDUCCION NO ATENTO CONDICIONES TRANSITO MOMENTO,MANUEL BULNES,ANDRES LAMAS,ANDRES LAMAS - MANUEL BULNES,0, , ,UNIDIRECCIONAL,CONCRETO,BUENO,SECO,DESPEJADO,0,0,0,2
-8042737.47505193,-4539730.62841793,3004,2024,1610516,-37.718467,-72.24914,1,2024/05/11 00:00:00+00,1899/12/30 00:00:00+00,REGION BIO BIO,MULCHEN,COLISION,COLISION,URBANA,CRUCE CON SENAL CEDA EL PASO,IMPRUDENCIA DEL CONDUCTOR,CONDUCCION NO ATENTO CONDICIONES TRANSITO MOMENTO,PEDRO LAGOS,MATTA,MATTA - PEDRO LAGOS,0, , ,BIDIRECCIONAL,ASFALTO,BUENO,SECO,NUBLADO,0,0,0,2
-8130097.22656381,-4412508.70271755,3005,2024,1625977,-36.808939,-73.033906,1,2024/06/28 00:00:00+00,1899/12/30 00:00:00+00,REGION BIO BIO,CONCEPCION,COLISION POR ALCANCE,COLISION,URBANA,TRAMO DE VIA RECTA,IMPRUDENCIA DEL CONDUCTOR,CONDUCCION NO ATENTO CONDICIONES TRANSITO MOMENTO,ALONSO DE RIBERA,CAMILO HENRIQUEZ,ALONSO DE RIBERA - CAMILO HENRIQUEZ,0, , ,BIDIRECCIONAL CON BANDEJON,CONCRETO,BUENO,SECO,DESPEJADO,0,0,0,0
-8133879.30626351,-4410087.62259247,3006,2024,1620628,-36.791524,-73.067881,1,2024/06/29 00:00:00+00,1899/12/30 00:00:00+00,REGION BIO BIO,TALCAHUANO,CHOQUE,CHOQUE,URBANA,CIRCUITO PRIVADO,IMPRUDENCIA DEL CONDUCTOR,CONDUCCION NO ATENTO CONDICIONES TRANSITO MOMENTO,PRESIDENTE JORGE ALESSANDRI, ,- PRESIDENTE JORGE ALESSANDRI,3177, , ,BIDIRECCIONAL,CONCRETO,BUENO,SECO,DESPEJADO,0,0,0,0
-8131318.06741934,-4408998.9763086,3007,2024,1625981,-36.783692,-73.044873,1,2024/06/28 00:00:00+00,1899/12/30 00:00:00+00,REGION BIO BIO,CONCEPCION,COLISION POR ALCANCE,COLISION,URBANA,TRAMO DE VIA RECTA,IMPRUDENCIA DEL CONDUCTOR,CONDUCCION NO ATENTO CONDICIONES TRANSITO MOMENTO,CANTO DEL VALLE,PAZ DEL ALBA,CANTO DEL VALLE - PAZ DEL ALBA,0, , ,BIDIRECCIONAL,CONCRETO,BUENO,SECO,DESPEJADO,0,0,0,1
-8041154.95717082,-4539549.93534722,3008,2024,1610533,-37.717183,-72.234924,1,2024/05/11 00:00:00+00,1899/12/30 00:00:00+00,REGION BIO BIO,MULCHEN,ATROPELLO,ATROPELLO,URBANA,TRAMO DE VIA RECTA,IMPRUDENCIA DEL PEATON,PEATON CRUZA CALZADA FUERA PASO PEATONES,VILLA ALEGRE, ,- VILLA ALEGRE,1158, , ,UNIDIRECCIONAL,ASFALTO,BUENO,SECO,NUBLADO,0,0,0,3
-8133879.30626351,-4410087.62259247,3009,2024,1620631,-36.791524,-73.067881,1,2024/06/30 00:00:00+00,1899/12/30 00:00:00+00,REGION BIO BIO,TALCAHUANO,CHOQUE,CHOQUE,URBANA,CIRCUITO PRIVADO,IMPRUDENCIA DEL CONDUCTOR,CONDUCCION NO ATENTO CONDICIONES TRANSITO MOMENTO,PRESIDENTE JORGE ALESSANDRI, ,- PRESIDENTE JORGE ALESSANDRI,3177, , ,BIDIRECCIONAL,CONCRETO,BUENO,SECO,DESPEJADO,0,0,0,0
-8132481.13345915,-4413064.03695931,3010,2024,1625984,-36.812933,-73.055321,1,2024/06/29 00:00:00+00,1899/12/30 00:00:00+00,REGION BIO BIO,CONCEPCION,CHOQUE FRENTE/POSTERIOR,CHOQUE,URBANA,TRAMO DE VIA RECTA,IMPRUDENCIA DEL CONDUCTOR,CONDUCCION NO ATENTO CONDICIONES TRANSITO MOMENTO,CASTELLON,BRASIL,BRASIL - CASTELLON,0, , ,UNIDIRECCIONAL,CONCRETO,BUENO,SECO,DESPEJADO,0,0,0,0
-8142202.21931216,-4443878.52448122,3011,2024,1610559,-37.034226,-73.142647,1,2024/04/28 00:00:00+00,1899/12/30 00:00:00+00,REGION BIO BIO,CORONEL,ATROPELLO,ATROPELLO,URBANA,CRUCE CON SEMAFORO FUNCIONANDO,ALCOHOL EN PEATON,EBRIEDAD DEL PEATON,SOTOMAYOR,LOTA,LOTA - SOTOMAYOR,0, , ,UNIDIRECCIONAL,ASFALTO,BUENO,MOJADO,LLUVIA,0,0,0,1
-8121359.42577297,-4385777.33226392,3012,2024,1620637,-36.616439,-72.955413,1,2024/06/19 00:00:00+00,1899/12/30 00:00:00+00,REGION BIO BIO,TOME,COLISION PERPENDICULAR,COLISION,URBANA,CRUCE CON SENAL PARE,DESOBEDIENCIA A SENALIZACION,SENALIZACION DESOBEDECER SENAL PARE,NOGUEIRA,O'HIGGINS,NOGUEIRA - O'HIGGINS,0, , ,UNIDIRECCIONAL,CONCRETO,BUENO,SECO,DESPEJADO,0,0,0,0
-8161579.26911607,-4473553.51454775,3013,2024,1625987,-37.246728,-73.316714,1,2024/07/07 00:00:00+00,1899/12/30 00:00:00+00,REGION BIO BIO,ARAUCO,COLISION LATERAL,COLISION,URBANA,TRAMO DE VIA RECTA,IMPRUDENCIA DEL CONDUCTOR,NO RESPETAR DERECHO PREFERENTE DE PASO A VEHICULO,PATRIA, ,- PATRIA,195, , ,BIDIRECCIONAL,CONCRETO,BUENO,SECO,DESPEJADO,0,1,0,0
-8143586.58849966,-4451880.25500446,3014,2024,1610655,-37.091585,-73.155083,1,2024/04/03 00:00:00+00,1899/12/30 00:00:00+00,REGION BIO BIO,LOTA,COLISION LATERAL,COLISION,URBANA,CRUCE CON SENAL PARE,DESOBEDIENCIA A SENALIZACION,SENALIZACION DESOBEDECER SENAL PARE,CARRERA,RENE SCHNEIDER,CARRERA - RENE SCHNEIDER,0, , ,UNIDIRECCIONAL,CONCRETO,REGULAR,MOJADO,LLUVIA,0,0,0,0
-8121932.83247005,-4385874.97087738,3015,2024,1620660,-36.617143,-72.960564,1,2024/06/19 00:00:00+00,1899/12/30 00:00:00+00,REGION BIO BIO,TOME,COLISION LATERAL,COLISION,URBANA,TRAMO DE VIA RECTA,FALLAS MECANICAS,FALLAS MECANICAS DIRECCION,NOGUEIRA, ,- NOGUEIRA,667, , ,BIDIRECCIONAL,CONCRETO,BUENO,SECO,DESPEJADO,0,0,0,0
-8131996.8936742,-4411927.67669518,3016,2024,1625992,-36.80476,-73.050971,1,2024/06/29 00:00:00+00,1899/12/30 00:00:00+00,REGION BIO BIO,CONCEPCION,COLISION LATERAL,COLISION,URBANA,TRAMO DE VIA RECTA,IMPRUDENCIA DEL CONDUCTOR,CONDUCCION NO ATENTO CONDICIONES TRANSITO MOMENTO,LAUTARO,VENTUS,LAUTARO - VENTUS,0, , ,UNIDIRECCIONAL,CONCRETO,BUENO,SECO,DESPEJADO,0,0,0,3
-8134283.2846956,-4419346.17047402,3017,2024,1610660,-36.8581,-73.07151,1,2024/05/12 00:00:00+00,1899/12/30 00:00:00+00,REGION BIO BIO,SAN PEDRO DE LA PAZ,CHOQUE POSTERIOR,CHOQUE,URBANA,CRUCE CON SEMAFORO FUNCIONANDO,IMPRUDENCIA DEL CONDUCTOR,CONDUCCION NO ATENTO CONDICIONES TRANSITO MOMENTO,ERNESTO PINTO LAGARRIGUE,PUENTE CHACABUCO,ERNESTO PINTO LAGARRIGUE - PUENTE CHACABUCO,0, , ,UNIDIRECCIONAL,CONCRETO,BUENO,SECO,DESPEJADO,0,0,0,0
-8042700.85093946,-4539609.74384398,3018,2024,1620725,-37.717608,-72.248811,1,2024/06/25 00:00:00+00,1899/12/30 00:00:00+00,REGION BIO BIO,MULCHEN,ATROPELLO,ATROPELLO,URBANA,PASO PARA PEATONES,IMPRUDENCIA DEL CONDUCTOR,CONDUCCION NO ATENTO CONDICIONES TRANSITO MOMENTO,MATTA,VILLALON,MATTA - VILLALON,0, , ,UNIDIRECCIONAL,CONCRETO,BUENO,SECO,DESPEJADO,0,0,0,1
-8143719.61529116,-4452381.1311249,3019,2024,1610667,-37.095174,-73.156278,1,2024/05/09 00:00:00+00,1899/12/30 00:00:00+00,REGION BIO BIO,LOTA,COLISION FRONTAL,COLISION,URBANA,TRAMO DE VIA RECTA,IMPRUDENCIA DEL CONDUCTOR,CONDUCCION NO ATENTO CONDICIONES TRANSITO MOMENTO,ARTURO PRAT, ,- ARTURO PRAT,112, , ,UNIDIRECCIONAL,CONCRETO,BUENO,SECO,DESPEJADO,0,0,0,0
-8129095.68510514,-4412993.40195237,3020,2024,1625995,-36.812425,-73.024909,1,2024/06/30 00:00:00+00,1899/12/30 00:00:00+00,REGION BIO BIO,CONCEPCION,COLISION POR ALCANCE,COLISION,URBANA,TRAMO DE VIA RECTA,IMPRUDENCIA DEL CONDUCTOR,CONDUCCION CAMBIAR SORPRESIVAMENTE PISTA CIRCULACION,ALONSO DE RIBERA,GENERAL BONILLA,ALONSO DE RIBERA - GENERAL BONILLA,0, , ,BIDIRECCIONAL CON BANDEJON,CONCRETO,BUENO,SECO,DESPEJADO,0,0,0,0
-8121360.87292635,-4387694.76274501,3021,2024,1620732,-36.630263,-72.955426,1,2024/06/26 00:00:00+00,1899/12/30 00:00:00+00,REGION BIO BIO,TOME,COLISION LATERAL,COLISION,URBANA,TRAMO DE VIA RECTA,IMPRUDENCIA DEL CONDUCTOR,CONDUCCION NO ATENTO CONDICIONES TRANSITO MOMENTO,LATORRE, ,- LATORRE,97, , ,BIDIRECCIONAL CON BANDEJON,CONCRETO,BUENO,SECO,DESPEJADO,0,0,0,0