X,Y,FID,Año,IdAccident,Latitud,longitud,ClaseAccid,Fecha,Hora,Región,Comuna,Tipo_Accid,Tipo__CONA,Zona,Ubicación,Causa__CON,Causa_Acci,Calle_Uno,Calle_Dos,Intersecci,Número,Ruta,Ubicaci_1,Calzada,Tipo_Calza,Estado_Cal,Condición,Estado_Atm,Fallecidos,Graves,Menos_Grav,Leves
-8137440.3054545,-4417017.70293678,3327,2024,1627163,-36.841362,-73.09987,1,2024/07/19 00:00:00+00,1899/12/30 00:00:00+00,REGION BIO BIO,SAN PEDRO DE LA PAZ,CHOQUE FRENTE/POSTERIOR,CHOQUE,URBANA,CRUCE CON SENAL PARE,IMPRUDENCIA DEL CONDUCTOR,CONDUCCION NO ATENTO CONDICIONES TRANSITO MOMENTO,VICTORIA,PEDRO LIRA,PEDRO LIRA - VICTORIA,0, , ,BIDIRECCIONAL,CONCRETO,BUENO,SECO,DESPEJADO,0,0,0,0
-8135806.3600837,-4416740.7925864,3328,2024,1612036,-36.839371,-73.085192,1,2024/05/14 00:00:00+00,1899/12/30 00:00:00+00,REGION BIO BIO,SAN PEDRO DE LA PAZ,COLISION PERPENDICULAR,COLISION,URBANA,CRUCE CON SEMAFORO FUNCIONANDO,DESOBEDIENCIA A SENALIZACION,SENALIZACION DESOBEDECER LUZ ROJA DE SEMAFORO,SAN PEDRO,PEDRO AGUIRRE CERDA,PEDRO AGUIRRE CERDA - SAN PEDRO,0, , ,BIDIRECCIONAL CON BANDEJON,CONCRETO,BUENO,SECO,DESPEJADO,0,0,0,1
-8136100.5753828,-4408270.95754299,3329,2024,1622605,-36.778454,-73.087835,1,2024/07/04 00:00:00+00,1899/12/30 00:00:00+00,REGION BIO BIO,TALCAHUANO,ATROPELLO,ATROPELLO,URBANA,CRUCE CON SEMAFORO FUNCIONANDO,DESOBEDIENCIA A SENALIZACION,SENALIZACION DESOBEDECER LUZ ROJA DE SEMAFORO,LA MARINA,CONCEPCION,CONCEPCION - LA MARINA,0, , ,BIDIRECCIONAL,CONCRETO,BUENO,SECO,DESPEJADO,0,0,0,0
-8123400.0233587,-4399207.13305541,3330,2024,1627164,-36.713211,-72.973744,1,2024/07/06 00:00:00+00,1899/12/30 00:00:00+00,REGION BIO BIO,PENCO,ATROPELLO,ATROPELLO,URBANA,TRAMO DE VIA RECTA,IMPRUDENCIA DEL PEATON,IMPRUDENCIA DEL PEATON,PEDRO AGUIRRE CERDA, ,- PEDRO AGUIRRE CERDA,130, , ,UNIDIRECCIONAL,ASFALTO,BUENO,SECO,DESPEJADO,0,0,0,1
-8137157.21998941,-4418621.75627464,3331,2024,1612039,-36.852893,-73.097327,1,2024/05/09 00:00:00+00,1899/12/30 00:00:00+00,REGION BIO BIO,SAN PEDRO DE LA PAZ,CHOQUE FRENTE/POSTERIOR,CHOQUE,URBANA,CRUCE CON SENAL CEDA EL PASO,IMPRUDENCIA DEL CONDUCTOR,CONDUCCION NO ATENTO CONDICIONES TRANSITO MOMENTO,CAMINO CLUB VICTORIA,CAMINO EL VENADO,CAMINO CLUB VICTORIA - CAMINO EL VENADO,0, , ,BIDIRECCIONAL,CONCRETO,BUENO,SECO,DESPEJADO,0,0,0,0
-8129752.02482286,-4413293.04777415,3332,2024,1622625,-36.81458,-73.030805,1,2024/07/02 00:00:00+00,1899/12/30 00:00:00+00,REGION BIO BIO,CONCEPCION,CHOQUE POSTERIOR,CHOQUE,URBANA,TRAMO DE VIA RECTA,IMPRUDENCIA DEL CONDUCTOR,CONDUCCION SIN MANTENER DISTANCIA RAZONABLE NI PRUDENTE,COLLAO,JUAN BOSCO,COLLAO - JUAN BOSCO,0, , ,UNIDIRECCIONAL,CONCRETO,BUENO,SECO,DESPEJADO,0,0,0,0
-8136265.99614612,-4416709.60660533,3333,2024,1627167,-36.839147,-73.089321,1,2024/07/23 00:00:00+00,1899/12/30 00:00:00+00,REGION BIO BIO,SAN PEDRO DE LA PAZ,COLISION FRONTAL,COLISION,URBANA,CRUCE CON SEMAFORO FUNCIONANDO,IMPRUDENCIA DEL CONDUCTOR,NO RESPETAR DERECHO PREFERENTE DE PASO A VEHICULO,PEDRO AGUIRRE CERDA,LUIS ACEVEDO,LUIS ACEVEDO - PEDRO AGUIRRE CERDA,0, , ,BIDIRECCIONAL,CONCRETO,BUENO,SECO,DESPEJADO,0,0,0,2
-8139386.50411203,-4416809.89341582,3334,2024,1612042,-36.839868,-73.117353,1,2024/05/09 00:00:00+00,1899/12/30 00:00:00+00,REGION BIO BIO,SAN PEDRO DE LA PAZ,COLISION PERPENDICULAR,COLISION,URBANA,TRAMO DE VIA RECTA,IMPRUDENCIA DEL CONDUCTOR,NO RESPETAR DERECHO PREFERENTE DE PASO A VEHICULO,LAS ROSAS, ,- LAS ROSAS,1679, , ,BIDIRECCIONAL,CONCRETO,BUENO,SECO,DESPEJADO,0,0,0,0
-8136898.84745128,-4412281.51623788,3335,2024,1622630,-36.807305,-73.095006,1,2024/07/04 00:00:00+00,1899/12/30 00:00:00+00,REGION BIO BIO,HUALPEN,CHOQUE FRENTE/POSTERIOR,CHOQUE,URBANA,TRAMO DE VIA RECTA,IMPRUDENCIA DEL CONDUCTOR,CONDUCCION NO ATENTO CONDICIONES TRANSITO MOMENTO,COSTANERA, ,- COSTANERA,1140, , ,BIDIRECCIONAL CON BANDEJON,CONCRETO,BUENO,SECO,DESPEJADO,0,0,0,2
-8125790.498104,-4402575.55931723,3336,2024,1627168,-36.737464,-72.995218,1,2024/07/06 00:00:00+00,1899/12/30 00:00:00+00,REGION BIO BIO,PENCO,ATROPELLO,ATROPELLO,URBANA,TRAMO DE VIA RECTA,IMPRUDENCIA DEL CONDUCTOR,CONDUCCION NO ATENTO CONDICIONES TRANSITO MOMENTO,PENCO, ,- PENCO,100, , ,UNIDIRECCIONAL,ASFALTO,BUENO,SECO,DESPEJADO,0,0,0,1
-8138346.78006802,-4409118.78867041,3337,2024,1612045,-36.784554,-73.108013,1,2024/05/21 00:00:00+00,1899/12/30 00:00:00+00,REGION BIO BIO,HUALPEN,COLISION,COLISION,URBANA,CRUCE CON SENAL CEDA EL PASO,DESOBEDIENCIA A SENALIZACION,SENALIZACION DESOBEDECER SENAL CEDA EL PASO,SUIZA,FINLANDIA,FINLANDIA - SUIZA,0, , ,BIDIRECCIONAL,CONCRETO,BUENO,SECO,DESPEJADO,0,0,0,0
-8136686.22722386,-4417370.59895418,3338,2024,1622633,-36.843899,-73.093096,1,2024/07/01 00:00:00+00,1899/12/30 00:00:00+00,REGION BIO BIO,CONCEPCION,COLISION PERPENDICULAR,COLISION,URBANA,CRUCE CON SEMAFORO FUNCIONANDO,DESOBEDIENCIA A SENALIZACION,SENALIZACION DESOBEDECER LUZ ROJA DE SEMAFORO,COSTANERA,CENTRAL SUR,CENTRAL SUR - COSTANERA,0, , ,BIDIRECCIONAL CON BANDEJON,CONCRETO,BUENO,SECO,DESPEJADO,0,0,0,0
-8128676.34458332,-4430094.36345455,3339,2024,1627170,-36.935315,-73.021142,1,2024/07/12 00:00:00+00,1899/12/30 00:00:00+00,REGION BIO BIO,CHIGUAYANTE,COLISION PERPENDICULAR,COLISION,URBANA,CRUCE CON SENAL CEDA EL PASO,IMPRUDENCIA DEL CONDUCTOR,CONDUCCION NO ATENTO CONDICIONES TRANSITO MOMENTO,LOS HEROES,PEDRO ANGULO NOVOA,LOS HEROES - PEDRO ANGULO NOVOA,0, , ,BIDIRECCIONAL,CONCRETO,BUENO,SECO,DESPEJADO,0,0,0,2
-8137207.42507976,-4417327.61651116,3340,2024,1612046,-36.84359,-73.097778,1,2024/05/10 00:00:00+00,1899/12/30 00:00:00+00,REGION BIO BIO,SAN PEDRO DE LA PAZ,CHOQUE FRENTE/POSTERIOR,CHOQUE,URBANA,TRAMO DE VIA RECTA,IMPRUDENCIA DEL CONDUCTOR,CONDUCCION NO ATENTO CONDICIONES TRANSITO MOMENTO,MICHIMALONCO, ,- MICHIMALONCO,1300, , ,BIDIRECCIONAL CON BANDEJON,CONCRETO,BUENO,SECO,DESPEJADO,0,0,0,0
-8137641.77967318,-4416115.53847275,3341,2024,1627173,-36.834876,-73.10168,1,2024/07/24 00:00:00+00,1899/12/30 00:00:00+00,REGION BIO BIO,SAN PEDRO DE LA PAZ,CHOQUE FRENTE/POSTERIOR,CHOQUE,URBANA,CRUCE CON SEMAFORO FUNCIONANDO,IMPRUDENCIA DEL CONDUCTOR,CONDUCCION NO ATENTO CONDICIONES TRANSITO MOMENTO,LOS PENSAMIENTOS,LAS ROSAS,LAS ROSAS - LOS PENSAMIENTOS,0, , ,BIDIRECCIONAL,CONCRETO,BUENO,SECO,DESPEJADO,0,0,0,0
-8166038.1713198,-4504790.80476998,3342,2024,1622635,-37.469772,-73.356769,1,2024/06/12 00:00:00+00,1899/12/30 00:00:00+00,REGION BIO BIO,CURANILAHUE,CHOQUE FRENTE/LADO,CHOQUE,URBANA,TRAMO DE VIA RECTA,IMPRUDENCIA DEL CONDUCTOR,CONDUCCION NO ATENTO CONDICIONES TRANSITO MOMENTO,JULIO SIERRA, ,- JULIO SIERRA,317, , ,BIDIRECCIONAL,CONCRETO,BUENO,SECO,DESPEJADO,0,0,0,0
-8121582.62135201,-4386178.15554975,3343,2024,1612051,-36.619329,-72.957418,1,2024/05/19 00:00:00+00,1899/12/30 00:00:00+00,REGION BIO BIO,TOME,CHOQUE FRENTE/POSTERIOR,CHOQUE,URBANA,VIA PRIVADA DE USO PUBLICO,IMPRUDENCIA DEL CONDUCTOR,CONDUCIR VEHICULO EN RETROCESO,IGNACIO SERRANO, ,- IGNACIO SERRANO,980, , ,UNIDIRECCIONAL,CONCRETO,BUENO,SECO,DESPEJADO,0,0,0,0
-8142811.02560731,-4442531.66353723,3344,2024,1627180,-37.024567,-73.148116,1,2024/07/19 00:00:00+00,1899/12/30 00:00:00+00,REGION BIO BIO,CORONEL,COLISION POR ALCANCE,COLISION,URBANA,TRAMO DE VIA RECTA,IMPRUDENCIA DEL CONDUCTOR,CONDUCCION NO ATENTO CONDICIONES TRANSITO MOMENTO,SOTOMAYOR, ,- SOTOMAYOR,121, , ,BIDIRECCIONAL,ASFALTO,BUENO,SECO,DESPEJADO,0,0,0,0
-8132509.85388777,-4415077.33174562,3345,2024,1622642,-36.827411,-73.055579,1,2024/07/05 00:00:00+00,1899/12/30 00:00:00+00,REGION BIO BIO,CONCEPCION,CHOQUE,CHOQUE,URBANA,TRAMO DE VIA RECTA,IMPRUDENCIA DEL CONDUCTOR,CONDUCCION NO ATENTO CONDICIONES TRANSITO MOMENTO,FREIRE, ,- FREIRE,300, , ,UNIDIRECCIONAL,CONCRETO,BUENO,SECO,DESPEJADO,0,0,0,0
-8130582.91350214,-4414647.7468331,3346,2024,1612068,-36.824322,-73.038269,1,2024/05/15 00:00:00+00,1899/12/30 00:00:00+00,REGION BIO BIO,CONCEPCION,COLISION LATERAL,COLISION,URBANA,TRAMO DE VIA RECTA,IMPRUDENCIA DEL CONDUCTOR,CONDUCCION NO ATENTO CONDICIONES TRANSITO MOMENTO,SAN MARTIN, ,- SAN MARTIN,1492, , ,UNIDIRECCIONAL,CONCRETO,BUENO,SECO,NUBLADO,0,0,0,0
-8139531.9986865,-4416444.08062818,3347,2024,1627185,-36.837238,-73.11866,1,2024/07/19 00:00:00+00,1899/12/30 00:00:00+00,REGION BIO BIO,SAN PEDRO DE LA PAZ,ATROPELLO,ATROPELLO,URBANA,CRUCE CON SEMAFORO FUNCIONANDO,IMPRUDENCIA DEL PEATON,PEATON CRUZA CALZADA FORMA SORPRESIVA O DESCUIDADA,PEDRO AGUIRRE CERDA,DIAGONAL BIOBIO,DIAGONAL BIOBIO - PEDRO AGUIRRE CERDA,0, , ,BIDIRECCIONAL CON BANDEJON,CONCRETO,BUENO,SECO,DESPEJADO,0,0,1,1
-8132575.75502632,-4415642.6746757,3348,2024,1622645,-36.831476,-73.056171,1,2024/06/21 00:00:00+00,1899/12/30 00:00:00+00,REGION BIO BIO,CONCEPCION,COLISION,COLISION,URBANA,CRUCE CON SEMAFORO FUNCIONANDO,IMPRUDENCIA DEL CONDUCTOR,CONDUCCION NO ATENTO CONDICIONES TRANSITO MOMENTO,SAN MARTIN,SERRANO,SAN MARTIN - SERRANO,0, , ,UNIDIRECCIONAL,CONCRETO,BUENO,SECO,NUBLADO,0,0,0,0
-8142484.09879754,-4422692.47030375,3349,2024,1612069,-36.882148,-73.145179,1,2024/05/12 00:00:00+00,1899/12/30 00:00:00+00,REGION BIO BIO,SAN PEDRO DE LA PAZ,ATROPELLO,ATROPELLO,URBANA,CRUCE CON SENAL PARE,DESOBEDIENCIA A SENALIZACION,SENALIZACION DESOBEDECER SENAL PARE,VICENTE HUIDOBRO,LOS PARQUES,LOS PARQUES - VICENTE HUIDOBRO,0, , ,BIDIRECCIONAL CON BANDEJON,CONCRETO,BUENO,SECO,DESPEJADO,0,1,0,0
-8136524.9252817,-4417291.72839082,3350,2024,1627187,-36.843332,-73.091647,1,2024/07/23 00:00:00+00,1899/12/30 00:00:00+00,REGION BIO BIO,SAN PEDRO DE LA PAZ,COLISION POR ALCANCE,COLISION,URBANA,TRAMO DE VIA RECTA,IMPRUDENCIA DEL CONDUCTOR,CONDUCCION SIN MANTENER DISTANCIA RAZONABLE NI PRUDENTE,COSTANERA, ,- COSTANERA,3700, , ,BIDIRECCIONAL CON BANDEJON,CONCRETO,BUENO,SECO,DESPEJADO,0,0,1,0
-8131855.07264292,-4418989.03520148,3351,2024,1622656,-36.855533,-73.049697,1,2024/07/02 00:00:00+00,1899/12/30 00:00:00+00,REGION BIO BIO,CONCEPCION,COLISION POR ALCANCE,COLISION,URBANA,TRAMO DE VIA RECTA,IMPRUDENCIA DEL CONDUCTOR,CONDUCCION SIN MANTENER DISTANCIA RAZONABLE NI PRUDENTE,PEDRO DE VALDIVIA,SANDERS,PEDRO DE VALDIVIA - SANDERS,0, , ,BIDIRECCIONAL CON BANDEJON,CONCRETO,BUENO,MOJADO,NUBLADO,0,0,0,1
-8129726.31002048,-4412467.68643999,3352,2024,1612086,-36.808644,-73.030574,1,2024/05/16 00:00:00+00,1899/12/30 00:00:00+00,REGION BIO BIO,CONCEPCION,COLISION LATERAL,COLISION,URBANA,TRAMO DE VIA RECTA,IMPRUDENCIA DEL CONDUCTOR,CONDUCCION CAMBIAR SORPRESIVAMENTE PISTA CIRCULACION,ALONSO DE RIBERA,CALETERA JOSE MIGUEL GARCIA,ALONSO DE RIBERA - CALETERA JOSE MIGUEL GARCIA,0, , ,BIDIRECCIONAL CON BANDEJON,CONCRETO,BUENO,SECO,DESPEJADO,0,0,0,0
-8138474.79748244,-4408611.88873532,3353,2024,1622658,-36.780907,-73.109163,1,2024/07/05 00:00:00+00,1899/12/30 00:00:00+00,REGION BIO BIO,HUALPEN,CHOQUE,CHOQUE,URBANA,CRUCE CON SENAL PARE,VELOCIDAD IMPRUDENTE,VELOCIDAD MAYOR QUE MAXIMA PERMITIDA,GRECIA,SUIZA,GRECIA - SUIZA,0, , ,BIDIRECCIONAL,CONCRETO,BUENO,SECO,DESPEJADO,0,0,0,0
-8122510.80326625,-4399020.63889955,3354,2024,1627188,-36.711868,-72.965756,1,2024/07/11 00:00:00+00,1899/12/30 00:00:00+00,REGION BIO BIO,PENCO,COLISION POR ALCANCE,COLISION,URBANA,TRAMO DE VIA RECTA,IMPRUDENCIA DEL CONDUCTOR,CONDUCCION NO ATENTO CONDICIONES TRANSITO MOMENTO,BALMACEDA, ,- BALMACEDA,95, , ,UNIDIRECCIONAL,ASFALTO,BUENO,SECO,DESPEJADO,0,0,0,0
-8128752.32301896,-4413256.58384739,3355,2024,1612095,-36.814318,-73.021825,1,2024/05/16 00:00:00+00,1899/12/30 00:00:00+00,REGION BIO BIO,CONCEPCION,COLISION LATERAL,COLISION,URBANA,CRUCE SIN SENALIZACION,IMPRUDENCIA DEL CONDUCTOR,CONDUCCION NO ATENTO CONDICIONES TRANSITO MOMENTO,GENERAL BONILLA,TEGUALDA,GENERAL BONILLA - TEGUALDA,0, , ,BIDIRECCIONAL CON BANDEJON,CONCRETO,BUENO,SECO,DESPEJADO,0,0,0,0
-8130263.31524407,-4413555.4359849,3356,2024,1622667,-36.816467,-73.035398,1,2024/07/02 00:00:00+00,1899/12/30 00:00:00+00,REGION BIO BIO,CONCEPCION,COLISION POR ALCANCE,COLISION,URBANA,CRUCE CON SEMAFORO FUNCIONANDO,IMPRUDENCIA DEL CONDUCTOR,CONDUCCION SIN MANTENER DISTANCIA RAZONABLE NI PRUDENTE,LOS CARRERA,VILUMILLA,LOS CARRERA - VILUMILLA,0, , ,BIDIRECCIONAL CON BANDEJON,CONCRETO,BUENO,SECO,DESPEJADO,0,0,0,0
-8128302.9790112,-4432599.68546299,3357,2024,1627191,-36.953302,-73.017788,1,2024/07/15 00:00:00+00,1899/12/30 00:00:00+00,REGION BIO BIO,CHIGUAYANTE,COLISION PERPENDICULAR,COLISION,URBANA,CRUCE CON SENAL PARE,DESOBEDIENCIA A SENALIZACION,SENALIZACION DESOBEDECER SENAL PARE,ITALIA,YUGOSLAVIA,ITALIA - YUGOSLAVIA,0, , ,BIDIRECCIONAL,ASFALTO,BUENO,SECO,NUBLADO,0,0,0,0
-8139315.03699894,-4416542.13947599,3358,2024,1612114,-36.837943,-73.116711,1,2024/05/16 00:00:00+00,1899/12/30 00:00:00+00,REGION BIO BIO,SAN PEDRO DE LA PAZ,COLISION PERPENDICULAR,COLISION,URBANA,CRUCE CON SENAL CEDA EL PASO,DESOBEDIENCIA A SENALIZACION,SENALIZACION DESOBEDECER SENAL CEDA EL PASO,CICLOVIA PEDRO AGUIRRE CERDA,LOS NARANJOS,CICLOVIA PEDRO AGUIRRE CERDA - LOS NARANJOS,0, , ,UNIDIRECCIONAL,CONCRETO,BUENO,SECO,DESPEJADO,0,0,0,0
-8132804.96185786,-4413804.48133527,3359,2024,1622690,-36.818258,-73.05823,1,2024/06/09 00:00:00+00,1899/12/30 00:00:00+00,REGION BIO BIO,CONCEPCION,COLISION POR ALCANCE,COLISION,URBANA,CRUCE CON SENAL PARE,IMPRUDENCIA DEL CONDUCTOR,CONDUCCION NO ATENTO CONDICIONES TRANSITO MOMENTO,MANUEL RODRIGUEZ,RENGO,MANUEL RODRIGUEZ - RENGO,0, , ,BIDIRECCIONAL CON BANDEJON,CONCRETO,BUENO,SECO,LLUVIA,0,0,0,2
-8142447.01087241,-4416438.51703271,3360,2024,1627192,-36.837198,-73.144846,1,2024/07/24 00:00:00+00,1899/12/30 00:00:00+00,REGION BIO BIO,SAN PEDRO DE LA PAZ,COLISION PERPENDICULAR,COLISION,URBANA,CRUCE CON SENAL PARE,DESOBEDIENCIA A SENALIZACION,SENALIZACION DESOBEDECER SENAL PARE,RODRIGUEZ ALDEA,O'CARROL,O'CARROL - RODRIGUEZ ALDEA,0, , ,BIDIRECCIONAL,CONCRETO,BUENO,SECO,DESPEJADO,0,1,0,5
-8053504.74147942,-4504207.48636634,3361,2024,1627193,-37.465613,-72.345864,1,2024/07/26 00:00:00+00,1899/12/30 00:00:00+00,REGION BIO BIO,LOS ANGELES,COLISION LATERAL,COLISION,URBANA,TRAMO DE VIA RECTA,IMPRUDENCIA DEL CONDUCTOR,CONDUCCION NO ATENTO CONDICIONES TRANSITO MOMENTO,COSTANERA QUILQUE, ,- COSTANERA QUILQUE,398, , ,BIDIRECCIONAL,CONCRETO,BUENO,SECO,DESPEJADO,0,0,0,0
-8131036.54042712,-4413721.88273401,3362,2024,1612119,-36.817664,-73.042344,1,2024/05/17 00:00:00+00,1899/12/30 00:00:00+00,REGION BIO BIO,CONCEPCION,COLISION,COLISION,URBANA,TRAMO DE VIA RECTA,IMPRUDENCIA DEL CONDUCTOR,CONDUCCION NO ATENTO CONDICIONES TRANSITO MOMENTO,LAUTARO, ,- LAUTARO,924, , ,UNIDIRECCIONAL,CONCRETO,BUENO,SECO,DESPEJADO,0,0,0,0
-8129991.47304755,-4427302.94989647,3363,2024,1627198,-36.915269,-73.032956,1,2024/07/18 00:00:00+00,1899/12/30 00:00:00+00,REGION BIO BIO,CHIGUAYANTE,ATROPELLO,ATROPELLO,URBANA,CRUCE CON SEMAFORO FUNCIONANDO,IMPRUDENCIA DEL PEATON,PEATON CRUZA CALZADA FUERA PASO PEATONES,MANUEL RODRIGUEZ,LAS ARAUCARIAS,LAS ARAUCARIAS - MANUEL RODRIGUEZ,0, , ,BIDIRECCIONAL CON BANDEJON,ASFALTO,BUENO,HUMEDO,NEBLINA,0,0,0,1
-8133361.22535336,-4414451.66495539,3364,2024,1622691,-36.822912,-73.063227,1,2024/07/02 00:00:00+00,1899/12/30 00:00:00+00,REGION BIO BIO,CONCEPCION,COLISION LATERAL,COLISION,URBANA,CRUCE CON SEMAFORO FUNCIONANDO,IMPRUDENCIA DEL CONDUCTOR,VIRAJES INDEBIDOS,GENERAL CRUZ,ARTURO PRAT,ARTURO PRAT - GENERAL CRUZ,0, , ,UNIDIRECCIONAL,CONCRETO,BUENO,SECO,DESPEJADO,0,0,0,0
-8127151.82415691,-4415674.52391659,3365,2024,1612126,-36.831705,-73.007447,1,2024/05/17 00:00:00+00,1899/12/30 00:00:00+00,REGION BIO BIO,CONCEPCION,COLISION PERPENDICULAR,COLISION,URBANA,CRUCE SIN SENALIZACION,IMPRUDENCIA DEL CONDUCTOR,CONDUCCION NO ATENTO CONDICIONES TRANSITO MOMENTO,RIO ELQUI,RIO LOA,RIO ELQUI - RIO LOA,0, , ,BIDIRECCIONAL,CONCRETO,BUENO,SECO,DESPEJADO,0,0,0,0
-8055170.97161761,-4505167.26503867,3366,2024,1627202,-37.472456,-72.360832,1,2024/07/27 00:00:00+00,1899/12/30 00:00:00+00,REGION BIO BIO,LOS ANGELES,COLISION POR ALCANCE,COLISION,URBANA,CRUCE CON SEMAFORO APAGADO,ALCOHOL EN CONDUCTOR,CONDUCCION EN ESTADO DE EBRIEDAD,CAMILO HENRIQUEZ,RICARDO VICUNA,CAMILO HENRIQUEZ - RICARDO VICUNA,0, , ,BIDIRECCIONAL CON BANDEJON,CONCRETO,BUENO,SECO,DESPEJADO,0,0,0,1
-8131035.20459323,-4414844.80580699,3367,2024,1622697,-36.825739,-73.042332,1,2024/07/02 00:00:00+00,1899/12/30 00:00:00+00,REGION BIO BIO,CONCEPCION,CHOQUE POSTERIOR,CHOQUE,URBANA,CRUCE CON SEMAFORO FUNCIONANDO,IMPRUDENCIA DEL CONDUCTOR,CONDUCCION NO ATENTO CONDICIONES TRANSITO MOMENTO,ONGOLMO,SAN MARTIN,ONGOLMO - SAN MARTIN,0, , ,UNIDIRECCIONAL,CONCRETO,BUENO,SECO,DESPEJADO,0,0,0,0
-8136675.98583071,-4405408.01077841,3368,2024,1612136,-36.757852,-73.093004,1,2024/05/17 00:00:00+00,1899/12/30 00:00:00+00,REGION BIO BIO,TALCAHUANO,COLISION POR ALCANCE,COLISION,URBANA,TRAMO DE VIA RECTA,VELOCIDAD IMPRUDENTE,VELOCIDAD EXCESO EN ZONA RESTRINGIDA,LAS AMAPOLAS,CRISTOBAL COLON,CRISTOBAL COLON - LAS AMAPOLAS,0, , ,BIDIRECCIONAL,CONCRETO,BUENO,SECO,DESPEJADO,0,0,0,1
-8142349.49499848,-4443419.46535772,3369,2024,1627207,-37.030934,-73.14397,1,2024/07/22 00:00:00+00,1899/12/30 00:00:00+00,REGION BIO BIO,CORONEL,COLISION,COLISION,URBANA,TRAMO DE VIA RECTA,IMPRUDENCIA DEL CONDUCTOR,CONDUCCION NO ATENTO CONDICIONES TRANSITO MOMENTO,SOTOMAYOR,DEMOCRACIA,DEMOCRACIA - SOTOMAYOR,0, , ,BIDIRECCIONAL,ASFALTO,BUENO,SECO,DESPEJADO,0,0,0,0
-8132992.08992189,-4411063.77367869,3370,2024,1622708,-36.798546,-73.059911,1,2024/06/10 00:00:00+00,1899/12/30 00:00:00+00,REGION BIO BIO,CONCEPCION,COLISION LATERAL,COLISION,URBANA,TRAMO DE VIA RECTA,IMPRUDENCIA DEL CONDUCTOR,CONDUCCION NO ATENTO CONDICIONES TRANSITO MOMENTO,PAICAVI,ALONSO DE RIBERA,ALONSO DE RIBERA - PAICAVI,0, , ,BIDIRECCIONAL CON BANDEJON,CONCRETO,BUENO,MOJADO,LLOVIZNA,0,0,0,0
-8131812.65991693,-4414344.44724378,3371,2024,1612145,-36.822141,-73.049316,1,2024/05/18 00:00:00+00,1899/12/30 00:00:00+00,REGION BIO BIO,CONCEPCION,CHOQUE POSTERIOR,CHOQUE,URBANA,CRUCE CON SEMAFORO FUNCIONANDO,VELOCIDAD IMPRUDENTE,"VELOCIDAD NO REDUCIR CRUCE DE CALLES, CUMBRE, CURVA, ETC.",LOS CARRERA,CASTELLON,CASTELLON - LOS CARRERA,0, , ,BIDIRECCIONAL CON BANDEJON,CONCRETO,BUENO,SECO,DESPEJADO,0,0,0,0
-8054135.47771426,-4505969.18169909,3372,2024,1627208,-37.478173,-72.35153,1,2024/07/27 00:00:00+00,1899/12/30 00:00:00+00,REGION BIO BIO,LOS ANGELES,COLISION LATERAL,COLISION,URBANA,TRAMO DE VIA RECTA,IMPRUDENCIA DEL CONDUCTOR,CONDUCCION NO ATENTO CONDICIONES TRANSITO MOMENTO,BERNARDO O'HIGGINS,CONDELL,BERNARDO O'HIGGINS - CONDELL,0, , ,UNIDIRECCIONAL,CONCRETO,BUENO,SECO,DESPEJADO,0,0,0,1
-8130824.81075563,-4412828.0789358,3373,2024,1622714,-36.811236,-73.040442,1,2024/06/10 00:00:00+00,1899/12/30 00:00:00+00,REGION BIO BIO,CONCEPCION,CHOQUE LATERAL,CHOQUE,URBANA,TRAMO DE VIA RECTA,IMPRUDENCIA DEL CONDUCTOR,CONDUCCION NO ATENTO CONDICIONES TRANSITO MOMENTO,POLVORIN,MALLECO,MALLECO - POLVORIN,0, , ,BIDIRECCIONAL,CONCRETO,BUENO,MOJADO,LLOVIZNA,0,0,0,0
-8133347.31041701,-4409790.0130096,3374,2024,1612151,-36.789383,-73.063102,1,2024/05/09 00:00:00+00,1899/12/30 00:00:00+00,REGION BIO BIO,TALCAHUANO,CHOQUE LATERAL,CHOQUE,URBANA,CIRCUITO PRIVADO,IMPRUDENCIA DEL CONDUCTOR,CONDUCCION NO ATENTO CONDICIONES TRANSITO MOMENTO,PRESIDENTE JORGE ALESSANDRI, ,- PRESIDENTE JORGE ALESSANDRI,3854, , ,BIDIRECCIONAL,CONCRETO,BUENO,SECO,DESPEJADO,0,0,0,0
-8181370.8727037,-4627752.17632614,3375,2024,1622733,-38.341295,-73.494505,1,2024/06/27 00:00:00+00,1899/12/30 00:00:00+00,REGION BIO BIO,TIRUA,CHOQUE FRONTAL,CHOQUE,URBANA,ACERA O BERMA,IMPRUDENCIA DEL CONDUCTOR,CONDUCCION NO ATENTO CONDICIONES TRANSITO MOMENTO,JULIO MONTT,ATAHUALPA,ATAHUALPA - JULIO MONTT,0, , ,BIDIRECCIONAL,CONCRETO,BUENO,HUMEDO,NEBLINA,0,0,0,1
-8144457.32955665,-4436248.20372501,3376,2024,1627221,-36.979489,-73.162905,1,2024/07/26 00:00:00+00,1899/12/30 00:00:00+00,REGION BIO BIO,CORONEL,COLISION,COLISION,URBANA,TRAMO DE VIA RECTA,IMPRUDENCIA DEL CONDUCTOR,CONDUCCION NO ATENTO CONDICIONES TRANSITO MOMENTO,JUAN ANTONIO RIOS,CERRO SAN FRANCISCO,CERRO SAN FRANCISCO - JUAN ANTONIO RIOS,0, , ,BIDIRECCIONAL,ASFALTO,BUENO,SECO,DESPEJADO,0,0,0,0