X,Y,FID,Año,IdAccident,Latitud,longitud,ClaseAccid,Fecha,Hora,Región,Comuna,Tipo_Accid,Tipo__CONA,Zona,Ubicación,Causa__CON,Causa_Acci,Calle_Uno,Calle_Dos,Intersecci,Número,Ruta,Ubicaci_1,Calzada,Tipo_Calza,Estado_Cal,Condición,Estado_Atm,Fallecidos,Graves,Menos_Grav,Leves
-8121491.45068905,-4385935.85677089,3684,2024,1613416,-36.617582,-72.956599,1,2024/05/25 00:00:00+00,1899/12/30 00:00:00+00,REGION BIO BIO,TOME,CHOQUE LADO/LADO,CHOQUE,URBANA,TRAMO DE VIA RECTA,ALCOHOL EN CONDUCTOR,CONDUCCION EN ESTADO DE EBRIEDAD,CARLOS WERNER, ,- CARLOS WERNER,2846, , ,BIDIRECCIONAL,CONCRETO,BUENO,SECO,NUBLADO,0,0,0,0
-8138513.09138727,-4409700.77345699,3685,2024,1628461,-36.788741,-73.109507,1,2024/08/03 00:00:00+00,1899/12/30 00:00:00+00,REGION BIO BIO,HUALPEN,CHOQUE FRENTE/POSTERIOR,CHOQUE,URBANA,CRUCE SIN SENALIZACION,IMPRUDENCIA DEL CONDUCTOR,CONDUCCION NO ATENTO CONDICIONES TRANSITO MOMENTO,GRAN BRETANA,MONACO,GRAN BRETANA - MONACO,0, , ,BIDIRECCIONAL,CONCRETO,BUENO,HUMEDO,DESPEJADO,0,0,0,0
-8139492.36894778,-4416160.20188243,3686,2024,1623917,-36.835197,-73.118304,1,2024/07/09 00:00:00+00,1899/12/30 00:00:00+00,REGION BIO BIO,SAN PEDRO DE LA PAZ,CHOQUE POSTERIOR/FRENTE,CHOQUE,URBANA,TRAMO DE VIA RECTA,IMPRUDENCIA DEL CONDUCTOR,CONDUCIR VEHICULO EN RETROCESO,LOS CARDENALES, ,- LOS CARDENALES,151, , ,BIDIRECCIONAL,CONCRETO,BUENO,SECO,DESPEJADO,0,0,0,0
-8124662.05242583,-4413510.10507398,3687,2024,1628467,-36.816141,-72.985081,1,2024/08/04 00:00:00+00,1899/12/30 00:00:00+00,REGION BIO BIO,CONCEPCION,CHOQUE LADO/LADO,CHOQUE,URBANA,TRAMO DE VIA RECTA,IMPRUDENCIA DEL CONDUCTOR,CONDUCCION NO ATENTO CONDICIONES TRANSITO MOMENTO,21 DE MAYO, ,- 21 DE MAYO,3225, , ,BIDIRECCIONAL,CONCRETO,BUENO,SECO,NUBLADO,0,0,0,0
-8135827.50867188,-4411105.06258834,3688,2024,1613455,-36.798843,-73.085382,1,2024/05/27 00:00:00+00,1899/12/30 00:00:00+00,REGION BIO BIO,HUALPEN,COLISION,COLISION,URBANA,CRUCE CON SEMAFORO FUNCIONANDO,IMPRUDENCIA DEL CONDUCTOR,"ADELANTAMIENTO EN CRUCE, CURVA, CUESTA, PUENTE",LOS COPIHUES,CRISTOBAL COLON,CRISTOBAL COLON - LOS COPIHUES,0, , ,BIDIRECCIONAL CON BANDEJON,CONCRETO,BUENO,SECO,DESPEJADO,0,0,0,0
-8053173.56599431,-4507308.46459811,3689,2024,1623934,-37.48772,-72.342889,1,2024/07/10 00:00:00+00,1899/12/30 00:00:00+00,REGION BIO BIO,LOS ANGELES,COLISION FRONTAL,COLISION,URBANA,CRUCE CON SEMAFORO FUNCIONANDO,IMPRUDENCIA DEL CONDUCTOR,CONDUCCION NO ATENTO CONDICIONES TRANSITO MOMENTO,FRANCISCO ENCINA,LOS CARRERA,FRANCISCO ENCINA - LOS CARRERA,0, , ,BIDIRECCIONAL,ASFALTO,BUENO,SECO,DESPEJADO,0,0,0,0
-8138092.30371207,-4411539.6485002,3690,2024,1628469,-36.801969,-73.105727,1,2024/08/04 00:00:00+00,1899/12/30 00:00:00+00,REGION BIO BIO,HUALPEN,COLISION,COLISION,URBANA,ROTONDA,IMPRUDENCIA DEL CONDUCTOR,CONDUCCION CAMBIAR SORPRESIVAMENTE PISTA CIRCULACION,LAS GOLONDRINAS,COSTANERA,COSTANERA - LAS GOLONDRINAS,0, , ,BIDIRECCIONAL CON BANDEJON,CONCRETO,BUENO,SECO,NUBLADO,0,0,0,0
-8136094.5641303,-4407974.64952734,3691,2024,1613477,-36.776322,-73.087781,1,2024/05/27 00:00:00+00,1899/12/30 00:00:00+00,REGION BIO BIO,TALCAHUANO,COLISION,COLISION,URBANA,CRUCE CON SEMAFORO FUNCIONANDO,DESOBEDIENCIA A SENALIZACION,SENALIZACION DESOBEDECER LUZ ROJA DE SEMAFORO,LA MARINA,EJERCITO,EJERCITO - LA MARINA,0, , ,BIDIRECCIONAL,CONCRETO,BUENO,SECO,DESPEJADO,0,0,0,0
-8053315.83230355,-4506940.90579843,3692,2024,1623956,-37.4851,-72.344167,1,2024/07/10 00:00:00+00,1899/12/30 00:00:00+00,REGION BIO BIO,LOS ANGELES,CHOQUE FRENTE/POSTERIOR,CHOQUE,URBANA,TRAMO DE VIA RECTA,IMPRUDENCIA DEL CONDUCTOR,CARGA SOBRESALE ESTRUCTURA VEHICULO,BALBINO SANHUEZA, ,- BALBINO SANHUEZA,84, , ,BIDIRECCIONAL,ASFALTO,BUENO,SECO,DESPEJADO,0,0,0,0
-8170335.54894238,-4550934.93322206,3693,2024,1628473,-37.798041,-73.395373,1,2024/07/26 00:00:00+00,1899/12/30 00:00:00+00,REGION BIO BIO,CANETE,COLISION,COLISION,URBANA,TRAMO DE VIA RECTA,IMPRUDENCIA DEL CONDUCTOR,CONDUCCION NO ATENTO CONDICIONES TRANSITO MOMENTO,URIBE,MARINAN,MARINAN - URIBE,0, , ,UNIDIRECCIONAL,ASFALTO,BUENO,SECO,DESPEJADO,0,0,0,2
-8118695.88431676,-4376828.59888825,3694,2024,1613494,-36.551889,-72.931486,1,2024/05/26 00:00:00+00,1899/12/30 00:00:00+00,REGION BIO BIO,TOME,CHOQUE POSTERIOR/FRENTE,CHOQUE,URBANA,TRAMO DE VIA RECTA,IMPRUDENCIA DEL CONDUCTOR,CONDUCIR VEHICULO EN RETROCESO,LORETO,MONSERRAT,LORETO - MONSERRAT,0, , ,BIDIRECCIONAL,CONCRETO,BUENO,SECO,DESPEJADO,0,0,0,0
-8051239.83511974,-4497768.31493663,3695,2024,1623965,-37.419687,-72.325518,1,2024/07/10 00:00:00+00,1899/12/30 00:00:00+00,REGION BIO BIO,LOS ANGELES,CHOQUE POSTERIOR,CHOQUE,URBANA,OTROS NO CONSIDERADOS,IMPRUDENCIA DEL CONDUCTOR,CONDUCCION NO ATENTO CONDICIONES TRANSITO MOMENTO,SECTOR EL NATRE, ,- SECTOR EL NATRE,3, , ,BIDIRECCIONAL,TIERRA,REGULAR, ,DESPEJADO,0,0,0,0
-8168376.43722391,-4547576.4883283,3696,2024,1628481,-37.774198,-73.377774,1,2024/07/26 00:00:00+00,1899/12/30 00:00:00+00,REGION BIO BIO,CANETE,COLISION,COLISION,URBANA,TRAMO DE VIA RECTA,IMPRUDENCIA DEL CONDUCTOR,CONDUCCION NO ATENTO CONDICIONES TRANSITO MOMENTO,LA GRANJA,LAS MISIONES,LA GRANJA - LAS MISIONES,0, , ,BIDIRECCIONAL,CONCRETO,BUENO,SECO,DESPEJADO,0,0,0,0
-8090123.28797587,-4509558.4298979,3697,2024,1624048,-37.503756,-72.674814,1,2024/06/10 00:00:00+00,1899/12/30 00:00:00+00,REGION BIO BIO,NACIMIENTO,CHOQUE,CHOQUE,URBANA,TRAMO DE VIA RECTA,IMPRUDENCIA DEL CONDUCTOR,CONDUCCION NO ATENTO CONDICIONES TRANSITO MOMENTO,BAQUEDANO, ,- BAQUEDANO,667, , ,UNIDIRECCIONAL,ASFALTO,BUENO,SECO,DESPEJADO,0,0,0,0
-8129906.09099812,-4428166.08475395,3698,2024,1613520,-36.921468,-73.032189,1,2024/05/11 00:00:00+00,1899/12/30 00:00:00+00,REGION BIO BIO,CHIGUAYANTE,CHOQUE FRENTE/POSTERIOR,CHOQUE,URBANA,TRAMO DE VIA RECTA,IMPRUDENCIA DEL CONDUCTOR,CONDUCCION NO ATENTO CONDICIONES TRANSITO MOMENTO,EMILIO ROJAS,PASAJE DIEZ,EMILIO ROJAS - PASAJE DIEZ,0, , ,BIDIRECCIONAL,CONCRETO,BUENO,SECO,DESPEJADO,0,0,0,1
-8129876.92529153,-4413466.72107009,3699,2024,1628483,-36.815829,-73.031927,1,2024/07/31 00:00:00+00,1899/12/30 00:00:00+00,REGION BIO BIO,CONCEPCION,COLISION,COLISION,URBANA,CRUCE CON SEMAFORO FUNCIONANDO,DESOBEDIENCIA A SENALIZACION,SENALIZACION DESOBEDECER LUZ ROJA DE SEMAFORO,PADRE KORDA,JUAN BOSCO,JUAN BOSCO - PADRE KORDA,0, , ,BIDIRECCIONAL,CONCRETO,BUENO,MOJADO,LLUVIA,0,0,0,0
-8138892.69085087,-4410840.64951308,3700,2024,1624063,-36.796941,-73.112917,1,2024/07/12 00:00:00+00,1899/12/30 00:00:00+00,REGION BIO BIO,HUALPEN,COLISION,COLISION,URBANA,CRUCE CON SEMAFORO FUNCIONANDO,DESOBEDIENCIA A SENALIZACION,SENALIZACION DESOBEDECER LUZ ROJA DE SEMAFORO,CRISTOBAL COLON,LOS COPIHUES,CRISTOBAL COLON - LOS COPIHUES,0, , ,BIDIRECCIONAL CON BANDEJON,CONCRETO,BUENO,SECO,DESPEJADO,0,0,0,0
-8129837.74083077,-4426251.79957745,3701,2024,1613526,-36.907719,-73.031575,1,2024/05/15 00:00:00+00,1899/12/30 00:00:00+00,REGION BIO BIO,CHIGUAYANTE,COLISION PERPENDICULAR,COLISION,URBANA,CICLOVIA,IMPRUDENCIA DEL CONDUCTOR,CONDUCCION NO ATENTO CONDICIONES TRANSITO MOMENTO,8 ORIENTE,CALLE TRES,8 ORIENTE - CALLE TRES,0, , ,BIDIRECCIONAL,CONCRETO,BUENO,SECO,NUBLADO,0,0,0,1
-8137379.07973456,-4415662.42397542,3702,2024,1628499,-36.831618,-73.09932,1,2024/08/01 00:00:00+00,1899/12/30 00:00:00+00,REGION BIO BIO,SAN PEDRO DE LA PAZ,OTRO TIPO,OTRO TIPO,URBANA,TRAMO DE VIA RECTA,OTRAS CAUSAS,OTRAS CAUSAS,PEDRO AGUIRRE CERDA,PUENTE JUAN PABLO II,PEDRO AGUIRRE CERDA - PUENTE JUAN PABLO II,0, , ,UNIDIRECCIONAL,CONCRETO,BUENO,MOJADO,LLUVIA,0,0,0,0
-8090922.33928078,-4508902.16349508,3703,2024,1624065,-37.499079,-72.681992,1,2024/07/09 00:00:00+00,1899/12/30 00:00:00+00,REGION BIO BIO,NACIMIENTO,COLISION,COLISION,URBANA,CRUCE SIN SENALIZACION,IMPRUDENCIA DEL CONDUCTOR,NO RESPETAR DERECHO PREFERENTE DE PASO A VEHICULO,LOS OLMOS,CAUPOLICAN,CAUPOLICAN - LOS OLMOS,0, , ,UNIDIRECCIONAL,CONCRETO,BUENO,SECO,DESPEJADO,0,0,0,0
-8130659.94658977,-4420599.0908597,3704,2024,1613531,-36.867105,-73.038961,1,2024/05/15 00:00:00+00,1899/12/30 00:00:00+00,REGION BIO BIO,CHIGUAYANTE,COLISION LATERAL,COLISION,URBANA,CRUCE CON SEMAFORO FUNCIONANDO,IMPRUDENCIA DEL CONDUCTOR,CONDUCCION NO ATENTO CONDICIONES TRANSITO MOMENTO,COSTANERA,PASCUAL BINIMELIS,COSTANERA - PASCUAL BINIMELIS,0, , ,BIDIRECCIONAL CON BANDEJON,CONCRETO,BUENO,HUMEDO,DESPEJADO,0,0,0,0
-8131182.59159904,-4414007.2260744,3705,2024,1628504,-36.819716,-73.043656,1,2024/08/01 00:00:00+00,1899/12/30 00:00:00+00,REGION BIO BIO,CONCEPCION,COLISION POR ALCANCE,COLISION,URBANA,CRUCE CON SEMAFORO FUNCIONANDO,IMPRUDENCIA DEL CONDUCTOR,CONDUCCION NO ATENTO CONDICIONES TRANSITO MOMENTO,PAICAVI,LOS CARRERA,LOS CARRERA - PAICAVI,0, , ,BIDIRECCIONAL CON BANDEJON,CONCRETO,BUENO,MOJADO,LLUVIA,0,0,0,0
-8139085.16225046,-4407329.94400236,3706,2024,1624072,-36.771683,-73.114646,1,2024/07/12 00:00:00+00,1899/12/30 00:00:00+00,REGION BIO BIO,HUALPEN,COLISION,COLISION,URBANA,ROTONDA,IMPRUDENCIA DEL CONDUCTOR,CONDUCCION CAMBIAR SORPRESIVAMENTE PISTA CIRCULACION,COSTANERA,GRAN BRETANA,COSTANERA - GRAN BRETANA,0, , ,BIDIRECCIONAL CON BANDEJON,CONCRETO,BUENO,SECO,DESPEJADO,0,0,0,0
-8129740.33627632,-4426987.31542019,3707,2024,1613540,-36.913002,-73.0307,1,2024/05/15 00:00:00+00,1899/12/30 00:00:00+00,REGION BIO BIO,CHIGUAYANTE,CHOQUE POSTERIOR/FRENTE,CHOQUE,URBANA,CRUCE CON SEMAFORO FUNCIONANDO,IMPRUDENCIA DEL CONDUCTOR,CONDUCCION NO ATENTO CONDICIONES TRANSITO MOMENTO,LAS ARAUCARIAS,8 ORIENTE,8 ORIENTE - LAS ARAUCARIAS,0, , ,BIDIRECCIONAL,CONCRETO,BUENO,HUMEDO,NUBLADO,0,0,0,0
-8090248.6337225,-4508905.95195802,3708,2024,1624073,-37.499106,-72.67594,1,2024/07/10 00:00:00+00,1899/12/30 00:00:00+00,REGION BIO BIO,NACIMIENTO,IMPACTO CON ANIMAL,OTRO TIPO,URBANA,TRAMO DE VIA RECTA,DEFICIENCIAS VIALES,ANIMALES SUELTOS VIA PUBLICA,LA CRUZ, ,- LA CRUZ,311, , ,BIDIRECCIONAL,ASFALTO,BUENO,SECO,DESPEJADO,0,0,0,0
-8131478.03352761,-4413638.17234769,3709,2024,1628513,-36.817062,-73.04631,1,2024/08/01 00:00:00+00,1899/12/30 00:00:00+00,REGION BIO BIO,CONCEPCION,COLISION,COLISION,URBANA,CRUCE CON SEMAFORO FUNCIONANDO,IMPRUDENCIA DEL CONDUCTOR,CONDUCCION NO ATENTO CONDICIONES TRANSITO MOMENTO,PAICAVI,MANUEL BULNES,MANUEL BULNES - PAICAVI,0, , ,BIDIRECCIONAL,CONCRETO,BUENO,MOJADO,LLUVIA,0,0,0,0
-8176945.58898619,-4527285.74500334,3710,2024,1613743,-37.629982,-73.454752,1,2024/05/20 00:00:00+00,1899/12/30 00:00:00+00,REGION BIO BIO,LOS ALAMOS,CHOQUE FRONTAL,CHOQUE,URBANA,TRAMO DE VIA RECTA,IMPRUDENCIA DEL CONDUCTOR,CONDUCCION NO ATENTO CONDICIONES TRANSITO MOMENTO,MATADERO, ,- MATADERO,410, , ,UNIDIRECCIONAL,ASFALTO,BUENO,SECO,NUBLADO,0,0,0,1
-8137090.65093391,-4411148.57598962,3711,2024,1624081,-36.799156,-73.096729,1,2024/07/11 00:00:00+00,1899/12/30 00:00:00+00,REGION BIO BIO,HUALPEN,ATROPELLO,ATROPELLO,URBANA,CRUCE CON SEMAFORO FUNCIONANDO,IMPRUDENCIA DEL CONDUCTOR,NO RESPETAR DERECHO PREFERENTE DE PASO A VEHICULO,POSTDAM,PILPILCO,PILPILCO - POSTDAM,0, , ,BIDIRECCIONAL,CONCRETO,BUENO,SECO,DESPEJADO,0,0,0,0
-8132580.8757229,-4415992.6043173,3712,2024,1628522,-36.833992,-73.056217,1,2024/08/02 00:00:00+00,1899/12/30 00:00:00+00,REGION BIO BIO,CONCEPCION,CHOQUE LATERAL,CHOQUE,URBANA,CRUCE CON SEMAFORO FUNCIONANDO,IMPRUDENCIA DEL CONDUCTOR,CONDUCCION NO ATENTO CONDICIONES TRANSITO MOMENTO,ARTURO PRAT,CHACABUCO,ARTURO PRAT - CHACABUCO,0, , ,UNIDIRECCIONAL,CONCRETO,BUENO,MOJADO,LLUVIA,0,0,0,0
-8199012.34032665,-4524591.69405994,3713,2024,1613761,-37.610813,-73.652981,1,2024/05/23 00:00:00+00,1899/12/30 00:00:00+00,REGION BIO BIO,LEBU,CHOQUE FRENTE/POSTERIOR,CHOQUE,URBANA,CRUCE CON SEMAFORO FUNCIONANDO,IMPRUDENCIA DEL CONDUCTOR,CONDUCCION NO ATENTO CONDICIONES TRANSITO MOMENTO,LATORRE,FREIRE,FREIRE - LATORRE,0, , ,UNIDIRECCIONAL,ASFALTO,BUENO,SECO,DESPEJADO,0,0,0,0
-8089682.46279233,-4509373.34654303,3714,2024,1624088,-37.502437,-72.670854,1,2024/07/10 00:00:00+00,1899/12/30 00:00:00+00,REGION BIO BIO,NACIMIENTO,ATROPELLO,ATROPELLO,URBANA,CRUCE CON SENAL PARE,IMPRUDENCIA DEL CONDUCTOR,CONDUCCION NO ATENTO CONDICIONES TRANSITO MOMENTO,FREIRE,GENERAL PRIETO,FREIRE - GENERAL PRIETO,0, , ,UNIDIRECCIONAL,CONCRETO,BUENO,SECO,DESPEJADO,0,0,0,2
-8133135.24678705,-4415511.80172152,3715,2024,1628543,-36.830535,-73.061197,1,2024/08/02 00:00:00+00,1899/12/30 00:00:00+00,REGION BIO BIO,CONCEPCION,COLISION PERPENDICULAR,COLISION,URBANA,PASO PARA PEATONES,IMPRUDENCIA DEL CONDUCTOR,CONDUCCION NO ATENTO CONDICIONES TRANSITO MOMENTO,CENTRAL NORTE,PASCUAL BINIMELIS,CENTRAL NORTE - PASCUAL BINIMELIS,0, , ,UNIDIRECCIONAL,CONCRETO,BUENO,MOJADO,NUBLADO,0,0,0,0
-8199712.20596527,-4524607.99485138,3716,2024,1613885,-37.610929,-73.659268,1,2024/05/27 00:00:00+00,1899/12/30 00:00:00+00,REGION BIO BIO,LEBU,COLISION PERPENDICULAR,COLISION,URBANA,CRUCE SIN SENALIZACION,IMPRUDENCIA DEL CONDUCTOR,CONDUCCION NO ATENTO CONDICIONES TRANSITO MOMENTO,ELEUTERIO RAMIREZ,DOCTOR ORELLANA,DOCTOR ORELLANA - ELEUTERIO RAMIREZ,0, , ,BIDIRECCIONAL,ASFALTO,BUENO,SECO,DESPEJADO,0,0,0,0
-8090030.44752055,-4508864.27894109,3717,2024,1624112,-37.498809,-72.67398,1,2024/07/12 00:00:00+00,1899/12/30 00:00:00+00,REGION BIO BIO,NACIMIENTO,CHOQUE,CHOQUE,URBANA,VIA PRIVADA DE USO PUBLICO,IMPRUDENCIA DEL CONDUCTOR,CONDUCCION NO ATENTO CONDICIONES TRANSITO MOMENTO,VILLA ALEGRE, ,- VILLA ALEGRE,695, , ,BIDIRECCIONAL,CONCRETO,BUENO,SECO,DESPEJADO,0,0,0,0
-8125176.79375125,-4402982.153504,3718,2024,1628573,-36.740391,-72.989705,1,2024/07/12 00:00:00+00,1899/12/30 00:00:00+00,REGION BIO BIO,PENCO,COLISION FRONTAL,COLISION,URBANA,TRAMO DE VIA RECTA,IMPRUDENCIA DEL CONDUCTOR,CONDUCCION NO ATENTO CONDICIONES TRANSITO MOMENTO,CRUZ, ,- CRUZ,565, , ,UNIDIRECCIONAL,ASFALTO,BUENO,SECO,DESPEJADO,0,0,0,0
-8059742.751785,-4444053.53555284,3719,2024,1613950,-37.035481,-72.401901,1,2024/05/19 00:00:00+00,1899/12/30 00:00:00+00,REGION BIO BIO,CABRERO,CHOQUE FRENTE/POSTERIOR,CHOQUE,URBANA,TRAMO DE VIA RECTA,IMPRUDENCIA DEL CONDUCTOR,CONDUCCION NO ATENTO CONDICIONES TRANSITO MOMENTO,MEMBRILLAR, ,- MEMBRILLAR,148, , ,UNIDIRECCIONAL,ASFALTO,BUENO,SECO,NUBLADO,0,0,0,0
-8124477.3733906,-4400834.33914395,3720,2024,1628578,-36.724928,-72.983422,1,2024/07/18 00:00:00+00,1899/12/30 00:00:00+00,REGION BIO BIO,PENCO,COLISION LATERAL,COLISION,URBANA,TRAMO DE VIA RECTA,IMPRUDENCIA DEL CONDUCTOR,CONDUCCION NO ATENTO CONDICIONES TRANSITO MOMENTO,DOMINGO SANTA MARIA, ,- DOMINGO SANTA MARIA,207, , ,UNIDIRECCIONAL,ASFALTO,BUENO,SECO,DESPEJADO,0,1,0,0
-8077831.83508044,-4452717.48086997,3721,2024,1624125,-37.097584,-72.564398,1,2024/07/07 00:00:00+00,1899/12/30 00:00:00+00,REGION BIO BIO,YUMBEL,COLISION,COLISION,URBANA,CRUCE CON SENAL PARE,DESOBEDIENCIA A SENALIZACION,SENALIZACION DESOBEDECER SENAL PARE,QUINTANA,CASTELLON,CASTELLON - QUINTANA,0, , ,BIDIRECCIONAL,CONCRETO,BUENO,SECO,DESPEJADO,0,0,0,5
-8161189.76221779,-4473935.29062088,3722,2024,1613995,-37.249458,-73.313215,1,2024/04/17 00:00:00+00,1899/12/30 00:00:00+00,REGION BIO BIO,ARAUCO,COLISION,COLISION,URBANA,CRUCE CON SENAL PARE,DESOBEDIENCIA A SENALIZACION,SENALIZACION DESOBEDECER SENAL PARE,LOS DURAZNOS,O'HIGGINS,LOS DURAZNOS - O'HIGGINS,0, , ,BIDIRECCIONAL,CONCRETO,BUENO,SECO,DESPEJADO,0,0,0,0
-8059413.9140092,-4442697.0313793,3723,2024,1624126,-37.025753,-72.398947,1,2024/07/08 00:00:00+00,1899/12/30 00:00:00+00,REGION BIO BIO,CABRERO,CHOQUE FRONTAL,CHOQUE,URBANA,TRAMO DE VIA RECTA,IMPRUDENCIA DEL CONDUCTOR,CONDUCCION NO ATENTO CONDICIONES TRANSITO MOMENTO,GENERAL CRUZ, ,- GENERAL CRUZ,1202, , ,BIDIRECCIONAL,ASFALTO,BUENO,SECO,DESPEJADO,0,0,0,0
-8123518.13333843,-4399139.08938926,3724,2024,1628579,-36.712721,-72.974805,1,2024/07/18 00:00:00+00,1899/12/30 00:00:00+00,REGION BIO BIO,PENCO,ATROPELLO,ATROPELLO,URBANA,TRAMO DE VIA RECTA,IMPRUDENCIA DEL CONDUCTOR,CONDUCCION NO ATENTO CONDICIONES TRANSITO MOMENTO,CAMILO HENRIQUEZ, ,- CAMILO HENRIQUEZ,207, , ,UNIDIRECCIONAL,ASFALTO,BUENO,SECO,DESPEJADO,0,1,0,0
-8136038.12514846,-4403219.14380711,3725,2024,1613997,-36.742097,-73.087274,1,2024/05/11 00:00:00+00,1899/12/30 00:00:00+00,REGION BIO BIO,TALCAHUANO,COLISION LATERAL,COLISION,URBANA,CRUCE SIN SENALIZACION,IMPRUDENCIA DEL CONDUCTOR,NO RESPETAR DERECHO PREFERENTE DE PASO A VEHICULO,MANUEL GAETE,MANUEL BAYON,MANUEL BAYON - MANUEL GAETE,0, , ,BIDIRECCIONAL,CONCRETO,BUENO,SECO,DESPEJADO,0,0,0,0
-8055196.24114203,-4503783.79791263,3726,2024,1624156,-37.462592,-72.361059,1,2024/07/10 00:00:00+00,1899/12/30 00:00:00+00,REGION BIO BIO,LOS ANGELES,OTRO TIPO,OTRO TIPO,URBANA,CRUCE CON SEMAFORO FUNCIONANDO,IMPRUDENCIA DEL CONDUCTOR,CONDUCCION NO ATENTO CONDICIONES TRANSITO MOMENTO,OROMPELLO,DON VICTOR,DON VICTOR - OROMPELLO,0, , ,BIDIRECCIONAL CON BANDEJON,ASFALTO,REGULAR,SECO,DESPEJADO,0,0,0,1
-8125157.86943782,-4402488.32486673,3727,2024,1628581,-36.736836,-72.989535,1,2024/07/20 00:00:00+00,1899/12/30 00:00:00+00,REGION BIO BIO,PENCO,COLISION POR ALCANCE,COLISION,URBANA,TRAMO DE VIA RECTA,IMPRUDENCIA DEL CONDUCTOR,CONDUCCION NO ATENTO CONDICIONES TRANSITO MOMENTO,ALCAZAR, ,- ALCAZAR,402, , ,UNIDIRECCIONAL,ASFALTO,BUENO,SECO,DESPEJADO,0,0,0,0
-8133879.30626351,-4410087.62259247,3728,2024,1613998,-36.791524,-73.067881,1,2024/05/11 00:00:00+00,1899/12/30 00:00:00+00,REGION BIO BIO,TALCAHUANO,CHOQUE POSTERIOR/LADO,CHOQUE,URBANA,OTROS NO CONSIDERADOS,IMPRUDENCIA DEL CONDUCTOR,CONDUCCION NO ATENTO CONDICIONES TRANSITO MOMENTO,PRESIDENTE JORGE ALESSANDRI, ,- PRESIDENTE JORGE ALESSANDRI,3177, , ,BIDIRECCIONAL,CONCRETO,BUENO,SECO,DESPEJADO,0,0,0,0
-8054000.66981091,-4503607.23104869,3729,2024,1624158,-37.461333,-72.350319,1,2024/07/10 00:00:00+00,1899/12/30 00:00:00+00,REGION BIO BIO,LOS ANGELES,COLISION FRONTAL,COLISION,URBANA,TRAMO DE VIA RECTA,IMPRUDENCIA DEL CONDUCTOR,CONDUCCION NO ATENTO CONDICIONES TRANSITO MOMENTO,COLON,LINCOYAN,COLON - LINCOYAN,0, , ,UNIDIRECCIONAL,CONCRETO,BUENO,SECO,DESPEJADO,0,0,0,0
-8125955.25095037,-4402838.933899,3730,2024,1628597,-36.73936,-72.996698,1,2024/08/03 00:00:00+00,1899/12/30 00:00:00+00,REGION BIO BIO,PENCO,ATROPELLO,ATROPELLO,URBANA,TRAMO DE VIA RECTA,IMPRUDENCIA DEL CONDUCTOR,NO RESPETAR DERECHO PREFERENTE DE PASO A PEATON,LAS HERAS, ,- LAS HERAS,250, , ,UNIDIRECCIONAL,ASFALTO,BUENO,SECO,DESPEJADO,0,1,0,0
-8140219.84182011,-4400164.09515419,3731,2024,1614001,-36.720102,-73.124839,1,2024/05/13 00:00:00+00,1899/12/30 00:00:00+00,REGION BIO BIO,TALCAHUANO,COLISION LATERAL,COLISION,URBANA,TRAMO DE VIA RECTA,IMPRUDENCIA DEL CONDUCTOR,ADELANTAMIENTO SIN EL ESPACIO O TIEMPO SUFICIENTE,ALMIRANTE LATORRE, ,- ALMIRANTE LATORRE,937, , ,BIDIRECCIONAL,CONCRETO,BUENO,SECO,DESPEJADO,0,0,0,0
-8130836.0540242,-4414833.95842911,3732,2024,1628600,-36.825661,-73.040543,1,2024/08/02 00:00:00+00,1899/12/30 00:00:00+00,REGION BIO BIO,CONCEPCION,COLISION POR ALCANCE,COLISION,URBANA,TRAMO DE VIA RECTA,IMPRUDENCIA DEL CONDUCTOR,CONDUCCION NO ATENTO CONDICIONES TRANSITO MOMENTO,PAICAVI, ,- PAICAVI,250, , ,UNIDIRECCIONAL,ASFALTO,BUENO,SECO,DESPEJADO,0,0,0,0
-8054227.53893314,-4506760.35778091,3733,2024,1624182,-37.483813,-72.352357,1,2024/07/10 00:00:00+00,1899/12/30 00:00:00+00,REGION BIO BIO,LOS ANGELES,COLISION,COLISION,URBANA,TRAMO DE VIA RECTA,IMPRUDENCIA DEL CONDUCTOR,CONDUCIR VEHICULO EN RETROCESO,LAS QUINTAS,CHIPRODAL,CHIPRODAL - LAS QUINTAS,0, , ,BIDIRECCIONAL,CONCRETO,BUENO,SECO,DESPEJADO,0,0,0,0
-8125037.42174878,-4401215.58871686,3734,2024,1628604,-36.727673,-72.988453,1,2024/08/01 00:00:00+00,1899/12/30 00:00:00+00,REGION BIO BIO,PENCO,COLISION POR ALCANCE,COLISION,URBANA,TRAMO DE VIA RECTA,IMPRUDENCIA DEL CONDUCTOR,CONDUCCION NO ATENTO CONDICIONES TRANSITO MOMENTO,ARTURO PRAT, ,- ARTURO PRAT,250, , ,UNIDIRECCIONAL,ASFALTO,BUENO,SECO,DESPEJADO,0,0,0,0
-8138666.71228456,-4402433.87315111,3735,2024,1614002,-36.736444,-73.110887,1,2024/05/13 00:00:00+00,1899/12/30 00:00:00+00,REGION BIO BIO,TALCAHUANO,COLISION LATERAL,COLISION,URBANA,CRUCE CON SENAL PARE,DESOBEDIENCIA A SENALIZACION,SENALIZACION DESOBEDECER SENAL PARE,ALTO HORNO,GRAN BRETANA,ALTO HORNO - GRAN BRETANA,0, , ,BIDIRECCIONAL CON BANDEJON,CONCRETO,BUENO,SECO,DESPEJADO,0,0,0,1