X,Y,FID,Año,IdAccident,Latitud,longitud,ClaseAccid,Fecha,Hora,Región,Comuna,Tipo_Accid,Tipo__CONA,Zona,Ubicación,Causa__CON,Causa_Acci,Calle_Uno,Calle_Dos,Intersecci,Número,Ruta,Ubicaci_1,Calzada,Tipo_Calza,Estado_Cal,Condición,Estado_Atm,Fallecidos,Graves,Menos_Grav,Leves
-8143751.23002655,-4451812.29175271,4194,2024,1656794,-37.091098,-73.156562,1,2024/08/16 00:00:00+00,1899/12/30 00:00:00+00,REGION BIO BIO,LOTA,COLISION POR ALCANCE,COLISION,URBANA,TRAMO DE VIA RECTA,IMPRUDENCIA DEL CONDUCTOR,CONDUCCION NO ATENTO CONDICIONES TRANSITO MOMENTO,SERRANO,CAUPOLICAN,CAUPOLICAN - SERRANO,0, , ,BIDIRECCIONAL,CONCRETO,BUENO,SECO,DESPEJADO,0,0,0,0
-8132168.88228747,-4415599.56013467,4195,2024,1656856,-36.831166,-73.052516,1,2024/12/11 00:00:00+00,1899/12/30 00:00:00+00,REGION BIO BIO,CONCEPCION,COLISION POR ALCANCE,COLISION,URBANA,TRAMO DE VIA RECTA,IMPRUDENCIA DEL CONDUCTOR,CONDUCCION SIN MANTENER DISTANCIA RAZONABLE NI PRUDENTE,COCHRANE, ,- COCHRANE,343, , ,UNIDIRECCIONAL,CONCRETO,BUENO,SECO,DESPEJADO,0,0,0,0
-8132036.41209343,-4414815.74042192,4196,2024,1656865,-36.82553,-73.051326,1,2024/12/11 00:00:00+00,1899/12/30 00:00:00+00,REGION BIO BIO,CONCEPCION,CHOQUE POSTERIOR,CHOQUE,URBANA,TRAMO DE VIA RECTA,IMPRUDENCIA DEL CONDUCTOR,CONDUCCION NO ATENTO CONDICIONES TRANSITO MOMENTO,FREIRE, ,- FREIRE,647, , ,UNIDIRECCIONAL,CONCRETO,BUENO,SECO,DESPEJADO,0,1,0,0
-8132930.3076045,-4416531.42945857,4197,2024,1656876,-36.837866,-73.059356,1,2024/12/10 00:00:00+00,1899/12/30 00:00:00+00,REGION BIO BIO,CONCEPCION,VOLCADURA,VOLCADURA,URBANA,TRAMO DE VIA RECTA,DEFICIENCIAS VIALES,ANIMALES SUELTOS VIA PUBLICA,ANTONIO TAPIA, ,- ANTONIO TAPIA,300, , ,BIDIRECCIONAL,CONCRETO,BUENO,SECO,DESPEJADO,0,0,0,1
-8136392.56640715,-4412282.3504511,4198,2024,1656914,-36.807311,-73.090458,1,2024/10/26 00:00:00+00,1899/12/30 00:00:00+00,REGION METROPOLITANA,PEDRO AGUIRRE CERDA,CHOQUE FRONTAL,CHOQUE,URBANA,TRAMO DE VIA RECTA,IMPRUDENCIA DEL CONDUCTOR,CONDUCCION NO ATENTO CONDICIONES TRANSITO MOMENTO,MAIPU, ,- MAIPU,3301, , ,BIDIRECCIONAL,ASFALTO,BUENO,SECO,DESPEJADO,0,0,0,1
-8133009.67840143,-4415159.52364872,4199,2024,1656944,-36.828002,-73.060069,1,2024/12/11 00:00:00+00,1899/12/30 00:00:00+00,REGION BIO BIO,CONCEPCION,COLISION PERPENDICULAR,COLISION,URBANA,CRUCE CON SEMAFORO FUNCIONANDO,DESOBEDIENCIA A SENALIZACION,SENALIZACION DESOBEDECER LUZ ROJA DE SEMAFORO,MAIPU,ARTURO PRAT,ARTURO PRAT - MAIPU,0, , ,UNIDIRECCIONAL,CONCRETO,BUENO,SECO,DESPEJADO,0,0,0,2
-8131941.01128982,-4418593.79351236,4200,2024,1656946,-36.852692,-73.050469,1,2024/12/11 00:00:00+00,1899/12/30 00:00:00+00,REGION BIO BIO,CONCEPCION,CAIDA,CAIDA,URBANA,TRAMO DE VIA RECTA,IMPRUDENCIA DEL PASAJERO,PASAJERO SUBE O DESCIENDE DE VEHICULO MOVIMIENTO,PEDRO DE VALDIVIA,INGLESA,INGLESA - PEDRO DE VALDIVIA,0, , ,BIDIRECCIONAL CON BANDEJON,CONCRETO,BUENO,SECO,DESPEJADO,0,0,0,1
-8129110.37927793,-4413729.25261683,4201,2024,1656948,-36.817717,-73.025041,1,2024/12/11 00:00:00+00,1899/12/30 00:00:00+00,REGION BIO BIO,CONCEPCION,COLISION PERPENDICULAR,COLISION,URBANA,CRUCE CON SENAL PARE,DESOBEDIENCIA A SENALIZACION,SENALIZACION DESOBEDECER SENAL PARE,ANTONIO VARAS,GENERAL NOVOA,ANTONIO VARAS - GENERAL NOVOA,0, , ,UNIDIRECCIONAL,CONCRETO,BUENO,SECO,DESPEJADO,0,0,0,1
-8131316.62026596,-4413561.83238665,4202,2024,1656950,-36.816513,-73.04486,1,2024/12/04 00:00:00+00,1899/12/30 00:00:00+00,REGION BIO BIO,CONCEPCION,COLISION POR ALCANCE,COLISION,URBANA,TRAMO DE VIA RECTA,IMPRUDENCIA DEL CONDUCTOR,CONDUCCION NO ATENTO CONDICIONES TRANSITO MOMENTO,MANUEL BULNES,JANEQUEO,JANEQUEO - MANUEL BULNES,0, , ,UNIDIRECCIONAL,CONCRETO,BUENO,SECO,DESPEJADO,0,0,0,0
-8133102.29621777,-4413917.95116604,4203,2024,1656952,-36.819074,-73.060901,1,2024/12/12 00:00:00+00,1899/12/30 00:00:00+00,REGION BIO BIO,CONCEPCION,CHOQUE POSTERIOR,CHOQUE,URBANA,PASO PARA PEATONES,IMPRUDENCIA DEL CONDUCTOR,CONDUCCION NO ATENTO CONDICIONES TRANSITO MOMENTO,MANUEL RODRIGUEZ,ANGOL,ANGOL - MANUEL RODRIGUEZ,0, , ,BIDIRECCIONAL CON BANDEJON,CONCRETO,BUENO,SECO,DESPEJADO,0,0,0,0
-8129754.80781013,-4413299.02687174,4204,2024,1656954,-36.814623,-73.03083,1,2024/12/11 00:00:00+00,1899/12/30 00:00:00+00,REGION BIO BIO,CONCEPCION,COLISION POR ALCANCE,COLISION,URBANA,CRUCE SIN SENALIZACION,IMPRUDENCIA DEL CONDUCTOR,CONDUCCION NO ATENTO CONDICIONES TRANSITO MOMENTO,COLLAO,LOS CARRERA,COLLAO - LOS CARRERA,0, , ,UNIDIRECCIONAL,CONCRETO,BUENO,SECO,DESPEJADO,0,0,0,0
-8131917.85683573,-4417548.79015795,4205,2024,1656959,-36.84518,-73.050261,1,2024/12/12 00:00:00+00,1899/12/30 00:00:00+00,REGION BIO BIO,CONCEPCION,CHOQUE,CHOQUE,URBANA,TRAMO DE VIA RECTA,IMPRUDENCIA DEL CONDUCTOR,CONDUCCION NO ATENTO CONDICIONES TRANSITO MOMENTO,FRANCESA, ,- FRANCESA,302, , ,BIDIRECCIONAL,CONCRETO,BUENO,SECO,DESPEJADO,0,0,0,0
-8133353.32166951,-4416119.03244339,4206,2024,1656970,-36.834901,-73.063156,1,2024/12/12 00:00:00+00,1899/12/30 00:00:00+00,REGION BIO BIO,CONCEPCION,COLISION LATERAL,COLISION,URBANA,TRAMO DE VIA RECTA,IMPRUDENCIA DEL CONDUCTOR,CONDUCCION CAMBIAR SORPRESIVAMENTE PISTA CIRCULACION,COSTANERA,PUENTE CHACABUCO,COSTANERA - PUENTE CHACABUCO,0, , ,BIDIRECCIONAL CON BANDEJON,CONCRETO,BUENO,SECO,DESPEJADO,0,0,0,0
-8131526.23486712,-4414928.38661504,4207,2024,1656974,-36.82634,-73.046743,1,2024/12/12 00:00:00+00,1899/12/30 00:00:00+00,REGION BIO BIO,CONCEPCION,COLISION PERPENDICULAR,COLISION,URBANA,CRUCE CON SEMAFORO FUNCIONANDO,DESOBEDIENCIA A SENALIZACION,SENALIZACION DESOBEDECER LUZ ROJA DE SEMAFORO,CASTELLON,O'HIGGINS,CASTELLON - O'HIGGINS,0, , ,BIDIRECCIONAL CON BANDEJON,CONCRETO,BUENO,SECO,DESPEJADO,0,0,0,0
-8131246.26634778,-4414777.07941075,4208,2024,1656977,-36.825252,-73.044228,1,2024/12/12 00:00:00+00,1899/12/30 00:00:00+00,REGION BIO BIO,CONCEPCION,COLISION,COLISION,URBANA,TRAMO DE VIA RECTA,IMPRUDENCIA DEL CONDUCTOR,CONDUCIR VEHICULO EN RETROCESO,O'HIGGINS,OROMPELLO,O'HIGGINS - OROMPELLO,0, , ,UNIDIRECCIONAL,CONCRETO,BUENO,SECO,DESPEJADO,0,0,0,2
-8129754.80781013,-4413299.02687174,4209,2024,1656982,-36.814623,-73.03083,1,2024/12/13 00:00:00+00,1899/12/30 00:00:00+00,REGION BIO BIO,CONCEPCION,COLISION POR ALCANCE,COLISION,URBANA,CRUCE CON SEMAFORO FUNCIONANDO,IMPRUDENCIA DEL CONDUCTOR,CONDUCCION NO ATENTO CONDICIONES TRANSITO MOMENTO,LOS CARRERA,JUAN BOSCO,JUAN BOSCO - LOS CARRERA,0, , ,BIDIRECCIONAL CON BANDEJON,CONCRETO,BUENO,SECO,DESPEJADO,0,0,0,0
-8130614.41691803,-4414267.68503208,4210,2024,1656987,-36.821589,-73.038552,1,2024/12/13 00:00:00+00,1899/12/30 00:00:00+00,REGION BIO BIO,CONCEPCION,COLISION PERPENDICULAR,COLISION,URBANA,CRUCE CON SENAL PARE,DESOBEDIENCIA A SENALIZACION,SENALIZACION DESOBEDECER SENAL PARE,BARROS ARANA,GALVARINO,BARROS ARANA - GALVARINO,0, , ,UNIDIRECCIONAL,CONCRETO,BUENO,SECO,DESPEJADO,0,0,0,0
-8130468.25442662,-4414191.61867645,4211,2024,1656992,-36.821042,-73.037239,1,2024/12/13 00:00:00+00,1899/12/30 00:00:00+00,REGION BIO BIO,CONCEPCION,CHOQUE,CHOQUE,URBANA,TRAMO DE VIA RECTA,IMPRUDENCIA DEL CONDUCTOR,CONDUCCION NO ATENTO CONDICIONES TRANSITO MOMENTO,AINAVILLO,BARROS ARANA,AINAVILLO - BARROS ARANA,0, , ,UNIDIRECCIONAL,CONCRETO,BUENO,SECO,DESPEJADO,0,0,0,0
-8131594.36239549,-4415133.37793217,4212,2024,1656998,-36.827814,-73.047355,1,2024/12/13 00:00:00+00,1899/12/30 00:00:00+00,REGION BIO BIO,CONCEPCION,CHOQUE POSTERIOR,CHOQUE,URBANA,CRUCE CON SEMAFORO FUNCIONANDO,IMPRUDENCIA DEL CONDUCTOR,CONDUCCION NO ATENTO CONDICIONES TRANSITO MOMENTO,COLO COLO,SAN MARTIN,COLO COLO - SAN MARTIN,0, , ,UNIDIRECCIONAL,CONCRETO,BUENO,SECO,DESPEJADO,0,0,0,0
-8131399.33064762,-4415359.65176652,4213,2024,1657004,-36.829441,-73.045603,1,2024/12/13 00:00:00+00,1899/12/30 00:00:00+00,REGION BIO BIO,CONCEPCION,COLISION LATERAL,COLISION,URBANA,TRAMO DE VIA RECTA,IMPRUDENCIA DEL CONDUCTOR,CONDUCCION CAMBIAR SORPRESIVAMENTE PISTA CIRCULACION,CHACABUCO, ,- CHACABUCO,845, , ,BIDIRECCIONAL CON BANDEJON,CONCRETO,BUENO,SECO,DESPEJADO,0,0,0,0
-8131457.43942181,-4414351.12224488,4214,2024,1657059,-36.822189,-73.046125,1,2024/12/14 00:00:00+00,1899/12/30 00:00:00+00,REGION BIO BIO,CONCEPCION,CHOQUE POSTERIOR,CHOQUE,URBANA,CRUCE CON SENAL CEDA EL PASO,IMPRUDENCIA DEL CONDUCTOR,CONDUCCION NO ATENTO CONDICIONES TRANSITO MOMENTO,OROMPELLO,MAIPU,MAIPU - OROMPELLO,0, , ,UNIDIRECCIONAL,CONCRETO,BUENO,SECO,DESPEJADO,0,0,0,0
-8131943.01504065,-4415144.92097996,4215,2024,1657065,-36.827897,-73.050487,1,2024/12/14 00:00:00+00,1899/12/30 00:00:00+00,REGION BIO BIO,CONCEPCION,COLISION LATERAL,COLISION,URBANA,TRAMO DE VIA RECTA,IMPRUDENCIA DEL CONDUCTOR,CONDUCCION CAMBIAR SORPRESIVAMENTE PISTA CIRCULACION,CAUPOLICAN,O'HIGGINS,CAUPOLICAN - O'HIGGINS,0, , ,UNIDIRECCIONAL,CONCRETO,BUENO,SECO,DESPEJADO,0,0,0,0
-8132296.34310443,-4414790.01275497,4216,2024,1657078,-36.825345,-73.053661,1,2024/12/14 00:00:00+00,1899/12/30 00:00:00+00,REGION BIO BIO,CONCEPCION,COLISION,COLISION,URBANA,CRUCE CON SEMAFORO FUNCIONANDO,DESOBEDIENCIA A SENALIZACION,SENALIZACION DESOBEDECER LUZ ROJA DE SEMAFORO,RENGO,MAIPU,MAIPU - RENGO,0, , ,UNIDIRECCIONAL,CONCRETO,BUENO,SECO,DESPEJADO,0,0,0,0
-8133085.59829415,-4415011.13365242,4217,2024,1657094,-36.826935,-73.060751,1,2024/12/14 00:00:00+00,1899/12/30 00:00:00+00,REGION BIO BIO,CONCEPCION,CHOQUE FRENTE/POSTERIOR,CHOQUE,URBANA,CRUCE CON SEMAFORO FUNCIONANDO,IMPRUDENCIA DEL CONDUCTOR,CONDUCCION NO ATENTO CONDICIONES TRANSITO MOMENTO,LOS CARRERA,ARTURO PRAT,ARTURO PRAT - LOS CARRERA,0, , ,BIDIRECCIONAL CON BANDEJON,CONCRETO,BUENO,SECO,DESPEJADO,0,0,0,6
-8012583.80798331,-4504535.25710373,4218,2024,1657131,-37.46795,-71.978265,1,2024/12/11 00:00:00+00,1899/12/30 00:00:00+00,REGION BIO BIO,QUILLECO,COLISION,COLISION,URBANA,TRAMO DE VIA CURVA HORIZONTAL,IMPRUDENCIA DEL CONDUCTOR,CONDUCCION NO ATENTO CONDICIONES TRANSITO MOMENTO,O'HIGGINS,GALVARINO,GALVARINO - O'HIGGINS,0, , ,BIDIRECCIONAL,CONCRETO,BUENO,SECO,DESPEJADO,0,0,0,1
-8056303.75875593,-4504504.12054703,4219,2024,1657139,-37.467728,-72.371008,1,2024/12/12 00:00:00+00,1899/12/30 00:00:00+00,REGION BIO BIO,LOS ANGELES,COLISION FRONTAL,COLISION,URBANA,CRUCE CON SENAL PARE,IMPRUDENCIA DEL CONDUCTOR,CONDUCCION NO ATENTO CONDICIONES TRANSITO MOMENTO,COSTANERA QUILQUE,PADRE HURTADO,COSTANERA QUILQUE - PADRE HURTADO,0, , ,BIDIRECCIONAL,RIPIO,BUENO, ,LLUVIA,0,0,0,2
-8051377.31469087,-4507650.36196985,4220,2024,1657142,-37.490157,-72.326753,1,2024/12/11 00:00:00+00,1899/12/30 00:00:00+00,REGION BIO BIO,LOS ANGELES,ATROPELLO,ATROPELLO,URBANA,TRAMO DE VIA RECTA,IMPRUDENCIA DEL CONDUCTOR,CONDUCCION NO ATENTO CONDICIONES TRANSITO MOMENTO,ORIENTE,FRIAS VALENZUELA,FRIAS VALENZUELA - ORIENTE,0, , ,BIDIRECCIONAL,ASFALTO,BUENO,SECO,DESPEJADO,0,1,0,0
-8052468.91361759,-4498609.6161412,4221,2024,1657143,-37.425689,-72.336559,1,2024/12/13 00:00:00+00,1899/12/30 00:00:00+00,REGION BIO BIO,LOS ANGELES,COLISION FRONTAL,COLISION,URBANA,TRAMO DE VIA RECTA,ALCOHOL EN CONDUCTOR,CONDUCCION EN ESTADO DE EBRIEDAD,LAS INDUSTRIAS, ,- LAS INDUSTRIAS,4430, , ,BIDIRECCIONAL,ASFALTO,BUENO,SECO,DESPEJADO,0,1,0,1
-8052079.62935829,-4507665.65431643,4222,2024,1657147,-37.490266,-72.333062,1,2024/12/13 00:00:00+00,1899/12/30 00:00:00+00,REGION BIO BIO,LOS ANGELES,COLISION LATERAL,COLISION,RURAL,CRUCE SIN SENALIZACION,IMPRUDENCIA DEL CONDUCTOR,CONDUCCION NO ATENTO CONDICIONES TRANSITO MOMENTO,LOS APACHES,LOS ATAVALOS,LOS APACHES - LOS ATAVALOS,0, , ,UNIDIRECCIONAL,CONCRETO,BUENO,SECO,DESPEJADO,0,0,0,1
-8052318.96626349,-4502981.48743505,4223,2024,1657148,-37.456871,-72.335212,1,2024/12/13 00:00:00+00,1899/12/30 00:00:00+00,REGION BIO BIO,LOS ANGELES,CHOQUE FRENTE/POSTERIOR,CHOQUE,URBANA,CRUCE CON SEMAFORO FUNCIONANDO,IMPRUDENCIA DEL CONDUCTOR,CONDUCCION NO ATENTO CONDICIONES TRANSITO MOMENTO,ORIENTE,ALMIRANTE LATORRE,ALMIRANTE LATORRE - ORIENTE,0, , ,BIDIRECCIONAL CON BANDEJON,CONCRETO,BUENO,SECO,DESPEJADO,0,0,0,0
-8129706.38383163,-4411904.59758935,4224,2024,1657150,-36.804594,-73.030395,1,2024/12/07 00:00:00+00,1899/12/30 00:00:00+00,REGION BIO BIO,CONCEPCION,COLISION FRONTAL,COLISION,URBANA,TRAMO DE VIA RECTA,IMPRUDENCIA DEL CONDUCTOR,CONDUCCION NO ATENTO CONDICIONES TRANSITO MOMENTO,CAMILO HENRIQUEZ, ,- CAMILO HENRIQUEZ,950, , ,BIDIRECCIONAL,CONCRETO,BUENO,SECO,DESPEJADO,0,0,0,0
-8054083.82547053,-4507361.91601624,4225,2024,1657154,-37.488101,-72.351066,1,2024/12/13 00:00:00+00,1899/12/30 00:00:00+00,REGION BIO BIO,LOS ANGELES,COLISION POR ALCANCE,COLISION,URBANA,TRAMO DE VIA RECTA,IMPRUDENCIA DEL CONDUCTOR,CONDUCCION NO ATENTO CONDICIONES TRANSITO MOMENTO,SANTA BARBARA, ,- SANTA BARBARA,1, , ,BIDIRECCIONAL,ASFALTO,BUENO,SECO,DESPEJADO,0,0,0,3
-8055403.2953949,-4505614.0135602,4226,2024,1657159,-37.475641,-72.362919,1,2024/12/13 00:00:00+00,1899/12/30 00:00:00+00,REGION BIO BIO,LOS ANGELES,COLISION LATERAL,COLISION,URBANA,TRAMO DE VIA RECTA,IMPRUDENCIA DEL CONDUCTOR,CONDUCCION NO ATENTO CONDICIONES TRANSITO MOMENTO,ALCAZAR, ,- ALCAZAR,365, , ,UNIDIRECCIONAL,CONCRETO,BUENO,SECO,DESPEJADO,0,0,0,0
-8134241.09460859,-4411307.89494437,4227,2024,1657160,-36.800302,-73.071131,1,2024/12/08 00:00:00+00,1899/12/30 00:00:00+00,REGION BIO BIO,HUALPEN,COLISION FRONTAL,COLISION,URBANA,TRAMO DE VIA RECTA,IMPRUDENCIA DEL CONDUCTOR,CONDUCCION NO ATENTO CONDICIONES TRANSITO MOMENTO,PRESIDENTE JORGE ALESSANDRI RODRIGUEZ, ,- PRESIDENTE JORGE ALESSANDRI RODRIGUEZ,2047, , ,BIDIRECCIONAL,CONCRETO,BUENO,SECO,DESPEJADO,0,0,0,0
-8053666.26606056,-4503148.78815546,4228,2024,1657164,-37.458064,-72.347315,1,2024/12/14 00:00:00+00,1899/12/30 00:00:00+00,REGION BIO BIO,LOS ANGELES,COLISION LATERAL,COLISION,URBANA,TRAMO DE VIA RECTA,IMPRUDENCIA DEL CONDUCTOR,CONDUCCION CAMBIAR SORPRESIVAMENTE PISTA CIRCULACION,ALMAGRO, ,- ALMAGRO,1258, , ,BIDIRECCIONAL,ASFALTO,BUENO,SECO,DESPEJADO,0,1,0,0
-8054394.40684984,-4504840.87713361,4229,2024,1657172,-37.470129,-72.353856,1,2024/12/14 00:00:00+00,1899/12/30 00:00:00+00,REGION BIO BIO,LOS ANGELES,CHOQUE FRENTE/FRENTE,CHOQUE,URBANA,TRAMO DE VIA RECTA,ALCOHOL EN CONDUCTOR,CONDUCCION EN ESTADO DE EBRIEDAD,LAUTARO,MENDOZA,LAUTARO - MENDOZA,0, , ,UNIDIRECCIONAL,CONCRETO,REGULAR,SECO,DESPEJADO,0,0,0,0
-8130397.45523048,-4414566.25420971,4230,2024,1657176,-36.823736,-73.036603,1,2024/12/14 00:00:00+00,1899/12/30 00:00:00+00,REGION BIO BIO,CONCEPCION,CHOQUE POSTERIOR,CHOQUE,URBANA,CRUCE CON SEMAFORO FUNCIONANDO,IMPRUDENCIA DEL CONDUCTOR,CONDUCCION NO ATENTO CONDICIONES TRANSITO MOMENTO,SAN MARTIN,ROOSEVELT,ROOSEVELT - SAN MARTIN,0, , ,UNIDIRECCIONAL,CONCRETO,BUENO,SECO,DESPEJADO,0,0,0,0
-8052842.50182869,-4502336.99091121,4231,2024,1657178,-37.452275,-72.339915,1,2024/12/14 00:00:00+00,1899/12/30 00:00:00+00,REGION BIO BIO,LOS ANGELES,COLISION,COLISION,URBANA,TRAMO DE VIA RECTA,IMPRUDENCIA DEL CONDUCTOR,CONDUCCION NO ATENTO CONDICIONES TRANSITO MOMENTO,ORIENTE,SOR VICENTA,ORIENTE - SOR VICENTA,0, , ,UNIDIRECCIONAL,CONCRETO,BUENO,SECO,DESPEJADO,0,0,0,0
-8131607.05281744,-4414351.26130744,4232,2024,1657181,-36.82219,-73.047469,1,2024/12/14 00:00:00+00,1899/12/30 00:00:00+00,REGION BIO BIO,CONCEPCION,ATROPELLO,ATROPELLO,URBANA,TRAMO DE VIA RECTA,IMPRUDENCIA DEL PEATON,PEATON CRUZA CALZADA FUERA PASO PEATONES,TUCAPEL, ,- TUCAPEL,748, , ,UNIDIRECCIONAL,CONCRETO,BUENO,SECO,DESPEJADO,0,1,0,0
-8055352.5337071,-4504367.09274546,4233,2024,1657186,-37.466751,-72.362463,1,2024/12/14 00:00:00+00,1899/12/30 00:00:00+00,REGION BIO BIO,LOS ANGELES,COLISION POR ALCANCE,COLISION,URBANA,CRUCE CON SEMAFORO FUNCIONANDO,IMPRUDENCIA DEL CONDUCTOR,CONDUCCION NO ATENTO CONDICIONES TRANSITO MOMENTO,OROMPELLO,LAS AZALEAS,LAS AZALEAS - OROMPELLO,0, , ,BIDIRECCIONAL,CONCRETO,BUENO,SECO,DESPEJADO,0,1,0,0
-8126491.92221549,-4416637.83465566,4234,2024,1657201,-36.838631,-73.001519,1,2024/12/14 00:00:00+00,1899/12/30 00:00:00+00,REGION BIO BIO,CONCEPCION,CHOQUE,CHOQUE,URBANA,TRAMO DE VIA RECTA,ALCOHOL EN CONDUCTOR,CONDUCCION EN ESTADO DE EBRIEDAD,LOS BOLDOS, ,- LOS BOLDOS,307, , ,BIDIRECCIONAL,CONCRETO,BUENO,SECO,DESPEJADO,0,0,0,0
-8056473.18702091,-4503885.75646295,4235,2024,1657213,-37.463319,-72.37253,1,2024/12/14 00:00:00+00,1899/12/30 00:00:00+00,REGION BIO BIO,LOS ANGELES,CHOQUE FRENTE/POSTERIOR,CHOQUE,URBANA,TRAMO DE VIA RECTA,ALCOHOL EN CONDUCTOR,CONDUCCION EN ESTADO DE EBRIEDAD,PADRE HURTADO,BOMBERO FRANCISCO RIOSECO,BOMBERO FRANCISCO RIOSECO - PADRE HURTADO,0, , ,BIDIRECCIONAL,CONCRETO,BUENO,SECO,DESPEJADO,0,0,0,0
-8131667.9445789,-4415001.39867344,4236,2024,1657215,-36.826865,-73.048016,1,2024/12/16 00:00:00+00,1899/12/30 00:00:00+00,REGION BIO BIO,CONCEPCION,CHOQUE,CHOQUE,URBANA,CIRCUITO PRIVADO,IMPRUDENCIA DEL CONDUCTOR,CONDUCCION NO ATENTO CONDICIONES TRANSITO MOMENTO,O'HIGGINS, ,- O'HIGGINS,800, , ,UNIDIRECCIONAL,CONCRETO,BUENO,SECO,DESPEJADO,0,0,0,0
-8133085.59829415,-4415011.13365242,4237,2024,1657219,-36.826935,-73.060751,1,2024/12/14 00:00:00+00,1899/12/30 00:00:00+00,REGION BIO BIO,CONCEPCION,COLISION LATERAL,COLISION,URBANA,CRUCE CON SEMAFORO FUNCIONANDO,IMPRUDENCIA DEL CONDUCTOR,CONDUCCION NO ATENTO CONDICIONES TRANSITO MOMENTO,ARTURO PRAT,LOS CARRERA,ARTURO PRAT - LOS CARRERA,0, , ,UNIDIRECCIONAL,CONCRETO,BUENO,SECO,DESPEJADO,0,0,0,0
-8088080.01872236,-4510527.68021256,4238,2024,1657226,-37.510663,-72.656459,1,2024/12/09 00:00:00+00,1899/12/30 00:00:00+00,REGION BIO BIO,NACIMIENTO,COLISION,COLISION,URBANA,CRUCE SIN SENALIZACION,IMPRUDENCIA DEL CONDUCTOR,CONDUCCION NO ATENTO CONDICIONES TRANSITO MOMENTO,JULIO HEMMELMANN,LOS CARRERA,JULIO HEMMELMANN - LOS CARRERA,0, , ,BIDIRECCIONAL,ASFALTO,BUENO,SECO,DESPEJADO,0,0,0,1
-8055021.13558301,-4506342.03702935,4239,2024,1657230,-37.480831,-72.359486,1,2024/12/15 00:00:00+00,1899/12/30 00:00:00+00,REGION BIO BIO,LOS ANGELES,COLISION POR ALCANCE,COLISION,URBANA,TRAMO DE VIA RECTA,IMPRUDENCIA DEL CONDUCTOR,CONDUCCION NO ATENTO CONDICIONES TRANSITO MOMENTO,VICUNA MACKENNA, ,- VICUNA MACKENNA,818, , ,UNIDIRECCIONAL,ASFALTO,BUENO,SECO,DESPEJADO,0,0,0,1
-8055654.98876358,-4506235.56570066,4240,2024,1657237,-37.480072,-72.36518,1,2024/12/15 00:00:00+00,1899/12/30 00:00:00+00,REGION BIO BIO,LOS ANGELES,CHOQUE FRENTE/LADO,CHOQUE,URBANA,TRAMO DE VIA RECTA,DESOBEDIENCIA A SENALIZACION,SENALIZACION DESOBEDECER SENAL PARE,VICUNA MACKENNA,LOS CIRUELOS,LOS CIRUELOS - VICUNA MACKENNA,0, , ,BIDIRECCIONAL,ASFALTO,BUENO,SECO,DESPEJADO,0,0,0,0
-8042382.47719579,-4538809.88635957,4241,2024,1657243,-37.711924,-72.245951,1,2024/12/15 00:00:00+00,1899/12/30 00:00:00+00,REGION BIO BIO,MULCHEN,COLISION LATERAL,COLISION,URBANA,CRUCE CON SENAL PARE,IMPRUDENCIA DEL CONDUCTOR,CONDUCCION NO ATENTO CONDICIONES TRANSITO MOMENTO,LASTARRIA,LAS PENAS,LAS PENAS - LASTARRIA,0, , ,UNIDIRECCIONAL,ASFALTO,BUENO,SECO,DESPEJADO,0,0,0,1
-8053804.97014609,-4506378.36939033,4242,2024,1657253,-37.48109,-72.348561,1,2024/12/16 00:00:00+00,1899/12/30 00:00:00+00,REGION BIO BIO,LOS ANGELES,CHOQUE FRENTE/POSTERIOR,CHOQUE,RURAL,TRAMO DE VIA RECTA,IMPRUDENCIA DEL CONDUCTOR,CONDUCCION NO ATENTO CONDICIONES TRANSITO MOMENTO,LOS CARRERA,VICUNA MACKENNA,LOS CARRERA - VICUNA MACKENNA,0, , ,BIDIRECCIONAL,ASFALTO,BUENO,SECO,DESPEJADO,0,0,0,0
-8131182.59159904,-4414007.2260744,4243,2024,1657254,-36.819716,-73.043656,1,2024/12/15 00:00:00+00,1899/12/30 00:00:00+00,REGION BIO BIO,CONCEPCION,COLISION POR ALCANCE,COLISION,URBANA,CRUCE CON SEMAFORO FUNCIONANDO,IMPRUDENCIA DEL CONDUCTOR,CONDUCCION SIN MANTENER DISTANCIA RAZONABLE NI PRUDENTE,PAICAVI,LOS CARRERA,LOS CARRERA - PAICAVI,0, , ,BIDIRECCIONAL CON BANDEJON,CONCRETO,BUENO,SECO,NUBLADO,0,0,0,0
-8051264.77068568,-4508289.43272097,4244,2024,1657256,-37.494712,-72.325742,1,2024/12/16 00:00:00+00,1899/12/30 00:00:00+00,REGION BIO BIO,LOS ANGELES,COLISION LATERAL,COLISION,URBANA,TRAMO DE VIA RECTA,DESOBEDIENCIA A SENALIZACION,SENALIZACION DESOBEDECER OTRA,LAS INDUSTRIAS,LA FRONTERA,LA FRONTERA - LAS INDUSTRIAS,0, , ,BIDIRECCIONAL,ASFALTO,BUENO,HUMEDO,DESPEJADO,0,0,0,0