X,Y,FID,Año,IdAccident,Latitud,longitud,ClaseAccid,Fecha,Hora,Región,Comuna,Tipo_Accid,Tipo__CONA,Zona,Ubicación,Causa__CON,Causa_Acci,Calle_Uno,Calle_Dos,Intersecci,Número,Ruta,Ubicaci_1,Calzada,Tipo_Calza,Estado_Cal,Condición,Estado_Atm,Fallecidos,Graves,Menos_Grav,Leves
-8132217.86286342,-4415287.33262387,4245,2024,1657262,-36.828921,-73.052956,1,2024/12/15 00:00:00+00,1899/12/30 00:00:00+00,REGION BIO BIO,CONCEPCION,COLISION LATERAL,COLISION,URBANA,CRUCE CON SEMAFORO FUNCIONANDO,IMPRUDENCIA DEL CONDUCTOR,CONDUCCION CAMBIAR SORPRESIVAMENTE PISTA CIRCULACION,O'HIGGINS,LINCOYAN,LINCOYAN - O'HIGGINS,0, , ,UNIDIRECCIONAL,CONCRETO,BUENO,SECO,DESPEJADO,0,0,0,1
-8137076.40203909,-4409129.7692211,4246,2024,1657266,-36.784633,-73.096601,1,2024/12/16 00:00:00+00,1899/12/30 00:00:00+00,REGION BIO BIO,HUALPEN,ATROPELLO,ATROPELLO,URBANA,CRUCE CON SENAL CEDA EL PASO,IMPRUDENCIA DEL CONDUCTOR,NO RESPETAR DERECHO PREFERENTE DE PASO A PEATON,SUECIA,FINLANDIA,FINLANDIA - SUECIA,0, , ,BIDIRECCIONAL,CONCRETO,BUENO,SECO,DESPEJADO,0,0,1,0
-8138177.57444202,-4410366.05702341,4247,2024,1657270,-36.793527,-73.106493,1,2024/12/16 00:00:00+00,1899/12/30 00:00:00+00,REGION BIO BIO,HUALPEN,CHOQUE POSTERIOR/FRENTE,CHOQUE,URBANA,TRAMO DE VIA RECTA,IMPRUDENCIA DEL CONDUCTOR,CONDUCIR VEHICULO EN RETROCESO,POSTDAM,VALENCIA,POSTDAM - VALENCIA,0, , ,BIDIRECCIONAL,CONCRETO,BUENO,SECO,DESPEJADO,0,0,0,0
-8136392.56640715,-4412282.3504511,4248,2024,1657299,-36.807311,-73.090458,1,2024/11/06 00:00:00+00,1899/12/30 00:00:00+00,REGION METROPOLITANA,PEDRO AGUIRRE CERDA,COLISION LATERAL,COLISION,URBANA,TRAMO DE VIA RECTA,IMPRUDENCIA DEL CONDUCTOR,CONDUCCION NO ATENTO CONDICIONES TRANSITO MOMENTO,MAIPU, ,- MAIPU,3301, , ,UNIDIRECCIONAL,ASFALTO,BUENO,SECO,DESPEJADO,0,1,1,0
-8138612.72233153,-4409292.94987815,4249,2024,1657362,-36.785807,-73.110402,1,2024/12/16 00:00:00+00,1899/12/30 00:00:00+00,REGION BIO BIO,HUALPEN,CHOQUE FRONTAL,CHOQUE,URBANA,CRUCE SIN SENALIZACION,FALLAS MECANICAS,FALLAS MECANICAS NEUMATICOS,GRAN BRETANA,MARSELLA,GRAN BRETANA - MARSELLA,0, , ,BIDIRECCIONAL,CONCRETO,BUENO,SECO,DESPEJADO,0,0,0,0
-8133225.41557459,-4414733.82930931,4250,2024,1657398,-36.824941,-73.062007,1,2024/12/08 00:00:00+00,1899/12/30 00:00:00+00,REGION BIO BIO,CONCEPCION,COLISION LATERAL,COLISION,URBANA,TRAMO DE VIA RECTA,IMPRUDENCIA DEL CONDUCTOR,CONDUCCION CAMBIAR SORPRESIVAMENTE PISTA CIRCULACION,ARTURO PRAT, ,- ARTURO PRAT,1007, , ,BIDIRECCIONAL CON BANDEJON,CONCRETO,BUENO,SECO,DESPEJADO,0,0,1,0
-8133078.13988827,-4414301.33796253,4251,2024,1657406,-36.821831,-73.060684,1,2024/12/09 00:00:00+00,1899/12/30 00:00:00+00,REGION BIO BIO,CONCEPCION,COLISION LATERAL,COLISION,URBANA,TRAMO DE VIA RECTA,IMPRUDENCIA DEL CONDUCTOR,CONDUCCION NO ATENTO CONDICIONES TRANSITO MOMENTO,GENERAL CRUZ,OBISPO HIPOLITO SALAS,GENERAL CRUZ - OBISPO HIPOLITO SALAS,0, , ,UNIDIRECCIONAL,CONCRETO,BUENO,SECO,DESPEJADO,0,0,0,0
-8127890.6516173,-4433046.15646916,4252,2024,1657417,-36.956507,-73.014084,1,2024/12/08 00:00:00+00,1899/12/30 00:00:00+00,REGION BIO BIO,CHIGUAYANTE,ATROPELLO,ATROPELLO,URBANA,TRAMO DE VIA RECTA,IMPRUDENCIA DEL PEATON,IMPRUDENCIA DEL PEATON,21 DE MAYO, ,- 21 DE MAYO,3225, , ,BIDIRECCIONAL CON BANDEJON,CONCRETO,BUENO,SECO,DESPEJADO,0,1,0,0
-8132804.96185786,-4413804.48133527,4253,2024,1657429,-36.818258,-73.05823,1,2024/12/09 00:00:00+00,1899/12/30 00:00:00+00,REGION BIO BIO,CONCEPCION,COLISION LATERAL,COLISION,URBANA,TRAMO DE VIA RECTA,IMPRUDENCIA DEL CONDUCTOR,CONDUCCION NO ATENTO CONDICIONES TRANSITO MOMENTO,MANUEL RODRIGUEZ,RENGO,MANUEL RODRIGUEZ - RENGO,0, , ,BIDIRECCIONAL CON BANDEJON,CONCRETO,BUENO,SECO,DESPEJADO,0,0,0,0
-8130054.03460138,-4413426.67445423,4254,2024,1657438,-36.815541,-73.033518,1,2024/12/10 00:00:00+00,1899/12/30 00:00:00+00,REGION BIO BIO,CONCEPCION,COLISION POR ALCANCE,COLISION,URBANA,CRUCE CON SEMAFORO FUNCIONANDO,IMPRUDENCIA DEL CONDUCTOR,CONDUCCION SIN MANTENER DISTANCIA RAZONABLE NI PRUDENTE,LOS CARRERA,SARMIENTO,LOS CARRERA - SARMIENTO,0, , ,BIDIRECCIONAL CON BANDEJON,CONCRETO,BUENO,SECO,DESPEJADO,0,0,0,0
-8132223.20619898,-4409567.88853073,4255,2024,1657444,-36.787785,-73.053004,1,2024/12/10 00:00:00+00,1899/12/30 00:00:00+00,REGION BIO BIO,CONCEPCION,ATROPELLO,ATROPELLO,URBANA,TRAMO DE VIA RECTA,IMPRUDENCIA DEL CONDUCTOR,CONDUCCION NO ATENTO CONDICIONES TRANSITO MOMENTO,COSME CHURRUCA, ,- COSME CHURRUCA,75, , ,BIDIRECCIONAL,CONCRETO,BUENO,SECO,DESPEJADO,0,0,0,1
-8131602.7113573,-4413213.79028616,4256,2024,1657451,-36.81401,-73.04743,1,2024/12/10 00:00:00+00,1899/12/30 00:00:00+00,REGION BIO BIO,CONCEPCION,CHOQUE LADO/LADO,CHOQUE,URBANA,CRUCE CON SEMAFORO FUNCIONANDO,IMPRUDENCIA DEL CONDUCTOR,CONDUCCION NO ATENTO CONDICIONES TRANSITO MOMENTO,PAICAVI, ,- PAICAVI,1376, , ,BIDIRECCIONAL,CONCRETO,BUENO,SECO,DESPEJADO,0,0,0,0
-8131602.7113573,-4413213.79028616,4257,2024,1657459,-36.81401,-73.04743,1,2024/12/10 00:00:00+00,1899/12/30 00:00:00+00,REGION BIO BIO,CONCEPCION,COLISION LATERAL,COLISION,URBANA,TRAMO DE VIA RECTA,IMPRUDENCIA DEL CONDUCTOR,CONDUCCION NO ATENTO CONDICIONES TRANSITO MOMENTO,PAICAVI, ,- PAICAVI,1376, , ,BIDIRECCIONAL,CONCRETO,BUENO,SECO,DESPEJADO,0,0,1,0
-8162722.96556448,-4473117.49564373,4258,2024,1657461,-37.24361,-73.326988,1,2024/12/11 00:00:00+00,1899/12/30 00:00:00+00,REGION BIO BIO,ARAUCO,CHOQUE POSTERIOR,CHOQUE,URBANA,TRAMO DE VIA RECTA,IMPRUDENCIA DEL CONDUCTOR,CONDUCCION NO ATENTO CONDICIONES TRANSITO MOMENTO,FRESIA, ,- FRESIA,1058, , ,BIDIRECCIONAL,CONCRETO,REGULAR,SECO,DESPEJADO,0,0,0,0
-8143647.03498316,-4437037.23007515,4259,2024,1657463,-36.985151,-73.155626,1,2024/12/05 00:00:00+00,1899/12/30 00:00:00+00,REGION BIO BIO,CORONEL,ATROPELLO,ATROPELLO,URBANA,TRAMO DE VIA RECTA,IMPRUDENCIA DEL PEATON,PEATON CRUZA CALZADA FUERA PASO PEATONES,ESCUADRON, ,- ESCUADRON,3294, , ,BIDIRECCIONAL,CONCRETO,BUENO,HUMEDO,DESPEJADO,0,0,0,1
-8131038.09889999,-4411507.81163005,4260,2024,1657464,-36.80174,-73.042358,1,2024/12/11 00:00:00+00,1899/12/30 00:00:00+00,REGION BIO BIO,CONCEPCION,COLISION POR ALCANCE,COLISION,URBANA,TRAMO DE VIA RECTA,IMPRUDENCIA DEL CONDUCTOR,CONDUCCION SIN MANTENER DISTANCIA RAZONABLE NI PRUDENTE,ALONSO DE RIBERA, ,- ALONSO DE RIBERA,2556, , ,UNIDIRECCIONAL,CONCRETO,BUENO,SECO,DESPEJADO,0,0,0,4
-8133283.19039031,-4410617.94706411,4261,2024,1657469,-36.795339,-73.062526,1,2024/12/12 00:00:00+00,1899/12/30 00:00:00+00,REGION BIO BIO,CONCEPCION,COLISION POR ALCANCE,COLISION,URBANA,TRAMO DE VIA RECTA,IMPRUDENCIA DEL CONDUCTOR,CONDUCCION NO ATENTO CONDICIONES TRANSITO MOMENTO,PAICAVI, ,- PAICAVI,3280, , ,BIDIRECCIONAL,CONCRETO,BUENO,SECO,DESPEJADO,0,0,0,1
-8131316.84290494,-4414027.11139741,4262,2024,1657490,-36.819859,-73.044862,1,2024/12/12 00:00:00+00,1899/12/30 00:00:00+00,REGION BIO BIO,CONCEPCION,COLISION POR ALCANCE,COLISION,URBANA,TRAMO DE VIA RECTA,IMPRUDENCIA DEL CONDUCTOR,CONDUCCION SIN MANTENER DISTANCIA RAZONABLE NI PRUDENTE,PAICAVI, ,- PAICAVI,845, , ,UNIDIRECCIONAL,CONCRETO,BUENO,SECO,DESPEJADO,0,0,0,0
-8128153.25429608,-4408826.48779247,4263,2024,1657493,-36.782451,-73.016443,1,2024/12/12 00:00:00+00,1899/12/30 00:00:00+00,REGION BIO BIO,CONCEPCION,ATROPELLO,ATROPELLO,URBANA,CRUCE CON SEMAFORO FUNCIONANDO,IMPRUDENCIA DEL PEATON,PEATON CRUZA CALZADA FUERA PASO PEATONES,CALLE OCHO, ,- CALLE OCHO,2, , ,UNIDIRECCIONAL,ASFALTO,BUENO,SECO,DESPEJADO,0,1,0,0
-8120944.42671129,-4388347.3001569,4264,2024,1657606,-36.634967,-72.951685,1,2024/12/09 00:00:00+00,1899/12/30 00:00:00+00,REGION BIO BIO,TOME,COLISION PERPENDICULAR,COLISION,URBANA,CRUCE CON SENAL PARE,DESOBEDIENCIA A SENALIZACION,SENALIZACION DESOBEDECER SENAL PARE,CENTRAL,LOS CEREZOS,CENTRAL - LOS CEREZOS,0, , ,BIDIRECCIONAL,CONCRETO,BUENO,SECO,DESPEJADO,0,0,0,0
-8132237.00981584,-4413140.23430338,4265,2024,1657715,-36.813481,-73.053128,1,2024/12/13 00:00:00+00,1899/12/30 00:00:00+00,REGION BIO BIO,CONCEPCION,COLISION POR ALCANCE,COLISION,URBANA,TRAMO DE VIA RECTA,IMPRUDENCIA DEL CONDUCTOR,CONDUCCION NO ATENTO CONDICIONES TRANSITO MOMENTO,TUCAPEL, ,- TUCAPEL,1598, , ,UNIDIRECCIONAL,CONCRETO,BUENO,SECO,DESPEJADO,0,0,0,0
-8130260.64357629,-4413512.32989945,4266,2024,1657723,-36.816157,-73.035374,1,2024/12/13 00:00:00+00,1899/12/30 00:00:00+00,REGION BIO BIO,CONCEPCION,COLISION POR ALCANCE,COLISION,URBANA,TRAMO DE VIA RECTA,IMPRUDENCIA DEL CONDUCTOR,CONDUCCION SIN MANTENER DISTANCIA RAZONABLE NI PRUDENTE,LOS CARRERA, ,- LOS CARRERA,2011, , ,UNIDIRECCIONAL,ASFALTO,BUENO,SECO,DESPEJADO,0,0,0,0
-8131667.9445789,-4415001.39867344,4267,2024,1657726,-36.826865,-73.048016,1,2024/12/16 00:00:00+00,1899/12/30 00:00:00+00,REGION BIO BIO,CONCEPCION,CHOQUE,CHOQUE,URBANA,CIRCUITO PRIVADO,IMPRUDENCIA DEL CONDUCTOR,CONDUCCION NO ATENTO CONDICIONES TRANSITO MOMENTO,O'HIGGINS, ,- O'HIGGINS,800, , ,BIDIRECCIONAL,CONCRETO,BUENO,SECO,DESPEJADO,0,0,0,0
-8131160.21638139,-4414180.21572301,4268,2024,1657727,-36.82096,-73.043455,1,2024/12/14 00:00:00+00,1899/12/30 00:00:00+00,REGION BIO BIO,CONCEPCION,COLISION POR ALCANCE,COLISION,URBANA,CRUCE CON SEMAFORO FUNCIONANDO,IMPRUDENCIA DEL CONDUCTOR,CONDUCCION SIN MANTENER DISTANCIA RAZONABLE NI PRUDENTE,PAICAVI, ,- PAICAVI,710, , ,UNIDIRECCIONAL,CONCRETO,BUENO,SECO,DESPEJADO,0,0,0,0
-8131808.09581781,-4414710.74411812,4269,2024,1657733,-36.824775,-73.049275,1,2024/12/16 00:00:00+00,1899/12/30 00:00:00+00,REGION BIO BIO,CONCEPCION,OTRO TIPO,OTRO TIPO,URBANA,TRAMO DE VIA RECTA,IMPRUDENCIA DEL CONDUCTOR,CONDUCIR VEHICULO EN RETROCESO,FREIRE,COLO COLO,COLO COLO - FREIRE,0, , ,UNIDIRECCIONAL,CONCRETO,BUENO,SECO,DESPEJADO,0,0,0,1
-8124662.05242583,-4413510.10507398,4270,2024,1657736,-36.816141,-72.985081,1,2024/12/15 00:00:00+00,1899/12/30 00:00:00+00,REGION BIO BIO,CONCEPCION,COLISION LATERAL,COLISION,URBANA,TRAMO DE VIA RECTA,IMPRUDENCIA DEL CONDUCTOR,CONDUCCION NO ATENTO CONDICIONES TRANSITO MOMENTO,21 DE MAYO, ,- 21 DE MAYO,3225, , ,UNIDIRECCIONAL,CONCRETO,BUENO,SECO,DESPEJADO,0,0,0,0
-8133210.72140181,-4414686.54644135,4271,2024,1657742,-36.824601,-73.061875,1,2024/12/15 00:00:00+00,1899/12/30 00:00:00+00,REGION BIO BIO,CONCEPCION,COLISION POR ALCANCE,COLISION,URBANA,CRUCE CON SEMAFORO FUNCIONANDO,IMPRUDENCIA DEL CONDUCTOR,CONDUCCION NO ATENTO CONDICIONES TRANSITO MOMENTO,ARTURO PRAT, ,- ARTURO PRAT,1018, , ,UNIDIRECCIONAL,CONCRETO,BUENO,SECO,DESPEJADO,0,0,0,5
-8132231.55516079,-4414582.52487135,4272,2024,1657743,-36.823853,-73.053079,1,2024/12/17 00:00:00+00,1899/12/30 00:00:00+00,REGION BIO BIO,CONCEPCION,COLISION POR ALCANCE,COLISION,URBANA,CRUCE CON SEMAFORO FUNCIONANDO,IMPRUDENCIA DEL CONDUCTOR,CONDUCCION NO ATENTO CONDICIONES TRANSITO MOMENTO,LOS CARRERA,CAUPOLICAN,CAUPOLICAN - LOS CARRERA,0, , ,BIDIRECCIONAL CON BANDEJON,CONCRETO,BUENO,SECO,DESPEJADO,0,0,0,0
-8133475.21651193,-4414206.35909777,4273,2024,1657746,-36.821148,-73.064251,1,2024/12/15 00:00:00+00,1899/12/30 00:00:00+00,REGION BIO BIO,CONCEPCION,VOLCADURA,VOLCADURA,URBANA,TRAMO DE VIA RECTA,VELOCIDAD IMPRUDENTE,VELOCIDAD NO RAZONABLE NI PRUDENTE,ARTURO PRAT, ,- ARTURO PRAT,1354, , ,UNIDIRECCIONAL,CONCRETO,BUENO,SECO,DESPEJADO,0,0,0,1
-8132504.06527425,-4415435.03108838,4274,2024,1657758,-36.829983,-73.055527,1,2024/12/17 00:00:00+00,1899/12/30 00:00:00+00,REGION BIO BIO,CONCEPCION,COLISION LATERAL,COLISION,URBANA,TRAMO DE VIA RECTA,IMPRUDENCIA DEL CONDUCTOR,CONDUCCION CAMBIAR SORPRESIVAMENTE PISTA CIRCULACION,O'HIGGINS,OBISPO HIPOLITO SALAS,OBISPO HIPOLITO SALAS - O'HIGGINS,0, , ,UNIDIRECCIONAL,CONCRETO,BUENO,SECO,DESPEJADO,0,0,0,0
-8130473.93172065,-4413835.0735725,4275,2024,1657766,-36.818478,-73.03729,1,2024/12/17 00:00:00+00,1899/12/30 00:00:00+00,REGION BIO BIO,CONCEPCION,COLISION LATERAL,COLISION,URBANA,TRAMO DE VIA RECTA,IMPRUDENCIA DEL CONDUCTOR,ADELANTAMIENTO SOBREPASANDO LINEA CONTINUA,MAIPU,LIENTUR,LIENTUR - MAIPU,0, , ,UNIDIRECCIONAL,CONCRETO,BUENO,SECO,DESPEJADO,0,0,0,0
-8131398.21745271,-4410548.16236123,4276,2024,1657770,-36.794837,-73.045593,1,2024/12/16 00:00:00+00,1899/12/30 00:00:00+00,REGION BIO BIO,CONCEPCION,VOLCADURA,VOLCADURA,URBANA,TRAMO DE VIA RECTA,VELOCIDAD IMPRUDENTE,VELOCIDAD NO RAZONABLE NI PRUDENTE,ABDON CIFUENTES, ,- ABDON CIFUENTES,52, , ,BIDIRECCIONAL,ASFALTO,BUENO,SECO,DESPEJADO,0,0,0,1
-8143852.86472164,-4441199.75177507,4277,2024,1657772,-37.015014,-73.157475,1,2024/12/12 00:00:00+00,1899/12/30 00:00:00+00,REGION BIO BIO,CORONEL,COLISION,COLISION,URBANA,CRUCE SIN SENALIZACION,IMPRUDENCIA DEL CONDUCTOR,CONDUCCION NO ATENTO CONDICIONES TRANSITO MOMENTO,GENERAL CARLOS PRATS,NUEVA ROSA MEDEL,GENERAL CARLOS PRATS - NUEVA ROSA MEDEL,0, , ,UNIDIRECCIONAL,CONCRETO,BUENO,SECO,DESPEJADO,0,0,1,1
-8131329.86728536,-4414627.30408566,4278,2024,1657809,-36.824175,-73.044979,1,2024/12/16 00:00:00+00,1899/12/30 00:00:00+00,REGION BIO BIO,CONCEPCION,COLISION POR ALCANCE,COLISION,URBANA,TRAMO DE VIA RECTA,IMPRUDENCIA DEL CONDUCTOR,CONDUCCION NO ATENTO CONDICIONES TRANSITO MOMENTO,OROMPELLO, ,- OROMPELLO,501, , ,UNIDIRECCIONAL,CONCRETO,BUENO,SECO,DESPEJADO,0,0,0,0
-8137652.14644547,-4403897.08185098,4279,2024,1657845,-36.746977,-73.101773,1,2024/12/17 00:00:00+00,1899/12/30 00:00:00+00,REGION BIO BIO,TALCAHUANO,COLISION POR ALCANCE,COLISION,URBANA,TRAMO DE VIA RECTA,IMPRUDENCIA DEL CONDUCTOR,CONDUCCION SIN MANTENER DISTANCIA RAZONABLE NI PRUDENTE,DESIDERIO GARCIA, ,- DESIDERIO GARCIA,498, , ,BIDIRECCIONAL CON BANDEJON,CONCRETO,BUENO,SECO,DESPEJADO,0,0,0,0
-8138443.07142756,-4401178.92149897,4280,2024,1657848,-36.727409,-73.108878,1,2024/09/17 00:00:00+00,1899/12/30 00:00:00+00,REGION BIO BIO,TALCAHUANO,COLISION POR ALCANCE,COLISION,URBANA,TRAMO DE VIA RECTA,IMPRUDENCIA DEL CONDUCTOR,CONDUCCION SIN MANTENER DISTANCIA RAZONABLE NI PRUDENTE,PEREZ GACITUA, ,- PEREZ GACITUA,292, , ,BIDIRECCIONAL CON BANDEJON,CONCRETO,BUENO,SECO,DESPEJADO,0,0,0,0
-8139615.71094358,-4402166.06365779,4281,2024,1657850,-36.734516,-73.119412,1,2024/12/17 00:00:00+00,1899/12/30 00:00:00+00,REGION BIO BIO,TALCAHUANO,COLISION POR ALCANCE,COLISION,URBANA,TRAMO DE VIA RECTA,IMPRUDENCIA DEL CONDUCTOR,CONDUCCION SIN MANTENER DISTANCIA RAZONABLE NI PRUDENTE,JUAN ANTONIO RIOS, ,- JUAN ANTONIO RIOS,801, , ,BIDIRECCIONAL,CONCRETO,BUENO,SECO,DESPEJADO,0,0,0,0
-8133975.70894254,-4409740.11104924,4282,2024,1657853,-36.789024,-73.068747,1,2024/12/12 00:00:00+00,1899/12/30 00:00:00+00,REGION BIO BIO,TALCAHUANO,CHOQUE FRENTE/POSTERIOR,CHOQUE,URBANA,TRAMO DE VIA CURVA HORIZONTAL,IMPRUDENCIA DEL CONDUCTOR,CONDUCCION SIN MANTENER DISTANCIA RAZONABLE NI PRUDENTE,SANTA MARIA, ,- SANTA MARIA,3177, , ,BIDIRECCIONAL CON BANDEJON,CONCRETO,BUENO,SECO,DESPEJADO,0,0,0,0
-8133879.30626351,-4410087.62259247,4283,2024,1657854,-36.791524,-73.067881,1,2024/12/13 00:00:00+00,1899/12/30 00:00:00+00,REGION BIO BIO,TALCAHUANO,CHOQUE POSTERIOR/LADO,CHOQUE,URBANA,OTROS NO CONSIDERADOS,IMPRUDENCIA DEL CONDUCTOR,CONDUCCION NO ATENTO CONDICIONES TRANSITO MOMENTO,PRESIDENTE JORGE ALESSANDRI, ,- PRESIDENTE JORGE ALESSANDRI,3177, , ,BIDIRECCIONAL,CONCRETO,BUENO,SECO,DESPEJADO,0,0,0,0
-8140065.55300587,-4400898.64367205,4284,2024,1657855,-36.725391,-73.123453,1,2024/12/14 00:00:00+00,1899/12/30 00:00:00+00,REGION BIO BIO,TALCAHUANO,CHOQUE LADO/LADO,CHOQUE,URBANA,TRAMO DE VIA RECTA,IMPRUDENCIA DEL CONDUCTOR,CONDUCCION NO ATENTO CONDICIONES TRANSITO MOMENTO,LAUTARO, ,- LAUTARO,485, , ,BIDIRECCIONAL,CONCRETO,BUENO,SECO,DESPEJADO,0,0,0,0
-8139370.91938332,-4399805.51941235,4285,2024,1657856,-36.71752,-73.117213,1,2024/12/14 00:00:00+00,1899/12/30 00:00:00+00,REGION BIO BIO,TALCAHUANO,CHOQUE LADO/LADO,CHOQUE,URBANA,TRAMO DE VIA RECTA,IMPRUDENCIA DEL CONDUCTOR,CONDUCCION NO ATENTO CONDICIONES TRANSITO MOMENTO,PATRICIO GONZALEZ, ,- PATRICIO GONZALEZ,40, , ,BIDIRECCIONAL,CONCRETO,BUENO,SECO,DESPEJADO,0,0,0,0
-8136397.68710372,-4405262.39653172,4286,2024,1657857,-36.756804,-73.090504,1,2024/12/15 00:00:00+00,1899/12/30 00:00:00+00,REGION BIO BIO,TALCAHUANO,COLISION LATERAL,COLISION,URBANA,CRUCE CON SEMAFORO FUNCIONANDO,IMPRUDENCIA DEL CONDUCTOR,CONDUCCION NO ATENTO CONDICIONES TRANSITO MOMENTO,CRISTOBAL COLON, ,- CRISTOBAL COLON,4969, , ,BIDIRECCIONAL,CONCRETO,BUENO,SECO,DESPEJADO,0,0,0,0
-8127702.85563634,-4432184.29623829,4287,2024,1658015,-36.95032,-73.012397,1,2024/12/06 00:00:00+00,1899/12/30 00:00:00+00,REGION BIO BIO,CHIGUAYANTE,CHOQUE LADO/LADO,CHOQUE,URBANA,TRAMO DE VIA RECTA,IMPRUDENCIA DEL CONDUCTOR,CONDUCCION NO ATENTO CONDICIONES TRANSITO MOMENTO,CALLE UNO, ,- CALLE UNO,110, , ,BIDIRECCIONAL,CONCRETO,BUENO,SECO,DESPEJADO,0,0,0,0
-8128749.25884979,-4428672.66438917,4288,2024,1658022,-36.925106,-73.021797,1,2024/12/06 00:00:00+00,1899/12/30 00:00:00+00,REGION BIO BIO,CHIGUAYANTE,CHOQUE FRENTE/POSTERIOR,CHOQUE,URBANA,TRAMO DE VIA RECTA,IMPRUDENCIA DEL CONDUCTOR,CONDUCCION NO ATENTO CONDICIONES TRANSITO MOMENTO,O'HIGGINS,LUIS LEINENWEBER,LUIS LEINENWEBER - O'HIGGINS,0, , ,BIDIRECCIONAL,CONCRETO,BUENO,SECO,DESPEJADO,0,0,0,0
-8128654.97124109,-4430084.0575749,4289,2024,1658024,-36.935241,-73.02095,1,2024/12/12 00:00:00+00,1899/12/30 00:00:00+00,REGION BIO BIO,CHIGUAYANTE,COLISION LATERAL,COLISION,URBANA,TRAMO DE VIA RECTA,IMPRUDENCIA DEL CONDUCTOR,CONDUCCION NO ATENTO CONDICIONES TRANSITO MOMENTO,MANUEL RODRIGUEZ,PROGRESO,MANUEL RODRIGUEZ - PROGRESO,0, , ,BIDIRECCIONAL CON BANDEJON,CONCRETO,BUENO,SECO,DESPEJADO,0,0,0,0
-8130659.94658977,-4420599.0908597,4290,2024,1658027,-36.867105,-73.038961,1,2024/12/13 00:00:00+00,1899/12/30 00:00:00+00,REGION BIO BIO,CHIGUAYANTE,CHOQUE FRENTE/POSTERIOR,CHOQUE,URBANA,CRUCE CON SEMAFORO FUNCIONANDO,IMPRUDENCIA DEL CONDUCTOR,CONDUCCION NO ATENTO CONDICIONES TRANSITO MOMENTO,COSTANERA,PASCUAL BINIMELIS,COSTANERA - PASCUAL BINIMELIS,0, , ,BIDIRECCIONAL CON BANDEJON,CONCRETO,BUENO,SECO,DESPEJADO,0,0,0,0
-8129934.70010725,-4424727.32917978,4291,2024,1658029,-36.896768,-73.032446,1,2024/12/14 00:00:00+00,1899/12/30 00:00:00+00,REGION BIO BIO,CHIGUAYANTE,COLISION PERPENDICULAR,COLISION,URBANA,TRAMO DE VIA RECTA,IMPRUDENCIA DEL CONDUCTOR,CONDUCCION NO ATENTO CONDICIONES TRANSITO MOMENTO,O'HIGGINS,CAUPOLICAN,CAUPOLICAN - O'HIGGINS,0, , ,BIDIRECCIONAL,CONCRETO,BUENO,SECO,DESPEJADO,0,0,0,0
-8128707.40272125,-4429425.75542854,4292,2024,1658035,-36.930514,-73.021421,1,2024/12/15 00:00:00+00,1899/12/30 00:00:00+00,REGION BIO BIO,CHIGUAYANTE,COLISION LATERAL,COLISION,URBANA,CIRCUITO PRIVADO,IMPRUDENCIA DEL CONDUCTOR,CONDUCCION NO ATENTO CONDICIONES TRANSITO MOMENTO,MANUEL RODRIGUEZ, ,- MANUEL RODRIGUEZ,1045, , ,BIDIRECCIONAL,CONCRETO,BUENO,SECO,DESPEJADO,0,0,0,0
-8121403.28565234,-4387191.93105034,4293,2024,1658050,-36.626638,-72.955807,1,2024/12/18 00:00:00+00,1899/12/30 00:00:00+00,REGION BIO BIO,TOME,COLISION LATERAL,COLISION,URBANA,TRAMO DE VIA RECTA,IMPRUDENCIA DEL CONDUCTOR,CONDUCCION NO ATENTO CONDICIONES TRANSITO MOMENTO,LATORRE,LOS TEXTILES,LATORRE - LOS TEXTILES,0, , ,BIDIRECCIONAL CON BANDEJON,CONCRETO,BUENO,SECO,DESPEJADO,0,0,0,0
-8120813.40367063,-4383386.43525868,4294,2024,1658067,-36.599198,-72.950508,1,2024/12/19 00:00:00+00,1899/12/30 00:00:00+00,REGION BIO BIO,TOME,CHOQUE POSTERIOR/FRENTE,CHOQUE,URBANA,TRAMO DE VIA RECTA,IMPRUDENCIA DEL CONDUCTOR,CONDUCIR VEHICULO EN RETROCESO,LORD COCHRANE,NUEVO AMANECER,LORD COCHRANE - NUEVO AMANECER,0, , ,BIDIRECCIONAL,CONCRETO,BUENO,SECO,DESPEJADO,0,0,0,0
-8122186.97486753,-4385596.06521334,4295,2024,1658069,-36.615132,-72.962847,1,2024/12/19 00:00:00+00,1899/12/30 00:00:00+00,REGION BIO BIO,TOME,COLISION POR ALCANCE,COLISION,URBANA,TRAMO DE VIA RECTA,IMPRUDENCIA DEL CONDUCTOR,CONDUCCION SIN MANTENER DISTANCIA RAZONABLE NI PRUDENTE,CARLOS WERNER,CERAMICA,CARLOS WERNER - CERAMICA,0, , ,BIDIRECCIONAL,CONCRETO,BUENO,SECO,DESPEJADO,0,0,0,0
-8164409.90112796,-4506212.41990275,4296,2024,1658072,-37.479907,-73.342142,1,2024/12/12 00:00:00+00,1899/12/30 00:00:00+00,REGION BIO BIO,CURANILAHUE,CHOQUE POSTERIOR/LADO,CHOQUE,URBANA,PASO PARA PEATONES,IMPRUDENCIA DEL CONDUCTOR,CONDUCCION NO ATENTO CONDICIONES TRANSITO MOMENTO,SARGENTO ALDEA,IGNACIO SERRANO,IGNACIO SERRANO - SARGENTO ALDEA,0, , ,BIDIRECCIONAL,ASFALTO,BUENO,SECO,DESPEJADO,0,0,0,0