X,Y,FID,Año,IdAccident,Latitud,longitud,ClaseAccid,Fecha,Hora,Región,Comuna,Tipo_Accid,Tipo__CONA,Zona,Ubicación,Causa__CON,Causa_Acci,Calle_Uno,Calle_Dos,Intersecci,Número,Ruta,Ubicaci_1,Calzada,Tipo_Calza,Estado_Cal,Condición,Estado_Atm,Fallecidos,Graves,Menos_Grav,Leves
-8164529.01298311,-4505935.23540899,4297,2024,1658082,-37.477931,-73.343212,1,2024/12/12 00:00:00+00,1899/12/30 00:00:00+00,REGION BIO BIO,CURANILAHUE,CHOQUE FRENTE/POSTERIOR,CHOQUE,URBANA,CRUCE CON SENAL CEDA EL PASO,IMPRUDENCIA DEL CONDUCTOR,CONDUCCION NO ATENTO CONDICIONES TRANSITO MOMENTO,ARTURO PRAT,IGNACIO CARRERA PINTO,ARTURO PRAT - IGNACIO CARRERA PINTO,0, , ,UNIDIRECCIONAL,CONCRETO,BUENO,SECO,DESPEJADO,0,0,0,0
-8161279.37440787,-4473297.18694515,4298,2024,1658099,-37.244895,-73.31402,1,2024/12/17 00:00:00+00,1899/12/30 00:00:00+00,REGION BIO BIO,ARAUCO,COLISION FRONTAL,COLISION,URBANA,CRUCE CON SEMAFORO FUNCIONANDO,IMPRUDENCIA DEL CONDUCTOR,CONDUCCION NO ATENTO CONDICIONES TRANSITO MOMENTO,CARLOS CONDELL, ,- CARLOS CONDELL,198, , ,UNIDIRECCIONAL,CONCRETO,BUENO,SECO,DESPEJADO,0,0,0,0
-8055196.24114203,-4503783.79791263,4299,2024,1658154,-37.462592,-72.361059,1,2024/12/16 00:00:00+00,1899/12/30 00:00:00+00,REGION BIO BIO,LOS ANGELES,CHOQUE POSTERIOR/POSTERIOR,CHOQUE,URBANA,TRAMO DE VIA RECTA,IMPRUDENCIA DEL CONDUCTOR,CONDUCCION NO ATENTO CONDICIONES TRANSITO MOMENTO,OROMPELLO,SAN LUIS,OROMPELLO - SAN LUIS,0, , ,BIDIRECCIONAL,ASFALTO,BUENO,SECO,DESPEJADO,0,0,0,0
-8052842.50182869,-4502336.99091121,4300,2024,1658155,-37.452275,-72.339915,1,2024/12/16 00:00:00+00,1899/12/30 00:00:00+00,REGION BIO BIO,LOS ANGELES,COLISION LATERAL,COLISION,URBANA,CRUCE CON SEMAFORO FUNCIONANDO,IMPRUDENCIA DEL CONDUCTOR,CONDUCCION NO ATENTO CONDICIONES TRANSITO MOMENTO,ORIENTE,SOR VICENTA,ORIENTE - SOR VICENTA,0, , ,UNIDIRECCIONAL,CONCRETO,BUENO,SECO,DESPEJADO,0,0,0,0
-8055196.24114203,-4503783.79791263,4301,2024,1658156,-37.462592,-72.361059,1,2024/12/16 00:00:00+00,1899/12/30 00:00:00+00,REGION BIO BIO,LOS ANGELES,COLISION POR ALCANCE,COLISION,URBANA,TRAMO DE VIA RECTA,IMPRUDENCIA DEL CONDUCTOR,CONDUCCION SIN MANTENER DISTANCIA RAZONABLE NI PRUDENTE,OROMPELLO,SAN LUIS,OROMPELLO - SAN LUIS,0, , ,UNIDIRECCIONAL,ASFALTO,BUENO,SECO,DESPEJADO,0,0,0,0
-8055213.94094106,-4504169.75902717,4302,2024,1658158,-37.465344,-72.361218,1,2024/12/17 00:00:00+00,1899/12/30 00:00:00+00,REGION BIO BIO,LOS ANGELES,COLISION LATERAL,COLISION,URBANA,CRUCE CON SEMAFORO FUNCIONANDO,IMPRUDENCIA DEL CONDUCTOR,CONDUCCION NO ATENTO CONDICIONES TRANSITO MOMENTO,LOS ANGELES,GALVARINO,GALVARINO - LOS ANGELES,0, , ,BIDIRECCIONAL,ASFALTO,BUENO,SECO,DESPEJADO,0,0,0,0
-8052033.98836706,-4501431.03262522,4303,2024,1658165,-37.445814,-72.332652,1,2024/12/17 00:00:00+00,1899/12/30 00:00:00+00,REGION BIO BIO,LOS ANGELES,CHOQUE LADO/POSTERIOR,CHOQUE,URBANA,OTROS NO CONSIDERADOS,IMPRUDENCIA DEL CONDUCTOR,CONDUCCION NO ATENTO CONDICIONES TRANSITO MOMENTO,SOR VICENTA, ,- SOR VICENTA,2575, , ,BIDIRECCIONAL CON BANDEJON,CONCRETO,BUENO,SECO,DESPEJADO,0,0,0,0
-8054255.59144482,-4504897.54194559,4304,2024,1658167,-37.470533,-72.352609,1,2024/12/17 00:00:00+00,1899/12/30 00:00:00+00,REGION BIO BIO,LOS ANGELES,COLISION LATERAL,COLISION,URBANA,TRAMO DE VIA RECTA,IMPRUDENCIA DEL CONDUCTOR,CONDUCCION NO ATENTO CONDICIONES TRANSITO MOMENTO,VALDIVIA, ,- VALDIVIA,286, , ,UNIDIRECCIONAL,CONCRETO,BUENO,SECO,DESPEJADO,0,0,0,0
-8057000.84140727,-4504410.4309251,4305,2024,1658169,-37.46706,-72.37727,1,2024/12/18 00:00:00+00,1899/12/30 00:00:00+00,REGION BIO BIO,LOS ANGELES,COLISION LATERAL,COLISION,URBANA,TRAMO DE VIA RECTA,IMPRUDENCIA DEL CONDUCTOR,CONDUCCION NO ATENTO CONDICIONES TRANSITO MOMENTO,GALVARINO, ,- GALVARINO,2014, , ,BIDIRECCIONAL,ASFALTO,REGULAR,SECO,DESPEJADO,0,0,1,1
-8053681.5168308,-4506698.77296027,4306,2024,1658171,-37.483374,-72.347452,1,2024/12/18 00:00:00+00,1899/12/30 00:00:00+00,REGION BIO BIO,LOS ANGELES,CHOQUE FRENTE/FRENTE,CHOQUE,URBANA,CRUCE CON SENAL PARE,IMPRUDENCIA DEL CONDUCTOR,CONDUCCION NO ATENTO CONDICIONES TRANSITO MOMENTO,LOS CARRERA,MARIA AUXILIADORA,LOS CARRERA - MARIA AUXILIADORA,0, , ,BIDIRECCIONAL,CONCRETO,BUENO,SECO,DESPEJADO,0,0,0,0
-8053595.91214238,-4503089.18784425,4307,2024,1658174,-37.457639,-72.346683,1,2024/12/18 00:00:00+00,1899/12/30 00:00:00+00,REGION BIO BIO,LOS ANGELES,CHOQUE POSTERIOR/POSTERIOR,CHOQUE,URBANA,TRAMO DE VIA RECTA,IMPRUDENCIA DEL CONDUCTOR,CONDUCCION NO ATENTO CONDICIONES TRANSITO MOMENTO,CHORRILLOS,ALMAGRO,ALMAGRO - CHORRILLOS,0, , ,UNIDIRECCIONAL,CONCRETO,REGULAR,SECO,DESPEJADO,0,0,0,0
-8055654.98876358,-4506235.56570066,4308,2024,1658180,-37.480072,-72.36518,1,2024/12/18 00:00:00+00,1899/12/30 00:00:00+00,REGION BIO BIO,LOS ANGELES,COLISION POR ALCANCE,COLISION,URBANA,TRAMO DE VIA RECTA,IMPRUDENCIA DEL CONDUCTOR,CONDUCCION NO ATENTO CONDICIONES TRANSITO MOMENTO,VICUNA MACKENNA,LOS CIRUELOS,LOS CIRUELOS - VICUNA MACKENNA,0, , ,BIDIRECCIONAL,CONCRETO,BUENO,SECO,DESPEJADO,0,0,0,0
-8054922.95179213,-4504267.9345422,4309,2024,1658181,-37.466044,-72.358604,1,2024/12/19 00:00:00+00,1899/12/30 00:00:00+00,REGION BIO BIO,LOS ANGELES,COLISION POR ALCANCE,COLISION,URBANA,CRUCE CON SENAL PARE,IMPRUDENCIA DEL CONDUCTOR,CONDUCCION SIN MANTENER DISTANCIA RAZONABLE NI PRUDENTE,LIENTUR,SARQUIS CHEUL,LIENTUR - SARQUIS CHEUL,0, , ,BIDIRECCIONAL,RIPIO,MALO, ,DESPEJADO,0,0,0,0
-8052243.38032924,-4498862.91680011,4310,2024,1658210,-37.427496,-72.334533,1,2024/12/19 00:00:00+00,1899/12/30 00:00:00+00,REGION BIO BIO,LOS ANGELES,COLISION FRONTAL,COLISION,URBANA,TRAMO DE VIA RECTA,IMPRUDENCIA DEL CONDUCTOR,CONDUCCION NO ATENTO CONDICIONES TRANSITO MOMENTO,LAS INDUSTRIAS, ,- LAS INDUSTRIAS,4670, , ,BIDIRECCIONAL,CONCRETO,BUENO,SECO,DESPEJADO,0,0,0,1
-8051337.23967418,-4503104.47353883,4311,2024,1658212,-37.457748,-72.326393,1,2024/12/19 00:00:00+00,1899/12/30 00:00:00+00,REGION BIO BIO,LOS ANGELES,CHOQUE LADO/LADO,CHOQUE,URBANA,OTROS NO CONSIDERADOS,IMPRUDENCIA DEL CONDUCTOR,CONDUCCION NO ATENTO CONDICIONES TRANSITO MOMENTO,LAS INDUSTRIAS, ,- LAS INDUSTRIAS,506, , ,UNIDIRECCIONAL,CONCRETO,BUENO,SECO,DESPEJADO,0,0,0,0
-8051873.9109393,-4508385.82284469,4312,2024,1658213,-37.495399,-72.331214,1,2024/12/19 00:00:00+00,1899/12/30 00:00:00+00,REGION BIO BIO,LOS ANGELES,COLISION LATERAL,COLISION,URBANA,CRUCE CON SENAL PARE,IMPRUDENCIA DEL CONDUCTOR,CONDUCCION NO ATENTO CONDICIONES TRANSITO MOMENTO,LA FRONTERA,ORIENTE,LA FRONTERA - ORIENTE,0, , ,UNIDIRECCIONAL,CONCRETO,BUENO,SECO,DESPEJADO,0,0,0,0
-8198458.08058199,-4522762.23229141,4313,2024,1658280,-37.597793,-73.648002,1,2024/12/17 00:00:00+00,1899/12/30 00:00:00+00,REGION BIO BIO,LEBU,CHOQUE FRONTAL,CHOQUE,URBANA,TRAMO DE VIA CURVA HORIZONTAL,IMPRUDENCIA DEL CONDUCTOR,CONDUCCION NO ATENTO CONDICIONES TRANSITO MOMENTO,CHACABUCO, ,- CHACABUCO,800, , ,BIDIRECCIONAL,ASFALTO,BUENO,MOJADO,LLOVIZNA,0,0,0,0
-8138871.65057656,-4402133.67847278,4314,2024,1658506,-36.734283,-73.112728,1,2024/12/15 00:00:00+00,1899/12/30 00:00:00+00,REGION BIO BIO,TALCAHUANO,COLISION LATERAL,COLISION,URBANA,CRUCE CON SENAL PARE,DESOBEDIENCIA A SENALIZACION,SENALIZACION DESOBEDECER SENAL PARE,ALTO HORNO,HUALPEN,ALTO HORNO - HUALPEN,0, , ,BIDIRECCIONAL,CONCRETO,BUENO,SECO,DESPEJADO,0,0,0,0
-8141493.2254753,-4399108.95590433,4315,2024,1658517,-36.712504,-73.136278,1,2024/12/20 00:00:00+00,1899/12/30 00:00:00+00,REGION BIO BIO,TALCAHUANO,COLISION FRONTAL,COLISION,URBANA,TRAMO DE VIA RECTA,IMPRUDENCIA DEL CONDUCTOR,ADELANTAMIENTO SIN EL ESPACIO O TIEMPO SUFICIENTE,SAN VICENTE, ,- SAN VICENTE,1179, , ,BIDIRECCIONAL,CONCRETO,BUENO,SECO,DESPEJADO,0,0,1,1
-8137518.11777856,-4404146.17934345,4316,2024,1658521,-36.74877,-73.100569,1,2024/12/19 00:00:00+00,1899/12/30 00:00:00+00,REGION BIO BIO,TALCAHUANO,CHOQUE FRONTAL,CHOQUE,URBANA,TRAMO DE VIA RECTA,ALCOHOL EN CONDUCTOR,CONDUCCION EN ESTADO DE EBRIEDAD,CARLOS DITTBORN, ,- CARLOS DITTBORN,3869, , ,BIDIRECCIONAL,CONCRETO,BUENO,SECO,DESPEJADO,0,0,0,0
-8135948.1789999,-4402978.26390639,4317,2024,1658525,-36.740363,-73.086466,1,2024/12/17 00:00:00+00,1899/12/30 00:00:00+00,REGION BIO BIO,TALCAHUANO,CHOQUE POSTERIOR/LADO,CHOQUE,URBANA,TRAMO DE VIA RECTA,IMPRUDENCIA DEL CONDUCTOR,CONDUCCION NO ATENTO CONDICIONES TRANSITO MOMENTO,VASCO NUNEZ DE BALBOA, ,- VASCO NUNEZ DE BALBOA,820, , ,BIDIRECCIONAL,CONCRETO,BUENO,SECO,DESPEJADO,0,0,0,0
-8139140.2653984,-4399036.1915266,4318,2024,1658531,-36.71198,-73.115141,1,2024/12/20 00:00:00+00,1899/12/30 00:00:00+00,REGION BIO BIO,TALCAHUANO,COLISION LATERAL,COLISION,URBANA,TRAMO DE VIA RECTA,IMPRUDENCIA DEL CONDUCTOR,VIRAJES INDEBIDOS,VALDIVIA, ,- VALDIVIA,96, , ,BIDIRECCIONAL,CONCRETO,BUENO,SECO,DESPEJADO,0,0,0,1
-8138485.37283406,-4400057.15999627,4319,2024,1658534,-36.719332,-73.109258,1,2024/12/20 00:00:00+00,1899/12/30 00:00:00+00,REGION BIO BIO,TALCAHUANO,ATROPELLO,ATROPELLO,URBANA,CRUCE CON SEMAFORO FUNCIONANDO,DESOBEDIENCIA A SENALIZACION,SENALIZACION DESOBEDECER LUZ ROJA DE SEMAFORO,ARTURO PRAT, ,- ARTURO PRAT,69, , ,BIDIRECCIONAL,CONCRETO,BUENO,SECO,DESPEJADO,0,0,0,1
-8141576.15849594,-4400752.81322613,4320,2024,1658537,-36.724341,-73.137023,1,2024/12/22 00:00:00+00,1899/12/30 00:00:00+00,REGION BIO BIO,TALCAHUANO,CHOQUE POSTERIOR/LADO,CHOQUE,URBANA,TRAMO DE VIA RECTA,IMPRUDENCIA DEL CONDUCTOR,NO RESPETAR DERECHO PREFERENTE DE PASO A VEHICULO,LOS ARAUCANOS, ,- LOS ARAUCANOS,537, , ,BIDIRECCIONAL,CONCRETO,BUENO,SECO,DESPEJADO,0,0,0,0
-8177782.266279,-4526965.69434991,4321,2024,1658581,-37.627705,-73.462268,1,2024/12/22 00:00:00+00,1899/12/30 00:00:00+00,REGION BIO BIO,LOS ALAMOS,CHOQUE FRONTAL,CHOQUE,URBANA,TRAMO DE VIA RECTA,ALCOHOL EN CONDUCTOR,CONDUCCION EN ESTADO DE EBRIEDAD,IGNACIO CARRERA PINTO,18 DE SEPTIEMBRE,18 DE SEPTIEMBRE - IGNACIO CARRERA PINTO,0, , ,BIDIRECCIONAL CON BANDEJON,ASFALTO,BUENO,SECO,DESPEJADO,0,0,0,0
-8135980.01637427,-4410133.91198585,4322,2024,1658624,-36.791857,-73.086752,1,2024/12/18 00:00:00+00,1899/12/30 00:00:00+00,REGION BIO BIO,HUALPEN,VOLCADURA,VOLCADURA,URBANA,TRAMO DE VIA RECTA,VELOCIDAD IMPRUDENTE,VELOCIDAD MAYOR QUE MAXIMA PERMITIDA,CRISTOBAL COLON, ,- CRISTOBAL COLON,8481, , ,BIDIRECCIONAL,CONCRETO,BUENO,SECO,DESPEJADO,0,0,0,1
-8120342.29958559,-4386646.40274891,4323,2024,1658732,-36.622705,-72.946276,1,2024/12/20 00:00:00+00,1899/12/30 00:00:00+00,REGION BIO BIO,TOME,COLISION POR ALCANCE,COLISION,URBANA,TRAMO DE VIA RECTA,IMPRUDENCIA DEL CONDUCTOR,CONDUCCION SIN MANTENER DISTANCIA RAZONABLE NI PRUDENTE,MANUEL MONTT, ,- MANUEL MONTT,1652, , ,BIDIRECCIONAL,CONCRETO,REGULAR,SECO,DESPEJADO,0,0,0,1
-8132981.84852873,-4411058.07387546,4324,2024,1658736,-36.798505,-73.059819,1,2024/12/18 00:00:00+00,1899/12/30 00:00:00+00,REGION BIO BIO,CONCEPCION,COLISION POR ALCANCE,COLISION,URBANA,TRAMO DE VIA RECTA,IMPRUDENCIA DEL CONDUCTOR,CONDUCCION NO ATENTO CONDICIONES TRANSITO MOMENTO,PAICAVI, ,- PAICAVI,3380, , ,BIDIRECCIONAL CON BANDEJON,CONCRETO,BUENO,SECO,DESPEJADO,0,0,0,0
-8130820.91457346,-4414555.40711577,4325,2024,1658742,-36.823658,-73.040407,1,2024/12/19 00:00:00+00,1899/12/30 00:00:00+00,REGION BIO BIO,CONCEPCION,CHOQUE POSTERIOR,CHOQUE,URBANA,CRUCE CON SEMAFORO FUNCIONANDO,IMPRUDENCIA DEL CONDUCTOR,CONDUCCION SIN MANTENER DISTANCIA RAZONABLE NI PRUDENTE,JANEQUEO,O'HIGGINS,JANEQUEO - O'HIGGINS,0, , ,UNIDIRECCIONAL,CONCRETO,BUENO,SECO,DESPEJADO,0,0,0,0
-8132750.97190483,-4415531.41170033,4326,2024,1658745,-36.830676,-73.057745,1,2024/12/19 00:00:00+00,1899/12/30 00:00:00+00,REGION BIO BIO,CONCEPCION,ATROPELLO,ATROPELLO,URBANA,CIRCUITO PRIVADO,IMPRUDENCIA DEL CONDUCTOR,NO RESPETAR DERECHO PREFERENTE DE PASO A PEATON,O'HIGGINS, ,- O'HIGGINS,39, , ,UNIDIRECCIONAL,CONCRETO,BUENO,SECO,DESPEJADO,0,0,0,1
-8120231.87065073,-4384562.33312296,4327,2024,1658749,-36.607678,-72.945284,1,2024/12/21 00:00:00+00,1899/12/30 00:00:00+00,REGION BIO BIO,TOME,CHOQUE,CHOQUE,URBANA,TRAMO DE VIA CURVA VERTICAL,IMPRUDENCIA DEL CONDUCTOR,CONDUCCION NO ATENTO CONDICIONES TRANSITO MOMENTO,VARIANTE HINRICHSEN, ,- VARIANTE HINRICHSEN,2355, , ,BIDIRECCIONAL,CONCRETO,BUENO,SECO,DESPEJADO,0,0,1,1
-8135335.47652258,-4413135.92385512,4328,2024,1658751,-36.81345,-73.080962,1,2024/12/17 00:00:00+00,1899/12/30 00:00:00+00,REGION BIO BIO,CONCEPCION,CHOQUE,CHOQUE,URBANA,TRAMO DE VIA RECTA,IMPRUDENCIA DEL CONDUCTOR,CONDUCCION NO ATENTO CONDICIONES TRANSITO MOMENTO,NUEVA VIZCAYA, ,- NUEVA VIZCAYA,3064, , ,BIDIRECCIONAL,CONCRETO,BUENO,SECO,DESPEJADO,0,0,0,0
-8132540.02146978,-4415974.10615862,4329,2024,1658756,-36.833859,-73.05585,1,2024/12/20 00:00:00+00,1899/12/30 00:00:00+00,REGION BIO BIO,CONCEPCION,COLISION POR ALCANCE,COLISION,URBANA,PUENTE,IMPRUDENCIA DEL CONDUCTOR,CONDUCCION NO ATENTO CONDICIONES TRANSITO MOMENTO,PUENTE CHACABUCO, ,- PUENTE CHACABUCO,1, , ,UNIDIRECCIONAL,CONCRETO,BUENO,SECO,NUBLADO,0,0,0,1
-8126344.98048764,-4413818.38688675,4330,2024,1658758,-36.818358,-73.000199,1,2024/12/19 00:00:00+00,1899/12/30 00:00:00+00,REGION BIO BIO,CONCEPCION,CHOQUE FRONTAL,CHOQUE,URBANA,TRAMO DE VIA RECTA,IMPRUDENCIA DEL CONDUCTOR,CONDUCCION NO ATENTO CONDICIONES TRANSITO MOMENTO,MENORCA, ,- MENORCA,1000, , ,UNIDIRECCIONAL,CONCRETO,BUENO,SECO,DESPEJADO,0,0,0,0
-8132879.4345972,-4416322.7949065,4331,2024,1658760,-36.836366,-73.058899,1,2024/12/21 00:00:00+00,1899/12/30 00:00:00+00,REGION BIO BIO,CONCEPCION,CHOQUE POSTERIOR,CHOQUE,URBANA,CRUCE CON SENAL CEDA EL PASO,IMPRUDENCIA DEL CONDUCTOR,CONDUCCION NO ATENTO CONDICIONES TRANSITO MOMENTO,ESMERALDA,ERRAZURIZ,ERRAZURIZ - ESMERALDA,0, , ,BIDIRECCIONAL,CONCRETO,BUENO,SECO,DESPEJADO,0,0,0,0
-8131264.30010528,-4414065.49156644,4332,2024,1658766,-36.820135,-73.04439,1,2024/12/21 00:00:00+00,1899/12/30 00:00:00+00,REGION BIO BIO,CONCEPCION,COLISION PERPENDICULAR,COLISION,URBANA,CRUCE CON SEMAFORO FUNCIONANDO,DESOBEDIENCIA A SENALIZACION,SENALIZACION DESOBEDECER LUZ ROJA DE SEMAFORO,CENTRAL SUR,CENTRAL NORTE,CENTRAL NORTE - CENTRAL SUR,0, , ,UNIDIRECCIONAL,CONCRETO,BUENO,SECO,DESPEJADO,0,0,0,0
-8132653.45603089,-4414988.04785962,4333,2024,1658767,-36.826769,-73.056869,1,2024/12/23 00:00:00+00,1899/12/30 00:00:00+00,REGION BIO BIO,CONCEPCION,CHOQUE,CHOQUE,URBANA,TRAMO DE VIA RECTA,IMPRUDENCIA DEL CONDUCTOR,CONDUCCION NO ATENTO CONDICIONES TRANSITO MOMENTO,MAIPU, ,- MAIPU,246, , ,UNIDIRECCIONAL,CONCRETO,BUENO,SECO,DESPEJADO,0,0,0,0
-8054818.53410976,-4505379.7662784,4334,2024,1658768,-37.473971,-72.357666,1,2024/12/20 00:00:00+00,1899/12/30 00:00:00+00,REGION BIO BIO,LOS ANGELES,COLISION LATERAL,COLISION,URBANA,CRUCE CON SENAL CEDA EL PASO,IMPRUDENCIA DEL CONDUCTOR,CONDUCCION NO ATENTO CONDICIONES TRANSITO MOMENTO,BLANCO ENCALADA,BULNES,BLANCO ENCALADA - BULNES,0, , ,UNIDIRECCIONAL,CONCRETO,BUENO,SECO,DESPEJADO,0,0,0,1
-8053638.54750736,-4505787.94905989,4335,2024,1658771,-37.476881,-72.347066,1,2024/12/20 00:00:00+00,1899/12/30 00:00:00+00,REGION BIO BIO,LOS ANGELES,VOLCADURA,VOLCADURA,URBANA,TRAMO DE VIA RECTA,IMPRUDENCIA DEL CONDUCTOR,CONDUCCION NO ATENTO CONDICIONES TRANSITO MOMENTO,GABRIELA MISTRAL,INVESTIGACIONES DE CHILE,GABRIELA MISTRAL - INVESTIGACIONES DE CHILE,0, , ,BIDIRECCIONAL,ASFALTO,BUENO,SECO,DESPEJADO,0,0,0,2
-8051528.37523988,-4506868.23730239,4336,2024,1658776,-37.484582,-72.32811,1,2024/12/20 00:00:00+00,1899/12/30 00:00:00+00,REGION BIO BIO,LOS ANGELES,COLISION,COLISION,URBANA,TRAMO DE VIA RECTA,IMPRUDENCIA DEL CONDUCTOR,CONDUCCION NO ATENTO CONDICIONES TRANSITO MOMENTO,FRANCISCO ENCINA, ,- FRANCISCO ENCINA,1355, , ,UNIDIRECCIONAL,CONCRETO,BUENO,SECO,DESPEJADO,0,1,0,0
-8057075.87074407,-4504481.67984278,4337,2024,1658795,-37.467568,-72.377944,1,2024/12/20 00:00:00+00,1899/12/30 00:00:00+00,REGION BIO BIO,LOS ANGELES,CHOQUE FRENTE/LADO,CHOQUE,URBANA,OTROS NO CONSIDERADOS,IMPRUDENCIA DEL CONDUCTOR,CONDUCCION NO ATENTO CONDICIONES TRANSITO MOMENTO,LAS BALLICAS, ,- LAS BALLICAS,775, , ,BIDIRECCIONAL,CONCRETO,BUENO,SECO,DESPEJADO,0,0,0,0
-8051377.75996883,-4502006.06378519,4338,2024,1658807,-37.449915,-72.326757,1,2024/12/20 00:00:00+00,1899/12/30 00:00:00+00,REGION BIO BIO,LOS ANGELES,COLISION POR ALCANCE,COLISION,URBANA,TRAMO DE VIA RECTA,IMPRUDENCIA DEL CONDUCTOR,VIRAJES INDEBIDOS,LAS INDUSTRIAS, ,- LAS INDUSTRIAS,7300, , ,BIDIRECCIONAL CON BANDEJON,CONCRETO,BUENO,SECO,DESPEJADO,0,0,0,1
-8053773.80068867,-4505200.7880504,4339,2024,1658821,-37.472695,-72.348281,1,2024/12/20 00:00:00+00,1899/12/30 00:00:00+00,REGION BIO BIO,LOS ANGELES,COLISION LATERAL,COLISION,URBANA,TRAMO DE VIA RECTA,IMPRUDENCIA DEL CONDUCTOR,CONDUCCION NO ATENTO CONDICIONES TRANSITO MOMENTO,RICARDO VICUNA,LOS CARRERA,LOS CARRERA - RICARDO VICUNA,0, , ,UNIDIRECCIONAL,CONCRETO,BUENO,SECO,DESPEJADO,0,0,0,0
-8054187.35259697,-4504074.52965584,4340,2024,1658822,-37.464665,-72.351996,1,2024/12/20 00:00:00+00,1899/12/30 00:00:00+00,REGION BIO BIO,LOS ANGELES,CHOQUE LATERAL,CHOQUE,URBANA,TRAMO DE VIA RECTA,IMPRUDENCIA DEL CONDUCTOR,CONDUCCION NO ATENTO CONDICIONES TRANSITO MOMENTO,VALDIVIA, ,- VALDIVIA,715, , ,UNIDIRECCIONAL,CONCRETO,BUENO,SECO,DESPEJADO,0,0,0,0
-8054205.60899346,-4504474.52687839,4341,2024,1658828,-37.467517,-72.35216,1,2024/12/21 00:00:00+00,1899/12/30 00:00:00+00,REGION BIO BIO,LOS ANGELES,CHOQUE POSTERIOR/FRENTE,CHOQUE,URBANA,TRAMO DE VIA RECTA,IMPRUDENCIA DEL CONDUCTOR,CONDUCCION NO ATENTO CONDICIONES TRANSITO MOMENTO,VALDIVIA,RENGO,RENGO - VALDIVIA,0, , ,UNIDIRECCIONAL,CONCRETO,BUENO,SECO,DESPEJADO,0,0,0,0
-8053933.76679694,-4505623.69215331,4342,2024,1658832,-37.47571,-72.349718,1,2024/12/21 00:00:00+00,1899/12/30 00:00:00+00,REGION BIO BIO,LOS ANGELES,COLISION LATERAL,COLISION,URBANA,CRUCE CON SENAL PARE,IMPRUDENCIA DEL CONDUCTOR,CONDUCCION NO ATENTO CONDICIONES TRANSITO MOMENTO,FREIRE,BAQUEDANO,BAQUEDANO - FREIRE,0, , ,UNIDIRECCIONAL,ASFALTO,REGULAR,SECO,DESPEJADO,0,0,0,1
-8051424.62547446,-4500771.2088336,4343,2024,1658838,-37.441108,-72.327178,1,2024/12/21 00:00:00+00,1899/12/30 00:00:00+00,REGION BIO BIO,LOS ANGELES,COLISION,COLISION,URBANA,TRAMO DE VIA RECTA,IMPRUDENCIA DEL CONDUCTOR,CONDUCCION NO ATENTO CONDICIONES TRANSITO MOMENTO,LAS INDUSTRIAS,SOR VICENTA,LAS INDUSTRIAS - SOR VICENTA,0, , ,UNIDIRECCIONAL,ASFALTO,BUENO,SECO,NUBLADO,0,0,0,0
-8051284.36291606,-4506748.43358465,4344,2024,1658839,-37.483728,-72.325918,1,2024/12/21 00:00:00+00,1899/12/30 00:00:00+00,REGION BIO BIO,LOS ANGELES,CHOQUE FRONTAL,CHOQUE,URBANA,TRAMO DE VIA RECTA,IMPRUDENCIA DEL CONDUCTOR,CONDUCCION NO ATENTO CONDICIONES TRANSITO MOMENTO,LAS INDUSTRIAS,FRANCISCO ENCINA,FRANCISCO ENCINA - LAS INDUSTRIAS,0, , ,UNIDIRECCIONAL,CONCRETO,BUENO,SECO,DESPEJADO,0,0,0,0
-8051284.36291606,-4506748.43358465,4345,2024,1658841,-37.483728,-72.325918,1,2024/12/21 00:00:00+00,1899/12/30 00:00:00+00,REGION BIO BIO,LOS ANGELES,COLISION LATERAL,COLISION,URBANA,TRAMO DE VIA RECTA,ALCOHOL EN CONDUCTOR,CONDUCCION BAJO LA INFLUENCIA DEL ALCOHOL,LAS INDUSTRIAS,FRANCISCO ENCINA,FRANCISCO ENCINA - LAS INDUSTRIAS,0, , ,UNIDIRECCIONAL,CONCRETO,BUENO,SECO,DESPEJADO,0,0,0,5
-8008999.76565772,-4472935.43022814,4346,2024,1658848,-37.242308,-71.946069,1,2024/12/21 00:00:00+00,1899/12/30 00:00:00+00,REGION BIO BIO,TUCAPEL,CHOQUE FRONTAL,CHOQUE,URBANA,TRAMO DE VIA RECTA,IMPRUDENCIA DEL CONDUCTOR,CONDUCCION NO ATENTO CONDICIONES TRANSITO MOMENTO,LINARES, ,- LINARES,724, , ,BIDIRECCIONAL,ASFALTO,MALO,OTROS,DESPEJADO,0,0,1,0
-8051424.62547446,-4500771.2088336,4347,2024,1658849,-37.441108,-72.327178,1,2024/12/21 00:00:00+00,1899/12/30 00:00:00+00,REGION BIO BIO,LOS ANGELES,CHOQUE FRONTAL,CHOQUE,URBANA,TRAMO DE VIA RECTA,IMPRUDENCIA DEL CONDUCTOR,CONDUCCION NO ATENTO CONDICIONES TRANSITO MOMENTO,LAS INDUSTRIAS,SOR VICENTA,LAS INDUSTRIAS - SOR VICENTA,0, , ,BIDIRECCIONAL,CONCRETO,BUENO,SECO,DESPEJADO,0,0,0,0