X,Y,FID,Año,IdAccident,Latitud,longitud,ClaseAccid,Fecha,Hora,Región,Comuna,Tipo_Accid,Tipo__CONA,Zona,Ubicación,Causa__CON,Causa_Acci,Calle_Uno,Calle_Dos,Intersecci,Número,Ruta,Ubicaci_1,Calzada,Tipo_Calza,Estado_Cal,Condición,Estado_Atm,Fallecidos,Graves,Menos_Grav,Leves
-8054036.40336745,-4504476.63069094,4348,2024,1658850,-37.467532,-72.35064,1,2024/12/22 00:00:00+00,1899/12/30 00:00:00+00,REGION BIO BIO,LOS ANGELES,COLISION LATERAL,COLISION,URBANA,TRAMO DE VIA RECTA,IMPRUDENCIA DEL CONDUCTOR,CONDUCCION NO ATENTO CONDICIONES TRANSITO MOMENTO,RENGO,MENDOZA,MENDOZA - RENGO,0, , ,UNIDIRECCIONAL,CONCRETO,BUENO,SECO,DESPEJADO,0,0,0,1
-8143694.01180828,-4452199.28341542,4349,2024,1658851,-37.093871,-73.156048,1,2024/12/21 00:00:00+00,1899/12/30 00:00:00+00,REGION BIO BIO,LOTA,COLISION LATERAL,COLISION,URBANA,CRUCE CON SENAL PARE,DESOBEDIENCIA A SENALIZACION,SENALIZACION DESOBEDECER SENAL PARE,GALVARINO,PEDRO AGUIRRE CERDA,GALVARINO - PEDRO AGUIRRE CERDA,0, , ,BIDIRECCIONAL,CONCRETO,BUENO,SECO,DESPEJADO,0,0,0,1
-8055170.97161761,-4505167.26503867,4350,2024,1658853,-37.472456,-72.360832,1,2024/12/22 00:00:00+00,1899/12/30 00:00:00+00,REGION BIO BIO,LOS ANGELES,COLISION,COLISION,URBANA,TRAMO DE VIA RECTA,IMPRUDENCIA DEL CONDUCTOR,CONDUCCION NO ATENTO CONDICIONES TRANSITO MOMENTO,CAMILO HENRIQUEZ,RICARDO VICUNA,CAMILO HENRIQUEZ - RICARDO VICUNA,0, , ,UNIDIRECCIONAL,CONCRETO,BUENO,SECO,DESPEJADO,0,0,0,0
-8056847.10919049,-4503485.08049422,4351,2024,1658858,-37.460462,-72.375889,1,2024/12/22 00:00:00+00,1899/12/30 00:00:00+00,REGION BIO BIO,LOS ANGELES,COLISION LATERAL,COLISION,URBANA,CRUCE CON SENAL CEDA EL PASO,IMPRUDENCIA DEL CONDUCTOR,CONDUCCION NO ATENTO CONDICIONES TRANSITO MOMENTO,LAS TRANCAS,LAGUNA DEL LAJA,LAGUNA DEL LAJA - LAS TRANCAS,0, , ,BIDIRECCIONAL,CONCRETO,BUENO,SECO,DESPEJADO,0,0,0,0
-8052780.94215028,-4502320.44430693,4352,2024,1658862,-37.452157,-72.339362,1,2024/12/22 00:00:00+00,1899/12/30 00:00:00+00,REGION BIO BIO,LOS ANGELES,COLISION POR ALCANCE,COLISION,URBANA,TRAMO DE VIA RECTA,OTRAS CAUSAS,HECHO DELICTUAL,SOR VICENTA, ,- SOR VICENTA,2061, , ,BIDIRECCIONAL CON BANDEJON,CONCRETO,BUENO,SECO,DESPEJADO,0,0,0,0
-8053434.61020022,-4507214.60961799,4353,2024,1658864,-37.487051,-72.345234,1,2024/12/22 00:00:00+00,1899/12/30 00:00:00+00,REGION BIO BIO,LOS ANGELES,CHOQUE FRENTE/POSTERIOR,CHOQUE,URBANA,TRAMO DE VIA RECTA,IMPRUDENCIA DEL CONDUCTOR,CONDUCCION NO ATENTO CONDICIONES TRANSITO MOMENTO,RIO QUILQUE, ,- RIO QUILQUE,1275, , ,BIDIRECCIONAL,ASFALTO,BUENO,SECO,DESPEJADO,0,0,0,0
-8055611.68548167,-4505624.53377052,4354,2024,1658893,-37.475716,-72.364791,1,2024/12/22 00:00:00+00,1899/12/30 00:00:00+00,REGION BIO BIO,LOS ANGELES,COLISION FRONTAL,COLISION,URBANA,CRUCE CON SEMAFORO FUNCIONANDO,IMPRUDENCIA DEL CONDUCTOR,CONDUCCION NO ATENTO CONDICIONES TRANSITO MOMENTO,FRANCISCO ENCINA,LOS AZTECAS,FRANCISCO ENCINA - LOS AZTECAS,0, , ,BIDIRECCIONAL,ASFALTO,REGULAR,SECO,DESPEJADO,0,0,0,1
-8170668.72817832,-4551223.88081677,4355,2024,1658897,-37.800092,-73.398366,1,2024/12/21 00:00:00+00,1899/12/30 00:00:00+00,REGION BIO BIO,CANETE,CHOQUE,CHOQUE,URBANA,TRAMO DE VIA RECTA,IMPRUDENCIA DEL CONDUCTOR,CONDUCCION NO ATENTO CONDICIONES TRANSITO MOMENTO,VILLAGRAN,ARTURO PRAT,ARTURO PRAT - VILLAGRAN,0, , ,BIDIRECCIONAL,CONCRETO,BUENO,SECO,DESPEJADO,0,0,0,0
-8052426.83485007,-4501832.19100463,4356,2024,1658902,-37.448675,-72.336181,1,2024/12/22 00:00:00+00,1899/12/30 00:00:00+00,REGION BIO BIO,LOS ANGELES,COLISION LATERAL,COLISION,URBANA,TRAMO DE VIA RECTA,IMPRUDENCIA DEL CONDUCTOR,CONDUCCION NO ATENTO CONDICIONES TRANSITO MOMENTO,SOR VICENTA,GABRIELA MISTRAL,GABRIELA MISTRAL - SOR VICENTA,0, , ,BIDIRECCIONAL,ASFALTO,BUENO,SECO,DESPEJADO,0,0,0,0
-8169609.41190394,-4549856.98012634,4357,2024,1658904,-37.790389,-73.38885,1,2024/12/24 00:00:00+00,1899/12/30 00:00:00+00,REGION BIO BIO,CANETE,COLISION,COLISION,URBANA,TRAMO DE VIA RECTA,IMPRUDENCIA DEL CONDUCTOR,CONDUCCION NO ATENTO CONDICIONES TRANSITO MOMENTO,PRESIDENTE EDUARDO FREI, ,- PRESIDENTE EDUARDO FREI,1063, , ,BIDIRECCIONAL,ASFALTO,BUENO,SECO,DESPEJADO,0,0,0,0
-8132613.93761166,-4410059.40423215,4358,2024,1658940,-36.791321,-73.056514,1,2024/12/17 00:00:00+00,1899/12/30 00:00:00+00,REGION BIO BIO,CONCEPCION,COLISION LATERAL,COLISION,URBANA,TRAMO DE VIA RECTA,IMPRUDENCIA DEL CONDUCTOR,CONDUCCION NO ATENTO CONDICIONES TRANSITO MOMENTO,PADRE ALONSO DE OVALLE,GARCIA HURTADO DE MENDOZA,GARCIA HURTADO DE MENDOZA - PADRE ALONSO DE OVALLE,0, , ,UNIDIRECCIONAL,CONCRETO,BUENO,SECO,DESPEJADO,0,0,0,0
-8136955.17511362,-4416662.59314173,4359,2024,1658944,-36.838809,-73.095512,1,2024/12/18 00:00:00+00,1899/12/30 00:00:00+00,REGION BIO BIO,SAN PEDRO DE LA PAZ,COLISION POR ALCANCE,COLISION,URBANA,CRUCE CON SEMAFORO FUNCIONANDO,IMPRUDENCIA DEL CONDUCTOR,CONDUCCION NO ATENTO CONDICIONES TRANSITO MOMENTO,PEDRO AGUIRRE CERDA, ,- PEDRO AGUIRRE CERDA,1025, , ,BIDIRECCIONAL,CONCRETO,BUENO,SECO,DESPEJADO,0,0,0,0
-8053857.40162625,-4503489.4279637,4360,2024,1658946,-37.460493,-72.349032,1,2024/12/23 00:00:00+00,1899/12/30 00:00:00+00,REGION BIO BIO,LOS ANGELES,COLISION LATERAL,COLISION,URBANA,OTROS NO CONSIDERADOS,IMPRUDENCIA DEL CONDUCTOR,CONDUCCION NO ATENTO CONDICIONES TRANSITO MOMENTO,ALMAGRO,OROMPELLO,ALMAGRO - OROMPELLO,0, , ,UNIDIRECCIONAL,CONCRETO,BUENO,SECO,DESPEJADO,0,0,0,0
-8133042.07237325,-4415028.51756559,4361,2024,1658948,-36.82706,-73.06036,1,2024/12/18 00:00:00+00,1899/12/30 00:00:00+00,REGION BIO BIO,CONCEPCION,COLISION POR ALCANCE,COLISION,URBANA,TRAMO DE VIA RECTA,IMPRUDENCIA DEL CONDUCTOR,CONDUCCION NO ATENTO CONDICIONES TRANSITO MOMENTO,ARTURO PRAT, ,- ARTURO PRAT,782, , ,BIDIRECCIONAL,CONCRETO,BUENO,SECO,DESPEJADO,0,0,0,0
-8051574.23887009,-4500568.05427519,4362,2024,1658951,-37.439659,-72.328522,1,2024/10/23 00:00:00+00,1899/12/30 00:00:00+00,REGION BIO BIO,LOS ANGELES,CHOQUE POSTERIOR/FRENTE,CHOQUE,URBANA,TRAMO DE VIA RECTA,IMPRUDENCIA DEL CONDUCTOR,CONDUCCION NO ATENTO CONDICIONES TRANSITO MOMENTO,ALLIPEN SUR, ,- ALLIPEN SUR,500, , ,UNIDIRECCIONAL,CONCRETO,BUENO,SECO,DESPEJADO,0,0,0,0
-8133155.06165641,-4414876.3745209,4363,2024,1658955,-36.825966,-73.061375,1,2024/12/18 00:00:00+00,1899/12/30 00:00:00+00,REGION BIO BIO,CONCEPCION,COLISION LATERAL,COLISION,URBANA,TRAMO DE VIA RECTA,IMPRUDENCIA DEL CONDUCTOR,CONDUCCION NO ATENTO CONDICIONES TRANSITO MOMENTO,ARTURO PRAT,LAS HERAS,ARTURO PRAT - LAS HERAS,0, , ,BIDIRECCIONAL,CONCRETO,BUENO,SECO,DESPEJADO,0,0,0,1
-8054588.77068077,-4505139.35265462,4364,2024,1658956,-37.472257,-72.355602,1,2024/12/23 00:00:00+00,1899/12/30 00:00:00+00,REGION BIO BIO,LOS ANGELES,CHOQUE FRENTE/POSTERIOR,CHOQUE,URBANA,CRUCE CON SEMAFORO FUNCIONANDO,OTRAS CAUSAS,HECHO DELICTUAL,ERCILLA,RICARDO VICUNA,ERCILLA - RICARDO VICUNA,0, , ,BIDIRECCIONAL,CONCRETO,BUENO,SECO,DESPEJADO,0,0,0,0
-8055316.02091412,-4509775.51059972,4365,2024,1658960,-37.505303,-72.362135,1,2024/12/23 00:00:00+00,1899/12/30 00:00:00+00,REGION BIO BIO,LOS ANGELES,COLISION LATERAL,COLISION,URBANA,TRAMO DE VIA RECTA,IMPRUDENCIA DEL CONDUCTOR,CONDUCCION NO ATENTO CONDICIONES TRANSITO MOMENTO,CAMINO CANTA RANA,TOLPAN,CAMINO CANTA RANA - TOLPAN,0, , ,UNIDIRECCIONAL,TIERRA,MALO, ,DESPEJADO,0,0,0,0
-8129116.83580839,-4410130.01977685,4366,2024,1658961,-36.791829,-73.025099,1,2024/12/18 00:00:00+00,1899/12/30 00:00:00+00,REGION BIO BIO,CONCEPCION,COLISION POR ALCANCE,COLISION,URBANA,CRUCE CON SEMAFORO FUNCIONANDO,IMPRUDENCIA DEL CONDUCTOR,CONDUCCION SIN MANTENER DISTANCIA RAZONABLE NI PRUDENTE,CAMINO PENCO,CALLE DOS,CALLE DOS - CAMINO PENCO,0, , ,BIDIRECCIONAL,CONCRETO,BUENO,SECO,DESPEJADO,0,1,0,0
-8051266.10651957,-4505910.54726706,4367,2024,1658966,-37.477755,-72.325754,1,2024/12/23 00:00:00+00,1899/12/30 00:00:00+00,REGION BIO BIO,LOS ANGELES,CHOQUE FRENTE/LADO,CHOQUE,URBANA,OTROS NO CONSIDERADOS,IMPRUDENCIA DEL CONDUCTOR,CONDUCCION NO ATENTO CONDICIONES TRANSITO MOMENTO,LAS INDUSTRIAS, ,- LAS INDUSTRIAS,10445, , ,UNIDIRECCIONAL,CONCRETO,BUENO,SECO,DESPEJADO,0,0,0,0
-8131264.30010528,-4414065.49156644,4368,2024,1658971,-36.820135,-73.04439,1,2024/12/19 00:00:00+00,1899/12/30 00:00:00+00,REGION BIO BIO,CONCEPCION,COLISION POR ALCANCE,COLISION,URBANA,TRAMO DE VIA RECTA,IMPRUDENCIA DEL CONDUCTOR,CONDUCCION NO ATENTO CONDICIONES TRANSITO MOMENTO,21 DE MAYO,CENTENARIO,21 DE MAYO - CENTENARIO,0, , ,UNIDIRECCIONAL,CONCRETO,BUENO,SECO,DESPEJADO,0,0,0,0
-8132869.861121,-4414015.70862023,4369,2024,1658974,-36.819777,-73.058813,1,2024/12/19 00:00:00+00,1899/12/30 00:00:00+00,REGION BIO BIO,CONCEPCION,COLISION POR ALCANCE,COLISION,URBANA,CRUCE CON SENAL PARE,IMPRUDENCIA DEL CONDUCTOR,CONDUCCION SIN MANTENER DISTANCIA RAZONABLE NI PRUDENTE,JOSE JOAQUIN PRIETO,LINCOYAN,JOSE JOAQUIN PRIETO - LINCOYAN,0, , ,UNIDIRECCIONAL,CONCRETO,BUENO,SECO,DESPEJADO,0,0,0,0
-8132981.84852873,-4411058.07387546,4370,2024,1658985,-36.798505,-73.059819,1,2024/12/19 00:00:00+00,1899/12/30 00:00:00+00,REGION BIO BIO,CONCEPCION,COLISION POR ALCANCE,COLISION,URBANA,TRAMO DE VIA RECTA,IMPRUDENCIA DEL CONDUCTOR,CONDUCCION SIN MANTENER DISTANCIA RAZONABLE NI PRUDENTE,PAICAVI, ,- PAICAVI,3380, , ,BIDIRECCIONAL,CONCRETO,BUENO,SECO,DESPEJADO,0,0,0,0
-8055191.00912596,-4504707.35136202,4371,2024,1658988,-37.469177,-72.361012,1,2024/12/23 00:00:00+00,1899/12/30 00:00:00+00,REGION BIO BIO,LOS ANGELES,CHOQUE POSTERIOR,CHOQUE,URBANA,TRAMO DE VIA RECTA,IMPRUDENCIA DEL CONDUCTOR,CONDUCCION NO ATENTO CONDICIONES TRANSITO MOMENTO,MENDOZA, ,- MENDOZA,450, , ,UNIDIRECCIONAL,CONCRETO,BUENO,SECO,DESPEJADO,0,0,0,0
-8134479.31831888,-4412767.17842125,4372,2024,1658992,-36.810798,-73.073271,1,2024/12/19 00:00:00+00,1899/12/30 00:00:00+00,REGION BIO BIO,CONCEPCION,ATROPELLO,ATROPELLO,URBANA,TRAMO DE VIA RECTA,IMPRUDENCIA DEL CONDUCTOR,CONDUCCION NO ATENTO CONDICIONES TRANSITO MOMENTO,21 DE MAYO,DOCTOR CARLOS OLIVER,21 DE MAYO - DOCTOR CARLOS OLIVER,0, , ,BIDIRECCIONAL,CONCRETO,BUENO,SECO,DESPEJADO,0,0,0,1
-8053140.94938351,-4507050.75121894,4373,2024,1658993,-37.485883,-72.342596,1,2024/12/23 00:00:00+00,1899/12/30 00:00:00+00,REGION BIO BIO,LOS ANGELES,COLISION LATERAL,COLISION,URBANA,TRAMO DE VIA RECTA,IMPRUDENCIA DEL CONDUCTOR,CONDUCCION NO ATENTO CONDICIONES TRANSITO MOMENTO,RENE SEPULVEDA,SANTIAGO BARRERA,RENE SEPULVEDA - SANTIAGO BARRERA,0, , ,UNIDIRECCIONAL,ASFALTO,BUENO,SECO,DESPEJADO,0,0,0,2
-8133394.95515907,-4410078.30913523,4374,2024,1658998,-36.791457,-73.06353,1,2024/12/19 00:00:00+00,1899/12/30 00:00:00+00,REGION BIO BIO,CONCEPCION,COLISION POR ALCANCE,COLISION,URBANA,TRAMO DE VIA RECTA,IMPRUDENCIA DEL CONDUCTOR,CONDUCCION SIN MANTENER DISTANCIA RAZONABLE NI PRUDENTE,JORGE ALESSANDRI,LOS CARRERA,JORGE ALESSANDRI - LOS CARRERA,0, , ,BIDIRECCIONAL,CONCRETO,BUENO,SECO,DESPEJADO,0,0,0,0
-8130904.29287206,-4413337.26536602,4375,2024,1659003,-36.814898,-73.041156,1,2024/12/19 00:00:00+00,1899/12/30 00:00:00+00,REGION BIO BIO,CONCEPCION,COLISION POR ALCANCE,COLISION,URBANA,TRAMO DE VIA RECTA,IMPRUDENCIA DEL CONDUCTOR,CONDUCCION SIN MANTENER DISTANCIA RAZONABLE NI PRUDENTE,MANUEL BULNES,AINAVILLO,AINAVILLO - MANUEL BULNES,0, , ,UNIDIRECCIONAL,CONCRETO,BUENO,SECO,DESPEJADO,0,0,0,0
-8139345.09326146,-4400814.20065655,4376,2024,1659008,-36.724783,-73.116981,1,2024/12/20 00:00:00+00,1899/12/30 00:00:00+00,REGION BIO BIO,TALCAHUANO,COLISION POR ALCANCE,COLISION,URBANA,TRAMO DE VIA RECTA,IMPRUDENCIA DEL CONDUCTOR,CONDUCCION NO ATENTO CONDICIONES TRANSITO MOMENTO,SANTA MARIA,PRESIDENTE JORGE ALESSANDRI,PRESIDENTE JORGE ALESSANDRI - SANTA MARIA,0, , ,BIDIRECCIONAL,CONCRETO,BUENO,SECO,DESPEJADO,0,0,0,0
-8054395.18608628,-4504987.16835024,4377,2024,1659023,-37.471172,-72.353863,1,2024/12/24 00:00:00+00,1899/12/30 00:00:00+00,REGION BIO BIO,LOS ANGELES,COLISION,COLISION,URBANA,CRUCE CON SEMAFORO FUNCIONANDO,IMPRUDENCIA DEL CONDUCTOR,CONDUCCION NO ATENTO CONDICIONES TRANSITO MOMENTO,CAUPOLICAN,MENDOZA,CAUPOLICAN - MENDOZA,0, , ,UNIDIRECCIONAL,ASFALTO,BUENO,SECO,DESPEJADO,0,0,0,1
-8138966.05039531,-4409651.5669207,4378,2024,1659031,-36.788387,-73.113576,1,2024/12/18 00:00:00+00,1899/12/30 00:00:00+00,REGION BIO BIO,HUALPEN,VOLCADURA,VOLCADURA,URBANA,CRUCE SIN SENALIZACION,IMPRUDENCIA DEL CONDUCTOR,CONDUCCION NO ATENTO CONDICIONES TRANSITO MOMENTO,MORAVIA,POLONIA,MORAVIA - POLONIA,0, , ,BIDIRECCIONAL,CONCRETO,BUENO,SECO,DESPEJADO,0,0,0,0
-8123893.05738343,-4400921.1434041,4379,2024,1659039,-36.725553,-72.978173,1,2024/12/19 00:00:00+00,1899/12/30 00:00:00+00,REGION BIO BIO,PENCO,COLISION,COLISION,URBANA,ENLACE A DESNIVEL,IMPRUDENCIA DEL CONDUCTOR,CONDUCCION CAMBIAR SORPRESIVAMENTE PISTA CIRCULACION,CAMINO A LIRQUEN,LOS MANIOS,CAMINO A LIRQUEN - LOS MANIOS,0, , ,BIDIRECCIONAL,CONCRETO,BUENO,SECO,DESPEJADO,0,0,0,0
-8131906.05696971,-4412789.84227066,4380,2024,1659049,-36.810961,-73.050155,1,2024/12/20 00:00:00+00,1899/12/30 00:00:00+00,REGION BIO BIO,CONCEPCION,COLISION POR ALCANCE,COLISION,URBANA,TRAMO DE VIA RECTA,IMPRUDENCIA DEL CONDUCTOR,CONDUCCION NO ATENTO CONDICIONES TRANSITO MOMENTO,PAICAVI,JOSE JOAQUIN PRIETO,JOSE JOAQUIN PRIETO - PAICAVI,0, , ,UNIDIRECCIONAL,CONCRETO,BUENO,SECO,DESPEJADO,0,0,0,0
-8051308.85320403,-4506380.47358497,4381,2024,1659059,-37.481105,-72.326138,1,2024/12/24 00:00:00+00,1899/12/30 00:00:00+00,REGION BIO BIO,LOS ANGELES,COLISION LATERAL,COLISION,RURAL,CRUCE CON SEMAFORO FUNCIONANDO,IMPRUDENCIA DEL CONDUCTOR,CONDUCCION NO ATENTO CONDICIONES TRANSITO MOMENTO,LAS INDUSTRIAS, ,- LAS INDUSTRIAS,1235, , ,BIDIRECCIONAL,ASFALTO,BUENO,SECO,DESPEJADO,0,0,0,0
-8051667.07932541,-4507312.25248491,4382,2024,1659061,-37.487747,-72.329356,1,2024/12/24 00:00:00+00,1899/12/30 00:00:00+00,REGION BIO BIO,LOS ANGELES,COLISION LATERAL,COLISION,URBANA,TRAMO DE VIA RECTA,IMPRUDENCIA DEL CONDUCTOR,CONDUCCION NO ATENTO CONDICIONES TRANSITO MOMENTO,TOLPAN,CALI,CALI - TOLPAN,0, , ,UNIDIRECCIONAL,CONCRETO,BUENO,SECO,DESPEJADO,0,0,0,0
-8054135.47771426,-4505969.18169909,4383,2024,1659079,-37.478173,-72.35153,1,2024/12/24 00:00:00+00,1899/12/30 00:00:00+00,REGION BIO BIO,LOS ANGELES,COLISION LATERAL,COLISION,URBANA,CRUCE CON SENAL CEDA EL PASO,IMPRUDENCIA DEL CONDUCTOR,CONDUCCION NO ATENTO CONDICIONES TRANSITO MOMENTO,BERNARDO O'HIGGINS,CONDELL,BERNARDO O'HIGGINS - CONDELL,0, , ,UNIDIRECCIONAL,ASFALTO,BUENO,SECO,DESPEJADO,0,0,0,1
-8053301.24945025,-4507150.49690848,4384,2024,1659097,-37.486594,-72.344036,1,2024/12/14 00:00:00+00,1899/12/30 00:00:00+00,REGION BIO BIO,LOS ANGELES,COLISION LATERAL,COLISION,URBANA,CRUCE CON SENAL PARE,DESOBEDIENCIA A SENALIZACION,SENALIZACION DESOBEDECER SENAL CEDA EL PASO,RIO HUAQUI,LOS CARRERA,LOS CARRERA - RIO HUAQUI,0, , ,BIDIRECCIONAL,CONCRETO,BUENO,SECO,DESPEJADO,0,0,0,1
-8053798.62493512,-4504259.65971332,4385,2024,1659115,-37.465985,-72.348504,1,2024/12/24 00:00:00+00,1899/12/30 00:00:00+00,REGION BIO BIO,LOS ANGELES,CHOQUE FRENTE/POSTERIOR,CHOQUE,URBANA,CRUCE CON SEMAFORO FUNCIONANDO,IMPRUDENCIA DEL CONDUCTOR,CONDUCCION NO ATENTO CONDICIONES TRANSITO MOMENTO,VILLAGRAN, ,- VILLAGRAN,626, , ,UNIDIRECCIONAL,CONCRETO,BUENO,SECO,DESPEJADO,0,0,0,0
-8008664.02607349,-4472063.74123989,4386,2024,1659129,-37.236074,-71.943053,1,2024/12/25 00:00:00+00,1899/12/30 00:00:00+00,REGION BIO BIO,TUCAPEL,COLISION LATERAL,COLISION,URBANA,CRUCE CON SENAL PARE,IMPRUDENCIA DEL CONDUCTOR,CONDUCCION NO ATENTO CONDICIONES TRANSITO MOMENTO,YUNGAY,O'HIGGINS,O'HIGGINS - YUNGAY,0, , ,BIDIRECCIONAL,ASFALTO,BUENO,SECO,DESPEJADO,0,0,0,2
-8089682.46279233,-4509373.34654303,4387,2024,1659137,-37.502437,-72.670854,1,2024/12/11 00:00:00+00,1899/12/30 00:00:00+00,REGION BIO BIO,NACIMIENTO,CHOQUE,CHOQUE,URBANA,TRAMO DE VIA RECTA,IMPRUDENCIA DEL CONDUCTOR,CONDUCCION SIN MANTENER DISTANCIA RAZONABLE NI PRUDENTE,FREIRE,GENERAL PRIETO,FREIRE - GENERAL PRIETO,0, , ,UNIDIRECCIONAL,CONCRETO,BUENO,SECO,DESPEJADO,0,0,0,0
-8138844.0442334,-4410015.61726935,4388,2024,1659141,-36.791006,-73.11248,1,2024/12/22 00:00:00+00,1899/12/30 00:00:00+00,REGION BIO BIO,HUALPEN,CHOQUE FRENTE/POSTERIOR,CHOQUE,URBANA,TRAMO DE VIA RECTA,IMPRUDENCIA DEL CONDUCTOR,CONDUCCION NO ATENTO CONDICIONES TRANSITO MOMENTO,NAVARRA, ,- NAVARRA,2370, , ,BIDIRECCIONAL,CONCRETO,BUENO,SECO,DESPEJADO,0,0,0,0
-8135987.36346066,-4409416.65749372,4389,2024,1659173,-36.786697,-73.086818,1,2024/12/21 00:00:00+00,1899/12/30 00:00:00+00,REGION BIO BIO,HUALPEN,COLISION,COLISION,URBANA,CRUCE SIN SENALIZACION,IMPRUDENCIA DEL CONDUCTOR,CONDUCCION NO ATENTO CONDICIONES TRANSITO MOMENTO,CRISTOBAL COLON,LOS JINETES,CRISTOBAL COLON - LOS JINETES,0, , ,BIDIRECCIONAL,CONCRETO,BUENO,SECO,DESPEJADO,0,0,0,0
-8137270.09795307,-4408457.33561571,4390,2024,1659198,-36.779795,-73.098341,1,2024/12/21 00:00:00+00,1899/12/30 00:00:00+00,REGION BIO BIO,HUALPEN,COLISION,COLISION,URBANA,CRUCE CON SEMAFORO FUNCIONANDO,IMPRUDENCIA DEL CONDUCTOR,CONDUCCION SIN MANTENER DISTANCIA RAZONABLE NI PRUDENTE,LAS GOLONDRINAS,HOLANDA,HOLANDA - LAS GOLONDRINAS,0, , ,BIDIRECCIONAL CON BANDEJON,CONCRETO,BUENO,SECO,DESPEJADO,0,0,0,0
-8137006.38207938,-4409575.95053969,4391,2024,1659230,-36.787843,-73.095972,1,2024/12/20 00:00:00+00,1899/12/30 00:00:00+00,REGION BIO BIO,HUALPEN,COLISION,COLISION,URBANA,CRUCE SIN SENALIZACION,IMPRUDENCIA DEL CONDUCTOR,CONDUCCION SIN MANTENER DISTANCIA RAZONABLE NI PRUDENTE,LAS GOLONDRINAS,SICILIA,LAS GOLONDRINAS - SICILIA,0, , ,BIDIRECCIONAL CON BANDEJON,CONCRETO,BUENO,SECO,DESPEJADO,0,0,0,1
-8059687.98259553,-4444525.03395629,4392,2024,1659248,-37.038862,-72.401409,1,2024/12/20 00:00:00+00,1899/12/30 00:00:00+00,REGION BIO BIO,CABRERO,VOLCADURA,VOLCADURA,URBANA,CRUCE SIN SENALIZACION,VELOCIDAD IMPRUDENTE,VELOCIDAD MAYOR QUE MAXIMA PERMITIDA,LOS BATROS,LOS AROMOS,LOS AROMOS - LOS BATROS,0, , ,BIDIRECCIONAL CON BANDEJON,CONCRETO,BUENO,SECO,DESPEJADO,0,0,0,0
-8142730.0963375,-4449472.91955895,4393,2024,1659275,-37.074333,-73.147389,1,2024/12/21 00:00:00+00,1899/12/30 00:00:00+00,REGION BIO BIO,LOTA,CHOQUE FRENTE/FRENTE,CHOQUE,URBANA,OTROS NO CONSIDERADOS,IMPRUDENCIA DEL CONDUCTOR,CONDUCCION NO ATENTO CONDICIONES TRANSITO MOMENTO,BLEST GANA, ,- BLEST GANA,867, , ,BIDIRECCIONAL,CONCRETO,BUENO,SECO,DESPEJADO,0,0,0,0
-8139139.93143993,-4407914.33267632,4394,2024,1659283,-36.775888,-73.115138,1,2024/12/23 00:00:00+00,1899/12/30 00:00:00+00,REGION BIO BIO,HUALPEN,COLISION,COLISION,URBANA,TRAMO DE VIA RECTA,IMPRUDENCIA DEL CONDUCTOR,CONDUCCION NO ATENTO CONDICIONES TRANSITO MOMENTO,LENGA, ,- LENGA,408, , ,BIDIRECCIONAL,CONCRETO,BUENO,SECO,DESPEJADO,0,0,0,0
-8142850.87798501,-4450201.81607628,4395,2024,1659289,-37.079557,-73.148474,1,2024/12/23 00:00:00+00,1899/12/30 00:00:00+00,REGION BIO BIO,LOTA,CHOQUE FRENTE/LADO,CHOQUE,URBANA,TRAMO DE VIA RECTA,IMPRUDENCIA DEL CONDUCTOR,CONDUCCION NO ATENTO CONDICIONES TRANSITO MOMENTO,CAMILO HENRIQUEZ,ARNOLDO COURAD,ARNOLDO COURAD - CAMILO HENRIQUEZ,0, , ,BIDIRECCIONAL,CONCRETO,BUENO,SECO,DESPEJADO,0,0,0,0
-8137352.14041779,-4410001.71668388,4396,2024,1659294,-36.790906,-73.099078,1,2024/12/23 00:00:00+00,1899/12/30 00:00:00+00,REGION BIO BIO,HUALPEN,CHOQUE FRONTAL,CHOQUE,URBANA,CRUCE SIN SENALIZACION,VELOCIDAD IMPRUDENTE,VELOCIDAD MAYOR QUE MAXIMA PERMITIDA,COSTANERA,ATENAS,ATENAS - COSTANERA,0, , ,BIDIRECCIONAL,CONCRETO,BUENO,SECO,DESPEJADO,0,0,0,0
-8144055.02091692,-4450402.4667735,4397,2024,1659298,-37.080995,-73.159291,1,2024/12/24 00:00:00+00,1899/12/30 00:00:00+00,REGION BIO BIO,LOTA,ATROPELLO,ATROPELLO,URBANA,TRAMO DE VIA RECTA,IMPRUDENCIA DEL PEATON,PEATON CRUZA CALZADA FUERA PASO PEATONES,LA PAZ,JOSE MIGUEL CARRERA,JOSE MIGUEL CARRERA - LA PAZ,0, , ,BIDIRECCIONAL,CONCRETO,BUENO,SECO,DESPEJADO,0,0,0,1
-8136392.56640715,-4412282.3504511,4398,2024,1659309,-36.807311,-73.090458,1,2024/12/22 00:00:00+00,1899/12/30 00:00:00+00,REGION BIO BIO,HUALPEN,VOLCADURA,VOLCADURA,URBANA,TRAMO DE VIA RECTA,VELOCIDAD IMPRUDENTE,VELOCIDAD MAYOR QUE MAXIMA PERMITIDA,COSTANERA, ,- COSTANERA,9781, , ,BIDIRECCIONAL,CONCRETO,BUENO,SECO,DESPEJADO,0,0,0,0