X,Y,FID,Año,IdAccident,Latitud,longitud,ClaseAccid,Fecha,Hora,Región,Comuna,Tipo_Accid,Tipo__CONA,Zona,Ubicación,Causa__CON,Causa_Acci,Calle_Uno,Calle_Dos,Intersecci,Número,Ruta,Ubicaci_1,Calzada,Tipo_Calza,Estado_Cal,Condición,Estado_Atm,Fallecidos,Graves,Menos_Grav,Leves
-8091609.40317796,-4508685.66213007,4399,2024,1659319,-37.497536,-72.688164,1,2024/12/12 00:00:00+00,1899/12/30 00:00:00+00,REGION BIO BIO,NACIMIENTO,COLISION,COLISION,URBANA,TRAMO DE VIA RECTA,IMPRUDENCIA DEL CONDUCTOR,CONDUCCION NO ATENTO CONDICIONES TRANSITO MOMENTO,JULIO HEMMELMANN,JUAN ANTONIO RIOS,JUAN ANTONIO RIOS - JULIO HEMMELMANN,0, , ,BIDIRECCIONAL,ASFALTO,BUENO,SECO,DESPEJADO,0,0,0,0
-8199526.52505463,-4524372.3384689,4400,2024,1659323,-37.609252,-73.6576,1,2024/12/23 00:00:00+00,1899/12/30 00:00:00+00,REGION BIO BIO,LEBU,CHOQUE FRENTE/LADO,CHOQUE,URBANA,TRAMO DE VIA RECTA,IMPRUDENCIA DEL CONDUCTOR,CONDUCCION NO ATENTO CONDICIONES TRANSITO MOMENTO,MACKAY,FREIRE,FREIRE - MACKAY,0, , ,UNIDIRECCIONAL,ASFALTO,BUENO,SECO,DESPEJADO,0,0,0,0
-8138720.25695964,-4409005.78695197,4401,2024,1659332,-36.783741,-73.111368,1,2024/12/25 00:00:00+00,1899/12/30 00:00:00+00,REGION BIO BIO,HUALPEN,VOLCADURA,VOLCADURA,URBANA,TRAMO DE VIA RECTA,VELOCIDAD IMPRUDENTE,VELOCIDAD MAYOR QUE MAXIMA PERMITIDA,GRAN BRETANA, ,- GRAN BRETANA,2846, , ,BIDIRECCIONAL,CONCRETO,BUENO,SECO,DESPEJADO,0,0,0,0
-8198846.47428537,-4524203.15254807,4402,2024,1659336,-37.608048,-73.651491,1,2024/12/24 00:00:00+00,1899/12/30 00:00:00+00,REGION BIO BIO,LEBU,CHOQUE POSTERIOR/FRENTE,CHOQUE,URBANA,TRAMO DE VIA RECTA,IMPRUDENCIA DEL CONDUCTOR,CONDUCCION NO ATENTO CONDICIONES TRANSITO MOMENTO,JOSE MIGUEL CARRERA,LATORRE,JOSE MIGUEL CARRERA - LATORRE,0, , ,UNIDIRECCIONAL,ASFALTO,MALO,SECO,DESPEJADO,0,0,0,0
-8139245.4623172,-4408866.37811963,4403,2024,1659355,-36.782738,-73.116086,1,2024/12/24 00:00:00+00,1899/12/30 00:00:00+00,REGION BIO BIO,HUALPEN,CHOQUE FRENTE/LADO,CHOQUE,URBANA,TRAMO DE VIA RECTA,IMPRUDENCIA DEL CONDUCTOR,CONDUCCION NO ATENTO CONDICIONES TRANSITO MOMENTO,PRAGA, ,- PRAGA,2674, , ,BIDIRECCIONAL,CONCRETO,BUENO,SECO,DESPEJADO,0,0,0,0
-8056285.83631791,-4504743.5378002,4404,2024,1659362,-37.469435,-72.370847,1,2024/12/12 00:00:00+00,1899/12/30 00:00:00+00,REGION BIO BIO,LOS ANGELES,COLISION,COLISION,URBANA,CRUCE CON SEMAFORO FUNCIONANDO,IMPRUDENCIA DEL CONDUCTOR,CONDUCCION CAMBIAR SORPRESIVAMENTE PISTA CIRCULACION,OCTAVIO JARA WOLF,PADRE HURTADO,OCTAVIO JARA WOLF - PADRE HURTADO,0, , ,BIDIRECCIONAL,ASFALTO,BUENO,SECO,DESPEJADO,0,0,0,0
-8090191.52682373,-4508990.98226427,4405,2024,1659366,-37.499712,-72.675427,1,2024/12/13 00:00:00+00,1899/12/30 00:00:00+00,REGION BIO BIO,NACIMIENTO,CHOQUE,CHOQUE,URBANA,TRAMO DE VIA RECTA,IMPRUDENCIA DEL CONDUCTOR,CONDUCCION NO ATENTO CONDICIONES TRANSITO MOMENTO,LA CRUZ, ,- LA CRUZ,346, , ,UNIDIRECCIONAL,ASFALTO,BUENO,SECO,DESPEJADO,0,0,0,0
-8131620.41115633,-4411749.44056221,4406,2024,1659384,-36.803478,-73.047589,1,2024/12/21 00:00:00+00,1899/12/30 00:00:00+00,REGION BIO BIO,CONCEPCION,COLISION LATERAL,COLISION,URBANA,TRAMO DE VIA RECTA,IMPRUDENCIA DEL CONDUCTOR,CONDUCCION NO ATENTO CONDICIONES TRANSITO MOMENTO,VENTUS,ESTER ROA,ESTER ROA - VENTUS,0, , ,UNIDIRECCIONAL,CONCRETO,BUENO,SECO,DESPEJADO,0,0,0,0
-8088114.86172298,-4509219.13629793,4407,2024,1659411,-37.501338,-72.656772,1,2024/12/20 00:00:00+00,1899/12/30 00:00:00+00,REGION BIO BIO,NACIMIENTO,VOLCADURA,VOLCADURA,RURAL,TRAMO DE VIA RECTA,ALCOHOL EN CONDUCTOR,CONDUCCION EN ESTADO DE EBRIEDAD,CAMINO VECINAL LA SUERTE, ,- CAMINO VECINAL LA SUERTE,4, , ,BIDIRECCIONAL,ASFALTO,BUENO,SECO,DESPEJADO,0,0,0,3
-8051857.43565466,-4501074.89648223,4408,2024,1659468,-37.443274,-72.331066,1,2024/12/26 00:00:00+00,1899/12/30 00:00:00+00,REGION BIO BIO,LOS ANGELES,COLISION LATERAL,COLISION,URBANA,CRUCE CON SENAL PARE,IMPRUDENCIA DEL CONDUCTOR,CONDUCCION NO ATENTO CONDICIONES TRANSITO MOMENTO,SOR VICENTA,MALALCAHUELLO,MALALCAHUELLO - SOR VICENTA,0, , ,BIDIRECCIONAL,CONCRETO,BUENO,SECO,DESPEJADO,0,1,0,0
-8088220.72655872,-4509369.41759141,4409,2024,1659471,-37.502409,-72.657723,1,2024/12/21 00:00:00+00,1899/12/30 00:00:00+00,REGION BIO BIO,NACIMIENTO,COLISION FRONTAL,COLISION,RURAL,TRAMO DE VIA RECTA,IMPRUDENCIA DEL CONDUCTOR,CONDUCCION POR IZQUIERDA EJE CALZADA,CAMINO VECINAL LOS GUINDOS, ,- CAMINO VECINAL LOS GUINDOS,38, , ,BIDIRECCIONAL,ASFALTO,BUENO,SECO,DESPEJADO,0,0,0,0
-8132267.73399529,-4417731.15754882,4410,2024,1659483,-36.846491,-73.053404,1,2024/12/26 00:00:00+00,1899/12/30 00:00:00+00,REGION BIO BIO,CONCEPCION,COLISION,COLISION,URBANA,PUENTE,IMPRUDENCIA DEL CONDUCTOR,CONDUCCION CAMBIAR SORPRESIVAMENTE PISTA CIRCULACION,CARDENAL RAUL SILVA HENRIQUEZ,LA MOCHITA,CARDENAL RAUL SILVA HENRIQUEZ - LA MOCHITA,0, , ,BIDIRECCIONAL CON BANDEJON,CONCRETO,BUENO,SECO,DESPEJADO,0,0,0,1
-8137125.9392125,-4409374.95813692,4411,2024,1659495,-36.786397,-73.097046,1,2024/12/26 00:00:00+00,1899/12/30 00:00:00+00,REGION BIO BIO,HUALPEN,CHOQUE,CHOQUE,URBANA,TRAMO DE VIA RECTA,IMPRUDENCIA DEL CONDUCTOR,CONDUCCION NO ATENTO CONDICIONES TRANSITO MOMENTO,TOSCANIA, ,- TOSCANIA,3199, , ,BIDIRECCIONAL,CONCRETO,BUENO,SECO,DESPEJADO,0,0,0,0
-8135994.82186654,-4408849.28224683,4412,2024,1659500,-36.782615,-73.086885,1,2024/12/25 00:00:00+00,1899/12/30 00:00:00+00,REGION BIO BIO,HUALPEN,COLISION,COLISION,URBANA,CRUCE CON SENAL CEDA EL PASO,DESOBEDIENCIA A SENALIZACION,SENALIZACION DESOBEDECER SENAL CEDA EL PASO,CRISTOBAL COLON,LAS GOLONDRINAS,CRISTOBAL COLON - LAS GOLONDRINAS,0, , ,BIDIRECCIONAL,CONCRETO,BUENO,SECO,DESPEJADO,0,1,0,0
-8088114.86172298,-4509219.13629793,4413,2024,1659506,-37.501338,-72.656772,1,2024/12/25 00:00:00+00,1899/12/30 00:00:00+00,REGION BIO BIO,NACIMIENTO,CAIDA,CAIDA,RURAL,TRAMO DE VIA CURVA HORIZONTAL,VELOCIDAD IMPRUDENTE,"VELOCIDAD NO REDUCIR CRUCE DE CALLES, CUMBRE, CURVA, ETC.",CAMINO VECINAL LA SUERTE, ,- CAMINO VECINAL LA SUERTE,15, , ,BIDIRECCIONAL,ASFALTO,BUENO,SECO,DESPEJADO,0,0,1,1
-8132289.32997651,-4415881.05951737,4414,2024,1659556,-36.83319,-73.053598,1,2024/12/23 00:00:00+00,1899/12/30 00:00:00+00,REGION BIO BIO,CONCEPCION,CHOQUE,CHOQUE,URBANA,TRAMO DE VIA RECTA,IMPRUDENCIA DEL CONDUCTOR,CONDUCCION NO ATENTO CONDICIONES TRANSITO MOMENTO,OBISPO HIPOLITO SALAS, ,- OBISPO HIPOLITO SALAS,89, , ,UNIDIRECCIONAL,CONCRETO,BUENO,SECO,DESPEJADO,0,0,0,0
-8152606.1389217,-4474719.72303726,4415,2024,1644611,-37.255067,-73.236107,1,2024/10/07 00:00:00+00,1899/12/30 00:00:00+00,REGION BIO BIO,ARAUCO,OTRO TIPO,OTRO TIPO,URBANA,TRAMO DE VIA RECTA,OTRAS CAUSAS,OTRAS CAUSAS,REPUBLICA, ,- REPUBLICA,104, , ,BIDIRECCIONAL,CONCRETO,BUENO,SECO,DESPEJADO,0,0,0,0
-8129267.56239893,-4428396.67435607,4416,2024,1649884,-36.923124,-73.026453,1,2024/11/02 00:00:00+00,1899/12/30 00:00:00+00,REGION BIO BIO,CHIGUAYANTE,COLISION POR ALCANCE,COLISION,URBANA,TRAMO DE VIA RECTA,IMPRUDENCIA DEL CONDUCTOR,CONDUCIR VEHICULO EN RETROCESO,MANUEL RODRIGUEZ,LOS CARRERA,LOS CARRERA - MANUEL RODRIGUEZ,0, , ,BIDIRECCIONAL,CONCRETO,BUENO,SECO,DESPEJADO,0,0,0,0
-8170753.33099133,-4551954.66804764,4417,2024,1644624,-37.805279,-73.399126,1,2024/10/03 00:00:00+00,1899/12/30 00:00:00+00,REGION BIO BIO,CANETE,COLISION,COLISION,URBANA,CRUCE CON SENAL CEDA EL PASO,IMPRUDENCIA DEL CONDUCTOR,CONDUCCION NO ATENTO CONDICIONES TRANSITO MOMENTO,SEGUNDO DE LINEA,LAUTARO,LAUTARO - SEGUNDO DE LINEA,0, , ,BIDIRECCIONAL,CONCRETO,BUENO,SECO,DESPEJADO,0,0,0,1
-8139080.59815133,-4398971.34277611,4418,2024,1634414,-36.711513,-73.114605,1,2024/08/27 00:00:00+00,1899/12/30 00:00:00+00,REGION BIO BIO,TALCAHUANO,COLISION LATERAL,COLISION,URBANA,TRAMO DE VIA RECTA,IMPRUDENCIA DEL CONDUCTOR,CONDUCCION CAMBIAR SORPRESIVAMENTE PISTA CIRCULACION,BLANCO ENCALADA, ,- BLANCO ENCALADA,69, , ,BIDIRECCIONAL CON BANDEJON,CONCRETO,BUENO,SECO,DESPEJADO,0,0,0,0
-8150800.09150307,-4474830.07130919,4419,2024,1644627,-37.255856,-73.219883,1,2024/10/10 00:00:00+00,1899/12/30 00:00:00+00,REGION BIO BIO,ARAUCO,CHOQUE POSTERIOR/LADO,CHOQUE,URBANA,TRAMO DE VIA RECTA,FALLAS MECANICAS,FALLAS MECANICAS NEUMATICOS,LA MESETA, ,- LA MESETA,195, , ,BIDIRECCIONAL,CONCRETO,BUENO,SECO,DESPEJADO,0,0,0,0
-8131663.49179927,-4415514.86143215,4420,2024,1638881,-36.830557,-73.047976,1,2024/09/24 00:00:00+00,1899/12/30 00:00:00+00,REGION BIO BIO,CONCEPCION,COLISION PERPENDICULAR,COLISION,URBANA,CRUCE SIN SENALIZACION,IMPRUDENCIA DEL CONDUCTOR,CONDUCCION NO ATENTO CONDICIONES TRANSITO MOMENTO,CHACABUCO,TRINITARIAS,CHACABUCO - TRINITARIAS,0, , ,BIDIRECCIONAL CON BANDEJON,CONCRETO,BUENO,SECO,DESPEJADO,0,0,0,0
-8128501.3503438,-4430598.1103385,4421,2024,1649896,-36.938932,-73.01957,1,2024/11/02 00:00:00+00,1899/12/30 00:00:00+00,REGION BIO BIO,CHIGUAYANTE,CHOQUE FRENTE/POSTERIOR,CHOQUE,URBANA,CRUCE CON SEMAFORO FUNCIONANDO,IMPRUDENCIA DEL CONDUCTOR,CONDUCCION NO ATENTO CONDICIONES TRANSITO MOMENTO,MANUEL RODRIGUEZ,LOS CASTANOS,LOS CASTANOS - MANUEL RODRIGUEZ,0, , ,BIDIRECCIONAL CON BANDEJON,CONCRETO,BUENO,SECO,DESPEJADO,0,0,0,0
-8128676.34458332,-4430094.36345455,4422,2024,1634415,-36.935315,-73.021142,1,2024/08/12 00:00:00+00,1899/12/30 00:00:00+00,REGION BIO BIO,CHIGUAYANTE,COLISION LATERAL,COLISION,URBANA,TRAMO DE VIA RECTA,IMPRUDENCIA DEL CONDUCTOR,CONDUCCION NO ATENTO CONDICIONES TRANSITO MOMENTO,LASTARRIA, ,- LASTARRIA,1165, , ,BIDIRECCIONAL,CONCRETO,BUENO,SECO,DESPEJADO,0,0,0,0
-8170183.04123999,-4550848.15189333,4423,2024,1644629,-37.797425,-73.394003,1,2024/10/03 00:00:00+00,1899/12/30 00:00:00+00,REGION BIO BIO,CANETE,CHOQUE,CHOQUE,URBANA,TRAMO DE VIA RECTA,IMPRUDENCIA DEL CONDUCTOR,CONDUCCION NO ATENTO CONDICIONES TRANSITO MOMENTO,PRESIDENTE EDUARDO FREI,TUCAPEL,PRESIDENTE EDUARDO FREI - TUCAPEL,0, , ,BIDIRECCIONAL,CONCRETO,BUENO,SECO,DESPEJADO,0,0,0,0
-8138975.51255202,-4407372.05226919,4424,2024,1639046,-36.771986,-73.113661,1,2024/09/13 00:00:00+00,1899/12/30 00:00:00+00,REGION BIO BIO,TALCAHUANO,CHOQUE FRENTE/POSTERIOR,CHOQUE,URBANA,CRUCE CON SEMAFORO FUNCIONANDO,IMPRUDENCIA DEL CONDUCTOR,CONDUCCION SIN MANTENER DISTANCIA RAZONABLE NI PRUDENTE,GRAN BRETANA, ,- GRAN BRETANA,5271, , ,BIDIRECCIONAL CON BANDEJON,CONCRETO,BUENO,SECO,DESPEJADO,0,0,0,1
-8094397.95642233,-4478663.46821682,4425,2024,1649912,-37.28326,-72.713214,1,2024/11/01 00:00:00+00,1899/12/30 00:00:00+00,REGION BIO BIO,LAJA,CHOQUE LADO/LADO,CHOQUE,URBANA,CRUCE CON SENAL PARE,IMPRUDENCIA DEL CONDUCTOR,CONDUCCION NO ATENTO CONDICIONES TRANSITO MOMENTO,FELIX EICHER,COSTANERA NORTE,COSTANERA NORTE - FELIX EICHER,0, , ,BIDIRECCIONAL,CONCRETO,BUENO,SECO,DESPEJADO,0,0,0,0
-8138134.93907705,-4400752.81322613,4426,2024,1634416,-36.724341,-73.10611,1,2024/08/19 00:00:00+00,1899/12/30 00:00:00+00,REGION BIO BIO,TALCAHUANO,CHOQUE FRENTE/POSTERIOR,CHOQUE,URBANA,CRUCE CON SEMAFORO FUNCIONANDO,IMPRUDENCIA DEL CONDUCTOR,CONDUCCION SIN MANTENER DISTANCIA RAZONABLE NI PRUDENTE,PEREZ GACITUA, ,- PEREZ GACITUA,35, , ,BIDIRECCIONAL CON BANDEJON,CONCRETO,BUENO,SECO,DESPEJADO,0,0,0,0
-8162054.1580638,-4473406.54143913,4427,2024,1644651,-37.245677,-73.32098,1,2024/10/11 00:00:00+00,1899/12/30 00:00:00+00,REGION BIO BIO,ARAUCO,COLISION POR ALCANCE,COLISION,URBANA,TRAMO DE VIA RECTA,IMPRUDENCIA DEL CONDUCTOR,CONDUCCION SIN MANTENER DISTANCIA RAZONABLE NI PRUDENTE,ARTURO PRAT, ,- ARTURO PRAT,237, , ,BIDIRECCIONAL CON BANDEJON,CONCRETO,BUENO,SECO,DESPEJADO,0,0,0,0
-8139805.51067538,-4403491.84198105,4428,2024,1639047,-36.74406,-73.121117,1,2024/09/12 00:00:00+00,1899/12/30 00:00:00+00,REGION BIO BIO,TALCAHUANO,COLISION FRONTAL,COLISION,URBANA,TRAMO DE VIA RECTA,IMPRUDENCIA DEL CONDUCTOR,CONDUCCION NO ATENTO CONDICIONES TRANSITO MOMENTO,GRAN BRETANA, ,- GRAN BRETANA,2120, , ,BIDIRECCIONAL CON BANDEJON,CONCRETO,BUENO,SECO,DESPEJADO,0,0,0,0
-8054190.24690373,-4503621.25531362,4429,2024,1644859,-37.461433,-72.352022,1,2024/10/15 00:00:00+00,1899/12/30 00:00:00+00,REGION BIO BIO,LOS ANGELES,CHOQUE FRENTE/POSTERIOR,CHOQUE,URBANA,CRUCE CON SEMAFORO FUNCIONANDO,IMPRUDENCIA DEL CONDUCTOR,CONDUCCION NO ATENTO CONDICIONES TRANSITO MOMENTO,VALDIVIA, ,- VALDIVIA,994, , ,UNIDIRECCIONAL,CONCRETO,BUENO,SECO,DESPEJADO,0,0,0,0
-8063669.54682274,-4452027.6265127,4430,2024,1649916,-37.092641,-72.437176,1,2024/11/02 00:00:00+00,1899/12/30 00:00:00+00,REGION BIO BIO,CABRERO,CHOQUE FRONTAL,CHOQUE,URBANA,TRAMO DE VIA RECTA,IMPRUDENCIA DEL CONDUCTOR,CONDUCCION NO ATENTO CONDICIONES TRANSITO MOMENTO,LAUTARO, ,- LAUTARO,258, , ,BIDIRECCIONAL,CONCRETO,BUENO,SECO,DESPEJADO,0,0,0,0
-8138129.03914403,-4402170.36967009,4431,2024,1634417,-36.734547,-73.106057,1,2024/08/26 00:00:00+00,1899/12/30 00:00:00+00,REGION BIO BIO,TALCAHUANO,COLISION LATERAL,COLISION,URBANA,CRUCE CON SEMAFORO FUNCIONANDO,FALLAS MECANICAS,FALLAS MECANICAS FRENOS,CRISTOBAL COLON, ,- CRISTOBAL COLON,2514, , ,BIDIRECCIONAL CON BANDEJON,CONCRETO,BUENO,SECO,DESPEJADO,0,0,0,2
-8138810.31442769,-4401244.20034566,4432,2024,1639048,-36.727879,-73.112177,1,2024/09/12 00:00:00+00,1899/12/30 00:00:00+00,REGION BIO BIO,TALCAHUANO,COLISION LATERAL,COLISION,URBANA,CRUCE SIN SENALIZACION,IMPRUDENCIA DEL CONDUCTOR,NO RESPETAR DERECHO PREFERENTE DE PASO A VEHICULO,CHACABUCO,BEAUCHEFF,BEAUCHEFF - CHACABUCO,0, , ,BIDIRECCIONAL,CONCRETO,BUENO,SECO,DESPEJADO,0,0,0,0
-8128676.34458332,-4430094.36345455,4433,2024,1649919,-36.935315,-73.021142,1,2024/11/02 00:00:00+00,1899/12/30 00:00:00+00,REGION BIO BIO,CHIGUAYANTE,COLISION PERPENDICULAR,COLISION,URBANA,CRUCE CON SENAL CEDA EL PASO,IMPRUDENCIA DEL CONDUCTOR,CONDUCCION NO ATENTO CONDICIONES TRANSITO MOMENTO,PROGRESO,AVENIDA CIENTO UNO,AVENIDA CIENTO UNO - PROGRESO,0, , ,BIDIRECCIONAL,CONCRETO,BUENO,SECO,DESPEJADO,0,0,0,1
-8132886.00244716,-4409072.92066967,4434,2024,1634418,-36.784224,-73.058958,1,2024/08/13 00:00:00+00,1899/12/30 00:00:00+00,REGION BIO BIO,CONCEPCION,COLISION LATERAL,COLISION,URBANA,TRAMO DE VIA RECTA,IMPRUDENCIA DEL CONDUCTOR,CONDUCCION NO ATENTO CONDICIONES TRANSITO MOMENTO,JORGE ALESSANDRI, ,- JORGE ALESSANDRI,804, , ,BIDIRECCIONAL CON BANDEJON,CONCRETO,BUENO,SECO,DESPEJADO,0,0,0,0
-8135779.52997135,-4407017.26405857,4435,2024,1639049,-36.769433,-73.084951,1,2024/09/15 00:00:00+00,1899/12/30 00:00:00+00,REGION BIO BIO,TALCAHUANO,COLISION LATERAL,COLISION,URBANA,TRAMO DE VIA RECTA,IMPRUDENCIA DEL CONDUCTOR,NO RESPETAR DERECHO PREFERENTE DE PASO A VEHICULO,ARTEAGA ALEMPARTE, ,- ARTEAGA ALEMPARTE,6015, , ,BIDIRECCIONAL,CONCRETO,BUENO,SECO,DESPEJADO,0,0,0,1
-8074035.7291249,-4520841.92288757,4436,2024,1649920,-37.584124,-72.530297,1,2024/11/11 00:00:00+00,1899/12/30 00:00:00+00,REGION BIO BIO,NEGRETE,ATROPELLO,ATROPELLO,URBANA,CRUCE CON SENAL PARE,IMPRUDENCIA DEL CONDUCTOR,CONDUCCION NO ATENTO CONDICIONES TRANSITO MOMENTO,10 DE JULIO,EMILIO SERRANO,10 DE JULIO - EMILIO SERRANO,0, , ,BIDIRECCIONAL,CONCRETO,BUENO,SECO,DESPEJADO,0,0,0,1
-8136989.46151678,-4404298.86384046,4437,2024,1634420,-36.749869,-73.09582,1,2024/08/28 00:00:00+00,1899/12/30 00:00:00+00,REGION BIO BIO,TALCAHUANO,CHOQUE POSTERIOR/FRENTE,CHOQUE,URBANA,TRAMO DE VIA RECTA,IMPRUDENCIA DEL CONDUCTOR,CONDUCCION CONTRA SENTIDO DEL TRANSITO,LAS HORTENSIAS, ,- LAS HORTENSIAS,880, , ,BIDIRECCIONAL,CONCRETO,BUENO,SECO,DESPEJADO,0,0,0,0
-8139408.21141274,-4401310.72962392,4438,2024,1639050,-36.728358,-73.117548,1,2024/09/05 00:00:00+00,1899/12/30 00:00:00+00,REGION BIO BIO,TALCAHUANO,VOLCADURA,VOLCADURA,URBANA,TRAMO DE VIA RECTA,VELOCIDAD IMPRUDENTE,VELOCIDAD NO RAZONABLE NI PRUDENTE,JUAN ANTONIO RIOS, ,- JUAN ANTONIO RIOS,182, , ,BIDIRECCIONAL,CONCRETO,BUENO,SECO,DESPEJADO,0,0,0,0
-8093320.82902941,-4475984.53178027,4439,2024,1649921,-37.26411,-72.703538,1,2024/11/02 00:00:00+00,1899/12/30 00:00:00+00,REGION BIO BIO,LAJA,CHOQUE FRENTE/POSTERIOR,CHOQUE,URBANA,TRAMO DE VIA RECTA,ALCOHOL EN CONDUCTOR,CONDUCCION EN ESTADO DE EBRIEDAD,CORCOLENES, ,- CORCOLENES,5228, , ,BIDIRECCIONAL,ASFALTO,BUENO,SECO,DESPEJADO,0,0,0,0
-8152049.09618977,-4581750.33063015,4440,2024,1644863,-38.016453,-73.231103,1,2024/10/18 00:00:00+00,1899/12/30 00:00:00+00,REGION BIO BIO,CONTULMO,ATROPELLO,ATROPELLO,URBANA,TRAMO DE VIA RECTA,IMPRUDENCIA DEL CONDUCTOR,CONDUCCION NO ATENTO CONDICIONES TRANSITO MOMENTO,LOS NOTROS,TEGUALDA,LOS NOTROS - TEGUALDA,0, , ,BIDIRECCIONAL,CONCRETO,BUENO,SECO,DESPEJADO,0,0,0,1
-8131478.03352761,-4413638.17234769,4441,2024,1634421,-36.817062,-73.04631,1,2024/08/13 00:00:00+00,1899/12/30 00:00:00+00,REGION BIO BIO,CONCEPCION,COLISION LATERAL,COLISION,URBANA,CRUCE CON SEMAFORO FUNCIONANDO,IMPRUDENCIA DEL CONDUCTOR,CONDUCCION NO ATENTO CONDICIONES TRANSITO MOMENTO,PAICAVI,MANUEL BULNES,MANUEL BULNES - PAICAVI,0, , ,BIDIRECCIONAL CON BANDEJON,CONCRETO,BUENO,SECO,DESPEJADO,0,0,0,0
-8139345.09326146,-4400814.20065655,4442,2024,1639051,-36.724783,-73.116981,1,2024/09/13 00:00:00+00,1899/12/30 00:00:00+00,REGION BIO BIO,TALCAHUANO,COLISION LATERAL,COLISION,URBANA,TRAMO DE VIA RECTA,IMPRUDENCIA DEL CONDUCTOR,NO RESPETAR DERECHO PREFERENTE DE PASO A VEHICULO,PRESIDENTE JORGE ALESSANDRI, ,- PRESIDENTE JORGE ALESSANDRI,5001, , ,UNIDIRECCIONAL,CONCRETO,BUENO,SECO,DESPEJADO,0,0,0,0
-8131066.81932862,-4420709.71113557,4443,2024,1649929,-36.8679,-73.042616,1,2024/11/03 00:00:00+00,1899/12/30 00:00:00+00,REGION BIO BIO,CHIGUAYANTE,COLISION PERPENDICULAR,COLISION,URBANA,CRUCE CON SEMAFORO FUNCIONANDO,DESOBEDIENCIA A SENALIZACION,SENALIZACION DESOBEDECER LUZ ROJA DE SEMAFORO,CAMINO A CHIGUAYANTE,PASCUAL BINIMELIS,CAMINO A CHIGUAYANTE - PASCUAL BINIMELIS,0, , ,BIDIRECCIONAL CON BANDEJON,CONCRETO,BUENO,MOJADO,LLUVIA,0,0,0,0
-8057945.60992564,-4504275.36786863,4444,2024,1644874,-37.466097,-72.385757,1,2024/10/15 00:00:00+00,1899/12/30 00:00:00+00,REGION BIO BIO,LOS ANGELES,CHOQUE FRONTAL,CHOQUE,URBANA,TRAMO DE VIA RECTA,IMPRUDENCIA DEL CONDUCTOR,CONDUCCION NO ATENTO CONDICIONES TRANSITO MOMENTO,EL AROMO, ,- EL AROMO,1071, , ,BIDIRECCIONAL,RIPIO,MALO, ,DESPEJADO,0,0,0,0
-8139549.14188808,-4400741.8413018,4445,2024,1639052,-36.724262,-73.118814,1,2024/09/13 00:00:00+00,1899/12/30 00:00:00+00,REGION BIO BIO,TALCAHUANO,CHOQUE LADO/LADO,CHOQUE,URBANA,TRAMO DE VIA RECTA,IMPRUDENCIA DEL CONDUCTOR,CONDUCCION NO ATENTO CONDICIONES TRANSITO MOMENTO,ESPANA, ,- ESPANA,655, , ,BIDIRECCIONAL,CONCRETO,BUENO,SECO,DESPEJADO,0,0,0,0
-8059575.21595136,-4444060.08980852,4446,2024,1649943,-37.035528,-72.400396,1,2024/11/04 00:00:00+00,1899/12/30 00:00:00+00,REGION BIO BIO,CABRERO,CHOQUE POSTERIOR/FRENTE,CHOQUE,URBANA,VIA PRIVADA DE USO PUBLICO,IMPRUDENCIA DEL CONDUCTOR,CONDUCCION NO ATENTO CONDICIONES TRANSITO MOMENTO,MEMBRILLAR,GENERAL CRUZ,GENERAL CRUZ - MEMBRILLAR,0, , ,UNIDIRECCIONAL,ASFALTO,BUENO,SECO,DESPEJADO,0,0,0,0
-8136259.09433769,-4406444.87508105,4447,2024,1634423,-36.765314,-73.089259,1,2024/08/27 00:00:00+00,1899/12/30 00:00:00+00,REGION BIO BIO,TALCAHUANO,OTRO TIPO,OTRO TIPO,URBANA,TRAMO DE VIA RECTA,VELOCIDAD IMPRUDENTE,VELOCIDAD MAYOR QUE MAXIMA PERMITIDA,LAGO LLANQUIHUE, ,- LAGO LLANQUIHUE,140, , ,BIDIRECCIONAL,CONCRETO,BUENO,SECO,DESPEJADO,0,1,0,1
-8161917.90300706,-4473455.06611132,4448,2024,1644878,-37.246024,-73.319756,1,2024/10/12 00:00:00+00,1899/12/30 00:00:00+00,REGION BIO BIO,ARAUCO,ATROPELLO,ATROPELLO,URBANA,PASO PARA PEATONES,ALCOHOL EN PEATON,EBRIEDAD DEL PEATON,CARLOS CONDELL,SERRANO,CARLOS CONDELL - SERRANO,0, , ,UNIDIRECCIONAL,CONCRETO,BUENO,SECO,DESPEJADO,0,1,0,0
-8137092.09808729,-4403486.56298942,4449,2024,1639053,-36.744022,-73.096742,1,2024/06/29 00:00:00+00,1899/12/30 00:00:00+00,REGION BIO BIO,TALCAHUANO,COLISION POR ALCANCE,COLISION,URBANA,TRAMO DE VIA RECTA,IMPRUDENCIA DEL CONDUCTOR,CONDUCCION SIN MANTENER DISTANCIA RAZONABLE NI PRUDENTE,CRISTOBAL COLON, ,- CRISTOBAL COLON,3309, , ,BIDIRECCIONAL CON BANDEJON,CONCRETO,BUENO,SECO,DESPEJADO,0,0,0,1
-8060231.44434959,-4444165.51626588,4450,2024,1649946,-37.036284,-72.406291,1,2024/11/04 00:00:00+00,1899/12/30 00:00:00+00,REGION BIO BIO,CABRERO,CHOQUE FRONTAL,CHOQUE,URBANA,CRUCE CON SENAL PARE,IMPRUDENCIA DEL CONDUCTOR,CONDUCCION NO ATENTO CONDICIONES TRANSITO MOMENTO,ARTURO PRAT,VIAL,ARTURO PRAT - VIAL,0, , ,UNIDIRECCIONAL,ASFALTO,BUENO,SECO,DESPEJADO,0,0,0,0