X,Y,FID,Año,IdAccident,Latitud,longitud,ClaseAccid,Fecha,Hora,Región,Comuna,Tipo_Accid,Tipo__CONA,Zona,Ubicación,Causa__CON,Causa_Acci,Calle_Uno,Calle_Dos,Intersecci,Número,Ruta,Ubicaci_1,Calzada,Tipo_Calza,Estado_Cal,Condición,Estado_Atm,Fallecidos,Graves,Menos_Grav,Leves
-8139085.16225046,-4407329.94400236,4553,2024,1650270,-36.771683,-73.114646,1,2024/11/12 00:00:00+00,1899/12/30 00:00:00+00,REGION BIO BIO,HUALPEN,COLISION,COLISION,URBANA,ROTONDA,IMPRUDENCIA DEL CONDUCTOR,CONDUCCION CAMBIAR SORPRESIVAMENTE PISTA CIRCULACION,COSTANERA,GRAN BRETANA,COSTANERA - GRAN BRETANA,0, , ,BIDIRECCIONAL,CONCRETO,BUENO,SECO,DESPEJADO,0,0,0,0
-8132133.26005042,-4415893.29878992,4554,2024,1639906,-36.833278,-73.052196,1,2024/09/26 00:00:00+00,1899/12/30 00:00:00+00,REGION BIO BIO,CONCEPCION,COLISION LATERAL,COLISION,URBANA,TRAMO DE VIA RECTA,IMPRUDENCIA DEL CONDUCTOR,CONDUCCION NO ATENTO CONDICIONES TRANSITO MOMENTO,ANGOL, ,- ANGOL,47, , ,UNIDIRECCIONAL,CONCRETO,BUENO,SECO,DESPEJADO,0,0,0,0
-8052953.04208305,-4504938.49789146,4555,2024,1645133,-37.470825,-72.340908,1,2024/10/18 00:00:00+00,1899/12/30 00:00:00+00,REGION BIO BIO,LOS ANGELES,CHOQUE FRENTE/POSTERIOR,CHOQUE,URBANA,TRAMO DE VIA RECTA,ALCOHOL EN CONDUCTOR,CONDUCCION EN ESTADO DE EBRIEDAD,BALMACEDA, ,- BALMACEDA,399, , ,BIDIRECCIONAL,CONCRETO,BUENO,SECO,DESPEJADO,0,0,0,2
-8136298.72407641,-4405502.77226326,4556,2024,1634799,-36.758534,-73.089615,1,2024/08/25 00:00:00+00,1899/12/30 00:00:00+00,REGION BIO BIO,TALCAHUANO,CAIDA,CAIDA,URBANA,TRAMO DE VIA RECTA,IMPRUDENCIA DEL PASAJERO,PASAJERO SUBE O DESCIENDE DE VEHICULO MOVIMIENTO,CRISTOBAL COLON, ,- CRISTOBAL COLON,5145, , ,BIDIRECCIONAL CON BANDEJON,CONCRETO,BUENO,SECO,DESPEJADO,0,0,0,1
-8131730.39481323,-4415563.39968658,4557,2024,1639910,-36.830906,-73.048577,1,2024/09/26 00:00:00+00,1899/12/30 00:00:00+00,REGION BIO BIO,CONCEPCION,COLISION LATERAL,COLISION,URBANA,TRAMO DE VIA RECTA,IMPRUDENCIA DEL CONDUCTOR,CONDUCCION CAMBIAR SORPRESIVAMENTE PISTA CIRCULACION,CHACABUCO,CAUPOLICAN,CAUPOLICAN - CHACABUCO,0, , ,BIDIRECCIONAL CON BANDEJON,CONCRETO,BUENO,SECO,DESPEJADO,0,0,0,0
-8137913.41329037,-4409412.20955455,4558,2024,1650272,-36.786665,-73.10412,1,2024/11/12 00:00:00+00,1899/12/30 00:00:00+00,REGION BIO BIO,HUALPEN,COLISION,COLISION,URBANA,CRUCE CON SEMAFORO FUNCIONANDO,IMPRUDENCIA DEL CONDUCTOR,ADELANTAMIENTO SIN EL ESPACIO O TIEMPO SUFICIENTE,GRECIA,BULGARIA,BULGARIA - GRECIA,0, , ,BIDIRECCIONAL,CONCRETO,BUENO,SECO,DESPEJADO,0,0,0,0
-8051667.07932541,-4507312.25248491,4559,2024,1645138,-37.487747,-72.329356,1,2024/10/18 00:00:00+00,1899/12/30 00:00:00+00,REGION BIO BIO,LOS ANGELES,COLISION,COLISION,URBANA,TRAMO DE VIA RECTA,IMPRUDENCIA DEL CONDUCTOR,CONDUCCION NO ATENTO CONDICIONES TRANSITO MOMENTO,TOLPAN,CALI,CALI - TOLPAN,0, , ,UNIDIRECCIONAL,CONCRETO,BUENO,SECO,DESPEJADO,0,0,0,0
-8136788.5298359,-4403987.38422924,4560,2024,1634800,-36.747627,-73.094015,1,2024/08/22 00:00:00+00,1899/12/30 00:00:00+00,REGION BIO BIO,TALCAHUANO,CHOQUE FRENTE/POSTERIOR,CHOQUE,URBANA,CRUCE CON SEMAFORO FUNCIONANDO,IMPRUDENCIA DEL CONDUCTOR,CONDUCCION SIN MANTENER DISTANCIA RAZONABLE NI PRUDENTE,CRISTOBAL COLON, ,- CRISTOBAL COLON,3601, , ,BIDIRECCIONAL CON BANDEJON,CONCRETO,BUENO,SECO,DESPEJADO,0,0,0,0
-8124662.05242583,-4413510.10507398,4561,2024,1639911,-36.816141,-72.985081,1,2024/09/26 00:00:00+00,1899/12/30 00:00:00+00,REGION BIO BIO,CONCEPCION,CHOQUE,CHOQUE,URBANA,CIRCUITO PRIVADO,IMPRUDENCIA DEL CONDUCTOR,CONDUCCION NO ATENTO CONDICIONES TRANSITO MOMENTO,21 DE MAYO, ,- 21 DE MAYO,3225, , ,BIDIRECCIONAL,CONCRETO,BUENO,SECO,DESPEJADO,0,0,0,0
-8139085.16225046,-4407329.94400236,4562,2024,1650274,-36.771683,-73.114646,1,2024/11/12 00:00:00+00,1899/12/30 00:00:00+00,REGION BIO BIO,HUALPEN,COLISION,COLISION,URBANA,ROTONDA,IMPRUDENCIA DEL CONDUCTOR,CONDUCCION CAMBIAR SORPRESIVAMENTE PISTA CIRCULACION,COSTANERA,GRAN BRETANA,COSTANERA - GRAN BRETANA,0, , ,BIDIRECCIONAL,CONCRETO,BUENO,SECO,DESPEJADO,0,0,0,0
-8054398.08039304,-4505151.41528384,4563,2024,1645140,-37.472343,-72.353889,1,2024/10/18 00:00:00+00,1899/12/30 00:00:00+00,REGION BIO BIO,LOS ANGELES,CHOQUE FRENTE/POSTERIOR,CHOQUE,URBANA,TRAMO DE VIA RECTA,IMPRUDENCIA DEL CONDUCTOR,CONDUCCION NO ATENTO CONDICIONES TRANSITO MOMENTO,BALMACEDA,RICARDO VICUNA,BALMACEDA - RICARDO VICUNA,0, , ,BIDIRECCIONAL,CONCRETO,BUENO,SECO,DESPEJADO,0,0,0,1
-8138514.20458218,-4401344.34165089,4564,2024,1634801,-36.7286,-73.109517,1,2024/05/26 00:00:00+00,1899/12/30 00:00:00+00,REGION BIO BIO,TALCAHUANO,VOLCADURA,VOLCADURA,URBANA,TRAMO DE VIA RECTA,VELOCIDAD IMPRUDENTE,VELOCIDAD NO RAZONABLE NI PRUDENTE,PEREZ GACITUA, ,- PEREZ GACITUA,2007, , ,BIDIRECCIONAL CON BANDEJON,CONCRETO,BUENO,SECO,DESPEJADO,0,0,0,0
-8131590.91149127,-4415104.31175887,4565,2024,1650428,-36.827605,-73.047324,1,2024/11/12 00:00:00+00,1899/12/30 00:00:00+00,REGION BIO BIO,CONCEPCION,CHOQUE,CHOQUE,URBANA,TRAMO DE VIA RECTA,IMPRUDENCIA DEL CONDUCTOR,CONDUCCION NO ATENTO CONDICIONES TRANSITO MOMENTO,COLO COLO, ,- COLO COLO,304, , ,UNIDIRECCIONAL,CONCRETO,BUENO,SECO,DESPEJADO,0,0,0,0
-8135982.98130212,-4408601.59243962,4566,2024,1639915,-36.780833,-73.086779,1,2024/09/27 00:00:00+00,1899/12/30 00:00:00+00,REGION BIO BIO,TALCAHUANO,CHOQUE,CHOQUE,URBANA,CRUCE CON SEMAFORO FUNCIONANDO,IMPRUDENCIA DEL CONDUCTOR,CONDUCCION NO ATENTO CONDICIONES TRANSITO MOMENTO,SAN MIGUEL,CRISTOBAL COLON,CRISTOBAL COLON - SAN MIGUEL,0, , ,UNIDIRECCIONAL,CONCRETO,BUENO,SECO,DESPEJADO,0,0,0,0
-8059866.20510029,-4504360.22036449,4567,2024,1645143,-37.466702,-72.40301,1,2024/10/18 00:00:00+00,1899/12/30 00:00:00+00,REGION BIO BIO,LOS ANGELES,CHOQUE FRONTAL,CHOQUE,URBANA,TRAMO DE VIA RECTA,IMPRUDENCIA DEL CONDUCTOR,CONDUCCION NO ATENTO CONDICIONES TRANSITO MOMENTO,EL SOMBRERITO,NELTUME,EL SOMBRERITO - NELTUME,0, , ,BIDIRECCIONAL,TIERRA,REGULAR, ,DESPEJADO,0,0,0,0
-8138649.90304145,-4401215.03315202,4568,2024,1634803,-36.727669,-73.110736,1,2024/08/23 00:00:00+00,1899/12/30 00:00:00+00,REGION BIO BIO,TALCAHUANO,COLISION LATERAL,COLISION,URBANA,CRUCE CON SEMAFORO FUNCIONANDO,DESOBEDIENCIA A SENALIZACION,SENALIZACION DESOBEDECER LUZ ROJA DE SEMAFORO,CRISTOBAL COLON,CHACABUCO,CHACABUCO - CRISTOBAL COLON,0, , ,UNIDIRECCIONAL,CONCRETO,BUENO,SECO,DESPEJADO,0,0,0,1
-8130747.88898749,-4415050.07365736,4569,2024,1650430,-36.827215,-73.039751,1,2024/11/12 00:00:00+00,1899/12/30 00:00:00+00,REGION BIO BIO,CONCEPCION,COLISION LATERAL,COLISION,URBANA,CRUCE CON SEMAFORO FUNCIONANDO,IMPRUDENCIA DEL CONDUCTOR,CONDUCCION NO ATENTO CONDICIONES TRANSITO MOMENTO,CHACABUCO,PAICAVI,CHACABUCO - PAICAVI,0, , ,BIDIRECCIONAL CON BANDEJON,CONCRETO,BUENO,SECO,DESPEJADO,0,0,0,0
-8122826.83930061,-4384232.29213529,4570,2024,1645151,-36.605298,-72.968595,1,2024/10/19 00:00:00+00,1899/12/30 00:00:00+00,REGION BIO BIO,TOME,COLISION LATERAL,COLISION,URBANA,TRAMO DE VIA RECTA,IMPRUDENCIA DEL CONDUCTOR,CONDUCCION NO ATENTO CONDICIONES TRANSITO MOMENTO,VILLARRICA, ,- VILLARRICA,215, , ,BIDIRECCIONAL,ASFALTO,BUENO,SECO,DESPEJADO,0,0,0,0
-8164190.15645314,-4505505.02480252,4571,2024,1639918,-37.474864,-73.340168,1,2024/09/27 00:00:00+00,1899/12/30 00:00:00+00,REGION BIO BIO,CURANILAHUE,COLISION POR ALCANCE,COLISION,URBANA,CRUCE CON SENAL CEDA EL PASO,IMPRUDENCIA DEL CONDUCTOR,CONDUCCION NO ATENTO CONDICIONES TRANSITO MOMENTO,ALAMEDA,GUACOLDA,ALAMEDA - GUACOLDA,0, , ,BIDIRECCIONAL,CONCRETO,BUENO,SECO,DESPEJADO,0,0,0,0
-8134587.18690546,-4407292.83883586,4572,2024,1634804,-36.771416,-73.07424,1,2024/08/22 00:00:00+00,1899/12/30 00:00:00+00,REGION BIO BIO,TALCAHUANO,COLISION LATERAL,COLISION,URBANA,CRUCE SIN SENALIZACION,IMPRUDENCIA DEL CONDUCTOR,NO RESPETAR DERECHO PREFERENTE DE PASO A VEHICULO,CALLE G,IFARLE ORIENTE,CALLE G - IFARLE ORIENTE,0, , ,BIDIRECCIONAL,CONCRETO,BUENO,SECO,DESPEJADO,0,1,0,1
-8124856.52757624,-4413756.50732216,4573,2024,1650434,-36.817913,-72.986828,1,2024/10/29 00:00:00+00,1899/12/30 00:00:00+00,REGION BIO BIO,CONCEPCION,CHOQUE POSTERIOR,CHOQUE,URBANA,TRAMO DE VIA RECTA,IMPRUDENCIA DEL CONDUCTOR,CONDUCCION NO ATENTO CONDICIONES TRANSITO MOMENTO,21 DE MAYO, ,- 21 DE MAYO,2979, , ,BIDIRECCIONAL CON BANDEJON,CONCRETO,BUENO,SECO,DESPEJADO,0,0,0,0
-8125514.87104479,-4402798.37156705,4574,2024,1645155,-36.739068,-72.992742,1,2024/10/09 00:00:00+00,1899/12/30 00:00:00+00,REGION BIO BIO,PENCO,COLISION FRONTAL,COLISION,URBANA,TRAMO DE VIA RECTA,IMPRUDENCIA DEL CONDUCTOR,CONDUCCION NO ATENTO CONDICIONES TRANSITO MOMENTO,ANDRES BELLO, ,- ANDRES BELLO,18, , ,UNIDIRECCIONAL,ASFALTO,BUENO,SECO,DESPEJADO,0,0,0,0
-8135051.61182105,-4408451.08126509,4575,2024,1639920,-36.77975,-73.078412,1,2024/09/27 00:00:00+00,1899/12/30 00:00:00+00,REGION BIO BIO,TALCAHUANO,CHOQUE,CHOQUE,URBANA,TRAMO DE VIA RECTA,IMPRUDENCIA DEL CONDUCTOR,CONDUCIR VEHICULO EN RETROCESO,AMERICO VESPUCIO, ,- AMERICO VESPUCIO,434, , ,UNIDIRECCIONAL,CONCRETO,BUENO,SECO,DESPEJADO,0,0,0,0
-8139064.1228667,-4399064.38072092,4576,2024,1634805,-36.712183,-73.114457,1,2024/08/28 00:00:00+00,1899/12/30 00:00:00+00,REGION BIO BIO,TALCAHUANO,COLISION LATERAL,COLISION,URBANA,TRAMO DE VIA RECTA,IMPRUDENCIA DEL CONDUCTOR,CONDUCCION CAMBIAR SORPRESIVAMENTE PISTA CIRCULACION,BLANCO ENCALADA, ,- BLANCO ENCALADA,186, , ,BIDIRECCIONAL CON BANDEJON,CONCRETO,BUENO,SECO,DESPEJADO,0,0,0,1
-8164529.01298311,-4505935.23540899,4577,2024,1650438,-37.477931,-73.343212,1,2024/11/02 00:00:00+00,1899/12/30 00:00:00+00,REGION BIO BIO,CURANILAHUE,OTRO TIPO,OTRO TIPO,URBANA,CRUCE SIN SENALIZACION,OTRAS CAUSAS,OTRAS CAUSAS,AUGUSTO D'HALMAR,RIO TRONGOL,AUGUSTO D'HALMAR - RIO TRONGOL,0, , ,BIDIRECCIONAL,ASFALTO,BUENO,SECO,DESPEJADO,0,0,0,0
-8128291.29046467,-4414456.25406443,4578,2024,1650440,-36.822945,-73.017683,1,2024/11/13 00:00:00+00,1899/12/30 00:00:00+00,REGION BIO BIO,CONCEPCION,COLISION PERPENDICULAR,COLISION,URBANA,CRUCE CON SENAL CEDA EL PASO,DESOBEDIENCIA A SENALIZACION,SENALIZACION DESOBEDECER SENAL CEDA EL PASO,ZANARTU,LOS CARRERA,LOS CARRERA - ZANARTU,0, , ,UNIDIRECCIONAL,CONCRETO,BUENO,SECO,DESPEJADO,0,0,0,0
-8130952.49421157,-4414950.35971516,4579,2024,1650445,-36.826498,-73.041589,1,2024/11/13 00:00:00+00,1899/12/30 00:00:00+00,REGION BIO BIO,CONCEPCION,ATROPELLO,ATROPELLO,URBANA,TRAMO DE VIA RECTA,IMPRUDENCIA DEL PEATON,PEATON CRUZA CALZADA FORMA SORPRESIVA O DESCUIDADA,DIAGONAL PEDRO AGUIRRE CERDA,ONGOLMO,DIAGONAL PEDRO AGUIRRE CERDA - ONGOLMO,0, , ,UNIDIRECCIONAL,CONCRETO,BUENO,SECO,DESPEJADO,0,0,0,1
-8129740.33627632,-4426987.31542019,4580,2024,1650446,-36.913002,-73.0307,1,2024/11/08 00:00:00+00,1899/12/30 00:00:00+00,REGION BIO BIO,CHIGUAYANTE,CHOQUE FRENTE/POSTERIOR,CHOQUE,URBANA,CRUCE CON SEMAFORO FUNCIONANDO,IMPRUDENCIA DEL CONDUCTOR,CONDUCCION NO ATENTO CONDICIONES TRANSITO MOMENTO,8 ORIENTE,LAS ARAUCARIAS,8 ORIENTE - LAS ARAUCARIAS,0, , ,BIDIRECCIONAL CON BANDEJON,CONCRETO,BUENO,HUMEDO,NUBLADO,0,0,0,2
-8133155.06165641,-4414876.3745209,4581,2024,1650447,-36.825966,-73.061375,1,2024/11/13 00:00:00+00,1899/12/30 00:00:00+00,REGION BIO BIO,CONCEPCION,ATROPELLO,ATROPELLO,URBANA,CRUCE CON SEMAFORO FUNCIONANDO,IMPRUDENCIA DEL CONDUCTOR,NO RESPETAR DERECHO PREFERENTE DE PASO A PEATON,ARTURO PRAT,LAS HERAS,ARTURO PRAT - LAS HERAS,0, , ,UNIDIRECCIONAL,CONCRETO,BUENO,SECO,DESPEJADO,0,0,1,0
-8127683.04076697,-4433298.72389586,4582,2024,1650448,-36.95832,-73.012219,1,2024/11/09 00:00:00+00,1899/12/30 00:00:00+00,REGION BIO BIO,CHIGUAYANTE,COLISION LATERAL,COLISION,URBANA,TRAMO DE VIA RECTA,IMPRUDENCIA DEL CONDUCTOR,CONDUCCION NO ATENTO CONDICIONES TRANSITO MOMENTO,MANUEL RODRIGUEZ,12 DE OCTUBRE,12 DE OCTUBRE - MANUEL RODRIGUEZ,0, , ,BIDIRECCIONAL CON BANDEJON,CONCRETO,BUENO,MOJADO,LLOVIZNA,0,0,0,0
-8128676.34458332,-4430094.36345455,4583,2024,1650450,-36.935315,-73.021142,1,2024/11/02 00:00:00+00,1899/12/30 00:00:00+00,REGION BIO BIO,CHIGUAYANTE,CHOQUE FRENTE/POSTERIOR,CHOQUE,URBANA,CRUCE CON SEMAFORO FUNCIONANDO,ALCOHOL EN CONDUCTOR,CONDUCCION EN ESTADO DE EBRIEDAD,MANUEL RODRIGUEZ,LOCAL,LOCAL - MANUEL RODRIGUEZ,0, , ,BIDIRECCIONAL,CONCRETO,BUENO,SECO,NUBLADO,0,0,0,0
-8129428.6417021,-4427767.71681193,4584,2024,1650453,-36.918607,-73.0279,1,2024/11/05 00:00:00+00,1899/12/30 00:00:00+00,REGION BIO BIO,CHIGUAYANTE,COLISION POR ALCANCE,COLISION,URBANA,TRAMO DE VIA RECTA,IMPRUDENCIA DEL CONDUCTOR,CONDUCCION SIN MANTENER DISTANCIA RAZONABLE NI PRUDENTE,MANUEL RODRIGUEZ,QUINTANILLA,MANUEL RODRIGUEZ - QUINTANILLA,0, , ,BIDIRECCIONAL CON BANDEJON,CONCRETO,BUENO,SECO,DESPEJADO,0,1,0,1
-8129367.97257962,-4412820.29254922,4585,2024,1650456,-36.81118,-73.027355,1,2024/11/14 00:00:00+00,1899/12/30 00:00:00+00,REGION BIO BIO,CONCEPCION,CHOQUE POSTERIOR,CHOQUE,URBANA,ROTONDA,IMPRUDENCIA DEL CONDUCTOR,CONDUCCION SIN MANTENER DISTANCIA RAZONABLE NI PRUDENTE,GENERAL BONILLA,JUAN BOSCO,GENERAL BONILLA - JUAN BOSCO,0, , ,UNIDIRECCIONAL,CONCRETO,BUENO,SECO,DESPEJADO,0,0,0,0
-8132520.20660041,-4416562.16862841,4586,2024,1650469,-36.838087,-73.055672,1,2024/11/07 00:00:00+00,1899/12/30 00:00:00+00,REGION BIO BIO,CONCEPCION,CHOQUE,CHOQUE,URBANA,CRUCE CON SEMAFORO FUNCIONANDO,IMPRUDENCIA DEL CONDUCTOR,CONDUCCION NO ATENTO CONDICIONES TRANSITO MOMENTO,PEDRO DE VALDIVIA,ERCILLA,ERCILLA - PEDRO DE VALDIVIA,0, , ,BIDIRECCIONAL CON BANDEJON,CONCRETO,BUENO,SECO,DESPEJADO,0,0,0,0
-8164529.01298311,-4505935.23540899,4587,2024,1650482,-37.477931,-73.343212,1,2024/11/13 00:00:00+00,1899/12/30 00:00:00+00,REGION BIO BIO,CURANILAHUE,COLISION LATERAL,COLISION,URBANA,TRAMO DE VIA RECTA,IMPRUDENCIA DEL CONDUCTOR,NO RESPETAR DERECHO PREFERENTE DE PASO A VEHICULO,EDUARDO FREI, ,- EDUARDO FREI,1911, , ,BIDIRECCIONAL,CONCRETO,BUENO,SECO,DESPEJADO,0,0,1,0
-8143877.5776486,-4451717.67423626,4588,2024,1650493,-37.09042,-73.157697,1,2024/11/11 00:00:00+00,1899/12/30 00:00:00+00,REGION BIO BIO,LOTA,COLISION LATERAL,COLISION,URBANA,TRAMO DE VIA RECTA,IMPRUDENCIA DEL CONDUCTOR,CONDUCCION NO ATENTO CONDICIONES TRANSITO MOMENTO,SQUELLA, ,- SQUELLA,245, , ,UNIDIRECCIONAL,CONCRETO,BUENO,SECO,DESPEJADO,0,0,0,0
-8124081.40996185,-4399877.31692078,4589,2024,1650639,-36.718037,-72.979865,1,2024/10/27 00:00:00+00,1899/12/30 00:00:00+00,REGION BIO BIO,PENCO,CAIDA,CAIDA,URBANA,TRAMO DE VIA RECTA,IMPRUDENCIA DEL PASAJERO,IMPRUDENCIA DEL PASAJERO,ALCALDE RENE MENDOZA, ,- ALCALDE RENE MENDOZA,300, , ,UNIDIRECCIONAL,ASFALTO,BUENO,SECO,DESPEJADO,0,0,0,4
-8123648.48846215,-4399303.92244655,4590,2024,1650642,-36.713908,-72.975976,1,2024/10/29 00:00:00+00,1899/12/30 00:00:00+00,REGION BIO BIO,PENCO,COLISION LATERAL,COLISION,URBANA,TRAMO DE VIA RECTA,IMPRUDENCIA DEL CONDUCTOR,CONDUCCION NO ATENTO CONDICIONES TRANSITO MOMENTO,DAVID QUIROGA, ,- DAVID QUIROGA,300, , ,UNIDIRECCIONAL,ASFALTO,BUENO,SECO,DESPEJADO,0,0,0,2
-8126477.45068168,-4405045.22936164,4591,2024,1650643,-36.755241,-73.001389,1,2024/11/16 00:00:00+00,1899/12/30 00:00:00+00,REGION BIO BIO,PENCO,COLISION,COLISION,URBANA,CRUCE CON SEMAFORO FUNCIONANDO,IMPRUDENCIA DEL CONDUCTOR,CONDUCCION SIN MANTENER DISTANCIA RAZONABLE NI PRUDENTE,CAMINO A PENCO,CAMINO A LIRQUEN,CAMINO A LIRQUEN - CAMINO A PENCO,0, , ,BIDIRECCIONAL CON BANDEJON,CONCRETO,BUENO,SECO,DESPEJADO,0,0,0,0
-8177328.97331249,-4526942.08098787,4592,2024,1650648,-37.627537,-73.458196,1,2024/11/10 00:00:00+00,1899/12/30 00:00:00+00,REGION BIO BIO,LOS ALAMOS,COLISION PERPENDICULAR,COLISION,URBANA,TRAMO DE VIA RECTA,ALCOHOL EN CONDUCTOR,CONDUCCION EN ESTADO DE EBRIEDAD,IGNACIO CARRERA PINTO,PEDRO DE VALDIVIA,IGNACIO CARRERA PINTO - PEDRO DE VALDIVIA,0, , ,BIDIRECCIONAL CON BANDEJON,ASFALTO,BUENO,SECO,DESPEJADO,0,0,0,0
-8135506.9085384,-4410740.00188691,4593,2024,1650656,-36.796217,-73.082502,1,2024/11/14 00:00:00+00,1899/12/30 00:00:00+00,REGION BIO BIO,HUALPEN,COLISION,COLISION,URBANA,CRUCE CON SENAL PARE,DESOBEDIENCIA A SENALIZACION,SENALIZACION DESOBEDECER SENAL PARE,NUEVA IMPERIAL,ARTEAGA ALEMPARTE,ARTEAGA ALEMPARTE - NUEVA IMPERIAL,0, , ,BIDIRECCIONAL,CONCRETO,BUENO,SECO,DESPEJADO,0,0,0,0
-8135301.63539737,-4411945.33363522,4594,2024,1650660,-36.804887,-73.080658,1,2024/11/14 00:00:00+00,1899/12/30 00:00:00+00,REGION BIO BIO,HUALPEN,ATROPELLO,ATROPELLO,URBANA,TRAMO DE VIA RECTA,IMPRUDENCIA DEL CONDUCTOR,CONDUCCION NO ATENTO CONDICIONES TRANSITO MOMENTO,CRISTOBAL COLON, ,- CRISTOBAL COLON,9836, , ,BIDIRECCIONAL,CONCRETO,BUENO,SECO,DESPEJADO,0,0,0,1
-8139085.16225046,-4407329.94400236,4595,2024,1650670,-36.771683,-73.114646,1,2024/11/15 00:00:00+00,1899/12/30 00:00:00+00,REGION BIO BIO,HUALPEN,COLISION,COLISION,URBANA,ROTONDA,IMPRUDENCIA DEL CONDUCTOR,CONDUCCION CAMBIAR SORPRESIVAMENTE PISTA CIRCULACION,GRAN BRETANA,COSTANERA,COSTANERA - GRAN BRETANA,0, , ,BIDIRECCIONAL CON BANDEJON,CONCRETO,BUENO,SECO,DESPEJADO,0,0,0,0
-8137903.17189721,-4410095.82400185,4596,2024,1650674,-36.791583,-73.104028,1,2024/11/15 00:00:00+00,1899/12/30 00:00:00+00,REGION BIO BIO,HUALPEN,CHOQUE FRENTE/LADO,CHOQUE,URBANA,TRAMO DE VIA RECTA,IMPRUDENCIA DEL CONDUCTOR,CONDUCCION NO ATENTO CONDICIONES TRANSITO MOMENTO,CADIZ, ,- CADIZ,3593, , ,BIDIRECCIONAL,CONCRETO,BUENO,SECO,DESPEJADO,0,0,0,0
-8041793.04049204,-4540145.50255178,4597,2024,1650683,-37.721415,-72.240656,1,2024/11/05 00:00:00+00,1899/12/30 00:00:00+00,REGION BIO BIO,MULCHEN,CHOQUE,CHOQUE,URBANA,CRUCE SIN SENALIZACION,IMPRUDENCIA DEL CONDUCTOR,CONDUCCION NO ATENTO CONDICIONES TRANSITO MOMENTO,ANIBAL PINTO,SAN MARTIN,ANIBAL PINTO - SAN MARTIN,0, , ,UNIDIRECCIONAL,CONCRETO,BUENO,SECO,DESPEJADO,0,0,0,0
-8133088.82655938,-4416609.32074029,4598,2024,1650687,-36.838426,-73.06078,1,2024/11/15 00:00:00+00,1899/12/30 00:00:00+00,REGION BIO BIO,CONCEPCION,COLISION LATERAL,COLISION,URBANA,TRAMO DE VIA RECTA,IMPRUDENCIA DEL CONDUCTOR,CONDUCCION CAMBIAR SORPRESIVAMENTE PISTA CIRCULACION,COSTANERA,RANCAGUA,COSTANERA - RANCAGUA,0, , ,BIDIRECCIONAL CON BANDEJON,CONCRETO,BUENO,SECO,NUBLADO,0,0,0,0
-8133685.16507157,-4415299.84936339,4599,2024,1650710,-36.829011,-73.066137,1,2024/11/15 00:00:00+00,1899/12/30 00:00:00+00,REGION BIO BIO,CONCEPCION,COLISION,COLISION,URBANA,TRAMO DE VIA RECTA,DESOBEDIENCIA A SENALIZACION,SENALIZACION DESOBEDECER SENAL CEDA EL PASO,CALETERA LOS CARRERA,LOS CARRERA,CALETERA LOS CARRERA - LOS CARRERA,0, , ,BIDIRECCIONAL CON BANDEJON,CONCRETO,BUENO,SECO,DESPEJADO,0,0,0,0
-8131920.97378147,-4415839.61299445,4600,2024,1650717,-36.832892,-73.050289,1,2024/11/15 00:00:00+00,1899/12/30 00:00:00+00,REGION BIO BIO,CONCEPCION,CHOQUE LATERAL,CHOQUE,URBANA,TRAMO DE VIA RECTA,IMPRUDENCIA DEL CONDUCTOR,CONDUCCION NO ATENTO CONDICIONES TRANSITO MOMENTO,LINCOYAN, ,- LINCOYAN,32, , ,UNIDIRECCIONAL,CONCRETO,BUENO,SECO,DESPEJADO,0,0,0,2
-8017540.64226935,-4532667.07256074,4601,2024,1650721,-37.668257,-72.022793,1,2024/09/24 00:00:00+00,1899/12/30 00:00:00+00,REGION BIO BIO,SANTA BARBARA,CHOQUE FRONTAL,CHOQUE,URBANA,TRAMO DE VIA RECTA,IMPRUDENCIA DEL CONDUCTOR,CONDUCCION NO ATENTO CONDICIONES TRANSITO MOMENTO,O'HIGGINS, ,- O'HIGGINS,260, , ,BIDIRECCIONAL,CONCRETO,BUENO,SECO,DESPEJADO,0,0,0,0
-8133304.56373254,-4410861.64105777,4602,2024,1650723,-36.797092,-73.062718,1,2024/11/06 00:00:00+00,1899/12/30 00:00:00+00,REGION BIO BIO,CONCEPCION,COLISION LATERAL,COLISION,URBANA,TRAMO DE VIA RECTA,IMPRUDENCIA DEL CONDUCTOR,CONDUCCION NO ATENTO CONDICIONES TRANSITO MOMENTO,PAICAVI, ,- PAICAVI,3300, , ,BIDIRECCIONAL CON BANDEJON,CONCRETO,BUENO,SECO,DESPEJADO,0,0,0,0
-8198846.47428537,-4524203.15254807,4603,2024,1650726,-37.608048,-73.651491,1,2024/11/12 00:00:00+00,1899/12/30 00:00:00+00,REGION BIO BIO,LEBU,CHOQUE FRENTE/LADO,CHOQUE,URBANA,TRAMO DE VIA RECTA,IMPRUDENCIA DEL CONDUCTOR,CONDUCCION NO ATENTO CONDICIONES TRANSITO MOMENTO,EL MIRADOR, ,- EL MIRADOR,150, , ,UNIDIRECCIONAL,ASFALTO,BUENO,SECO,DESPEJADO,0,0,0,0