X,Y,FID,Año,IdAccident,Latitud,longitud,ClaseAccid,Fecha,Hora,Región,Comuna,Tipo_Accid,Tipo__CONA,Zona,Ubicación,Causa__CON,Causa_Acci,Calle_Uno,Calle_Dos,Intersecci,Número,Ruta,Ubicaci_1,Calzada,Tipo_Calza,Estado_Cal,Condición,Estado_Atm,Fallecidos,Graves,Menos_Grav,Leves
-8091635.5632583,-4507936.00985305,4962,2024,1640072,-37.492193,-72.688399,1,2024/09/29 00:00:00+00,1899/12/30 00:00:00+00,REGION BIO BIO,NACIMIENTO,CHOQUE,CHOQUE,URBANA,TRAMO DE VIA RECTA,IMPRUDENCIA DEL CONDUCTOR,CONDUCIR VEHICULO EN RETROCESO,MANUEL ROJAS,SERGIO DE LA CUADRA,MANUEL ROJAS - SERGIO DE LA CUADRA,0, , ,BIDIRECCIONAL,CONCRETO,BUENO,SECO,NUBLADO,0,0,0,0
-8052381.19385885,-4501786.76020462,4963,2024,1645194,-37.448351,-72.335771,1,2024/10/20 00:00:00+00,1899/12/30 00:00:00+00,REGION BIO BIO,LOS ANGELES,COLISION POR ALCANCE,COLISION,URBANA,TRAMO DE VIA RECTA,ALCOHOL EN CONDUCTOR,CONDUCCION EN ESTADO DE EBRIEDAD,SOR VICENTA,NIEVES VASQUEZ,NIEVES VASQUEZ - SOR VICENTA,0, , ,BIDIRECCIONAL,ASFALTO,BUENO,SECO,NUBLADO,0,0,0,0
-8164529.01298311,-4505935.23540899,4964,2024,1640187,-37.477931,-73.343212,1,2024/09/29 00:00:00+00,1899/12/30 00:00:00+00,REGION BIO BIO,CURANILAHUE,COLISION LATERAL,COLISION,URBANA,TRAMO DE VIA RECTA,IMPRUDENCIA DEL CONDUCTOR,VIRAJES INDEBIDOS,IGNACIO CARRERA PINTO,PASAJE B,IGNACIO CARRERA PINTO - PASAJE B,0, , ,UNIDIRECCIONAL,CONCRETO,BUENO,MOJADO,LLUVIA,0,0,0,0
-8128587.1776712,-4430345.32863984,4965,2024,1635021,-36.937117,-73.020341,1,2024/08/29 00:00:00+00,1899/12/30 00:00:00+00,REGION BIO BIO,CHIGUAYANTE,CHOQUE FRENTE/POSTERIOR,CHOQUE,URBANA,CRUCE CON SEMAFORO FUNCIONANDO,IMPRUDENCIA DEL CONDUCTOR,CONDUCCION NO ATENTO CONDICIONES TRANSITO MOMENTO,MANUEL RODRIGUEZ,BIO BIO,BIO BIO - MANUEL RODRIGUEZ,0, , ,BIDIRECCIONAL CON BANDEJON,CONCRETO,BUENO,SECO,DESPEJADO,0,0,0,0
-8131881.9006402,-4413860.38176248,4966,2024,1640247,-36.81866,-73.049938,1,2024/09/06 00:00:00+00,1899/12/30 00:00:00+00,REGION BIO BIO,CONCEPCION,COLISION LATERAL,COLISION,URBANA,TRAMO DE VIA RECTA,IMPRUDENCIA DEL CONDUCTOR,CONDUCCION NO ATENTO CONDICIONES TRANSITO MOMENTO,MANUEL BULNES,TUCAPEL,MANUEL BULNES - TUCAPEL,0, , ,UNIDIRECCIONAL,ASFALTO,BUENO,SECO,DESPEJADO,0,0,0,0
-8055191.00912596,-4504707.35136202,4967,2024,1645198,-37.469177,-72.361012,1,2024/10/21 00:00:00+00,1899/12/30 00:00:00+00,REGION BIO BIO,LOS ANGELES,COLISION LATERAL,COLISION,URBANA,CRUCE CON SEMAFORO FUNCIONANDO,IMPRUDENCIA DEL CONDUCTOR,CONDUCCION NO ATENTO CONDICIONES TRANSITO MOMENTO,ALEMANIA,GUILLERMO MARCONI,ALEMANIA - GUILLERMO MARCONI,0, , ,BIDIRECCIONAL CON BANDEJON,CONCRETO,BUENO,SECO,DESPEJADO,0,0,0,0
-8131906.05696971,-4412789.84227066,4968,2024,1635031,-36.810961,-73.050155,1,2024/09/02 00:00:00+00,1899/12/30 00:00:00+00,REGION BIO BIO,CONCEPCION,ATROPELLO,ATROPELLO,URBANA,CRUCE CON SEMAFORO FUNCIONANDO,IMPRUDENCIA DEL PEATON,PEATON CRUZA CALZADA FUERA PASO PEATONES,PAICAVI,JOSE JOAQUIN PRIETO,JOSE JOAQUIN PRIETO - PAICAVI,0, , ,BIDIRECCIONAL CON BANDEJON,ASFALTO,BUENO,SECO,NUBLADO,1,0,0,0
-8131478.03352761,-4413638.17234769,4969,2024,1640253,-36.817062,-73.04631,1,2024/09/06 00:00:00+00,1899/12/30 00:00:00+00,REGION BIO BIO,CONCEPCION,COLISION LATERAL,COLISION,URBANA,CRUCE CON SEMAFORO FUNCIONANDO,IMPRUDENCIA DEL CONDUCTOR,CONDUCCION NO ATENTO CONDICIONES TRANSITO MOMENTO,MANUEL BULNES,PAICAVI,MANUEL BULNES - PAICAVI,0, , ,UNIDIRECCIONAL,ASFALTO,BUENO,SECO,DESPEJADO,0,0,0,0
-8130677.08979135,-4414855.3750576,4970,2024,1645199,-36.825815,-73.039115,1,2024/10/17 00:00:00+00,1899/12/30 00:00:00+00,REGION BIO BIO,CONCEPCION,COLISION LATERAL,COLISION,URBANA,TRAMO DE VIA RECTA,IMPRUDENCIA DEL CONDUCTOR,CONDUCCION NO ATENTO CONDICIONES TRANSITO MOMENTO,JANEQUEO, ,- JANEQUEO,150, , ,UNIDIRECCIONAL,ASFALTO,BUENO,SECO,DESPEJADO,0,0,0,0
-8130659.94658977,-4420599.0908597,4971,2024,1635036,-36.867105,-73.038961,1,2024/08/30 00:00:00+00,1899/12/30 00:00:00+00,REGION BIO BIO,CHIGUAYANTE,CHOQUE FRENTE/POSTERIOR,CHOQUE,URBANA,CRUCE CON SEMAFORO FUNCIONANDO,IMPRUDENCIA DEL CONDUCTOR,CONDUCCION NO ATENTO CONDICIONES TRANSITO MOMENTO,COSTANERA,PASCUAL BINIMELIS,COSTANERA - PASCUAL BINIMELIS,0, , ,BIDIRECCIONAL CON BANDEJON,CONCRETO,BUENO,SECO,DESPEJADO,0,0,0,1
-8139101.5262156,-4416785.2736813,4972,2024,1640258,-36.839691,-73.114793,1,2024/09/14 00:00:00+00,1899/12/30 00:00:00+00,REGION BIO BIO,SAN PEDRO DE LA PAZ,ATROPELLO,ATROPELLO,URBANA,PASO PARA PEATONES,IMPRUDENCIA DEL CONDUCTOR,NO RESPETAR DERECHO PREFERENTE DE PASO A PEATON,VALENCIA,LOS AVELLANOS,LOS AVELLANOS - VALENCIA,0, , ,BIDIRECCIONAL,CONCRETO,BUENO,SECO,DESPEJADO,0,0,1,0
-8051284.36291606,-4506748.43358465,4973,2024,1645201,-37.483728,-72.325918,1,2024/10/21 00:00:00+00,1899/12/30 00:00:00+00,REGION BIO BIO,LOS ANGELES,COLISION PERPENDICULAR,COLISION,URBANA,TRAMO DE VIA RECTA,IMPRUDENCIA DEL CONDUCTOR,CONDUCCION NO ATENTO CONDICIONES TRANSITO MOMENTO,LAS INDUSTRIAS,FRANCISCO ENCINA,FRANCISCO ENCINA - LAS INDUSTRIAS,0, , ,UNIDIRECCIONAL,CONCRETO,BUENO,SECO,DESPEJADO,0,0,0,0
-8127954.88296349,-4430276.24995033,4974,2024,1635047,-36.936621,-73.014661,1,2024/08/30 00:00:00+00,1899/12/30 00:00:00+00,REGION BIO BIO,CHIGUAYANTE,CHOQUE POSTERIOR,CHOQUE,URBANA,TRAMO DE VIA RECTA,IMPRUDENCIA DEL CONDUCTOR,CONDUCCION NO ATENTO CONDICIONES TRANSITO MOMENTO,PASAJE UNO, ,- PASAJE UNO,1863, , ,UNIDIRECCIONAL,CONCRETO,BUENO,SECO,DESPEJADO,0,0,0,0
-8132102.42455147,-4413376.33829663,4975,2024,1640263,-36.815179,-73.051919,1,2024/09/07 00:00:00+00,1899/12/30 00:00:00+00,REGION BIO BIO,CONCEPCION,CHOQUE FRENTE/POSTERIOR,CHOQUE,URBANA,TRAMO DE VIA RECTA,IMPRUDENCIA DEL CONDUCTOR,CONDUCIR VEHICULO EN RETROCESO,TUCAPEL, ,- TUCAPEL,1422, , ,UNIDIRECCIONAL,CONCRETO,BUENO,SECO,DESPEJADO,0,0,0,0
-8052167.794395,-4500858.5566888,4976,2024,1645205,-37.441731,-72.333854,1,2024/10/22 00:00:00+00,1899/12/30 00:00:00+00,REGION BIO BIO,LOS ANGELES,CHOQUE POSTERIOR/POSTERIOR,CHOQUE,URBANA,TRAMO DE VIA RECTA,IMPRUDENCIA DEL CONDUCTOR,CONDUCCION NO ATENTO CONDICIONES TRANSITO MOMENTO,TOTORAL, ,- TOTORAL,342, , ,BIDIRECCIONAL,CONCRETO,BUENO,SECO,DESPEJADO,0,0,0,0
-8136209.22320581,-4407399.56865228,4977,2024,1635061,-36.772184,-73.088811,1,2024/08/31 00:00:00+00,1899/12/30 00:00:00+00,REGION BIO BIO,TALCAHUANO,CHOQUE FRENTE/LADO,CHOQUE,URBANA,TRAMO DE VIA RECTA,ALCOHOL EN CONDUCTOR,CONDUCCION EN ESTADO DE EBRIEDAD,2 PONIENTE, ,- 2 PONIENTE,6322, , ,BIDIRECCIONAL,CONCRETO,BUENO,SECO,DESPEJADO,0,0,0,1
-8141643.0615099,-4422057.97956702,4978,2024,1640266,-36.877589,-73.137624,1,2024/09/12 00:00:00+00,1899/12/30 00:00:00+00,REGION BIO BIO,SAN PEDRO DE LA PAZ,CHOQUE POSTERIOR/FRENTE,CHOQUE,URBANA,TRAMO DE VIA RECTA,IMPRUDENCIA DEL CONDUCTOR,CONDUCCION SIN MANTENER DISTANCIA RAZONABLE NI PRUDENTE,LOS MANIOS, ,- LOS MANIOS,6293, , ,BIDIRECCIONAL,ASFALTO,BUENO,SECO,DESPEJADO,0,0,0,0
-8121546.10855903,-4385808.67638074,4979,2024,1645208,-36.616665,-72.95709,1,2024/10/20 00:00:00+00,1899/12/30 00:00:00+00,REGION BIO BIO,TOME,CHOQUE FRENTE/FRENTE,CHOQUE,URBANA,TRAMO DE VIA RECTA,IMPRUDENCIA DEL CONDUCTOR,CONDUCCION NO ATENTO CONDICIONES TRANSITO MOMENTO,NOGUEIRA, ,- NOGUEIRA,1091, , ,UNIDIRECCIONAL,CONCRETO,BUENO,SECO,DESPEJADO,0,0,0,0
-8132186.80472549,-4414920.1814817,4980,2024,1635073,-36.826281,-73.052677,1,2024/09/01 00:00:00+00,1899/12/30 00:00:00+00,REGION BIO BIO,CONCEPCION,CHOQUE FRONTAL,CHOQUE,URBANA,CRUCE CON SEMAFORO FUNCIONANDO,ALCOHOL EN CONDUCTOR,CONDUCCION BAJO LA INFLUENCIA DEL ALCOHOL,FREIRE, ,- FREIRE,526, , ,UNIDIRECCIONAL,CONCRETO,BUENO,SECO,DESPEJADO,0,1,0,0
-8138934.43565992,-4410751.67918702,4981,2024,1640267,-36.796301,-73.113292,1,2024/09/30 00:00:00+00,1899/12/30 00:00:00+00,REGION BIO BIO,HUALPEN,CHOQUE,CHOQUE,URBANA,TRAMO DE VIA RECTA,IMPRUDENCIA DEL CONDUCTOR,CONDUCCION NO ATENTO CONDICIONES TRANSITO MOMENTO,PASAJE TRES, ,- PASAJE TRES,4465, , ,BIDIRECCIONAL,CONCRETO,BUENO,SECO,DESPEJADO,0,0,0,0
-8051980.66633097,-4501335.54769356,4982,2024,1645209,-37.445133,-72.332173,1,2024/10/22 00:00:00+00,1899/12/30 00:00:00+00,REGION BIO BIO,LOS ANGELES,COLISION,COLISION,URBANA,TRAMO DE VIA RECTA,IMPRUDENCIA DEL CONDUCTOR,VIRAJES INDEBIDOS,SOR VICENTA,LAGUNA VERDE,LAGUNA VERDE - SOR VICENTA,0, , ,BIDIRECCIONAL,ASFALTO,BUENO,SECO,DESPEJADO,0,0,0,0
-8130886.37043404,-4414768.31812198,4983,2024,1635075,-36.825189,-73.040995,1,2024/09/01 00:00:00+00,1899/12/30 00:00:00+00,REGION BIO BIO,CONCEPCION,ATROPELLO,ATROPELLO,URBANA,CRUCE CON SEMAFORO FUNCIONANDO,IMPRUDENCIA DEL CONDUCTOR,NO RESPETAR DERECHO PREFERENTE DE PASO A PEATON,SAN MARTIN,PAICAVI,PAICAVI - SAN MARTIN,0, , ,UNIDIRECCIONAL,CONCRETO,BUENO,SECO,DESPEJADO,0,0,0,1
-8133085.59829415,-4415011.13365242,4984,2024,1640278,-36.826935,-73.060751,1,2024/09/07 00:00:00+00,1899/12/30 00:00:00+00,REGION BIO BIO,CONCEPCION,COLISION FRONTAL,COLISION,URBANA,CRUCE CON SEMAFORO FUNCIONANDO,IMPRUDENCIA DEL CONDUCTOR,CONDUCCION NO ATENTO CONDICIONES TRANSITO MOMENTO,ARTURO PRAT,LOS CARRERA,ARTURO PRAT - LOS CARRERA,0, , ,BIDIRECCIONAL CON BANDEJON,CONCRETO,BUENO,SECO,DESPEJADO,0,0,0,0
-8057742.22921596,-4504472.14255801,4985,2024,1645212,-37.4675,-72.38393,1,2024/10/22 00:00:00+00,1899/12/30 00:00:00+00,REGION BIO BIO,LOS ANGELES,CHOQUE POSTERIOR/LADO,CHOQUE,URBANA,TRAMO DE VIA RECTA,IMPRUDENCIA DEL CONDUCTOR,CONDUCCION NO ATENTO CONDICIONES TRANSITO MOMENTO,PROFESOR ALBERTO POBLETE, ,- PROFESOR ALBERTO POBLETE,889, , ,BIDIRECCIONAL,ASFALTO,BUENO,SECO,NUBLADO,0,0,0,0
-8132579.31725002,-4414935.06198243,4986,2024,1635077,-36.826388,-73.056203,1,2024/09/02 00:00:00+00,1899/12/30 00:00:00+00,REGION BIO BIO,CONCEPCION,COLISION LATERAL,COLISION,URBANA,CRUCE CON SEMAFORO FUNCIONANDO,IMPRUDENCIA DEL CONDUCTOR,ADELANTAMIENTO SOBREPASANDO LINEA CONTINUA,MAIPU,ANGOL,ANGOL - MAIPU,0, , ,UNIDIRECCIONAL,CONCRETO,BUENO,SECO,DESPEJADO,0,0,0,0
-8008619.38695768,-4472898.51412187,4987,2024,1645213,-37.242044,-71.942652,1,2024/10/22 00:00:00+00,1899/12/30 00:00:00+00,REGION BIO BIO,TUCAPEL,CHOQUE FRENTE/POSTERIOR,CHOQUE,URBANA,TRAMO DE VIA RECTA,IMPRUDENCIA DEL CONDUCTOR,CONDUCCION NO ATENTO CONDICIONES TRANSITO MOMENTO,12 DE FEBRERO, ,- 12 DE FEBRERO,93, , ,UNIDIRECCIONAL,ASFALTO,BUENO,SECO,DESPEJADO,0,0,0,0
-8131145.52220861,-4408014.5366648,4988,2024,1640286,-36.776609,-73.043323,1,2024/09/07 00:00:00+00,1899/12/30 00:00:00+00,REGION BIO BIO,CONCEPCION,CHOQUE FRENTE/POSTERIOR,CHOQUE,URBANA,TRAMO DE VIA RECTA,IMPRUDENCIA DEL CONDUCTOR,CONDUCCION NO ATENTO CONDICIONES TRANSITO MOMENTO,COSTANERA ANDALIEN PONIENTE, ,- COSTANERA ANDALIEN PONIENTE,221, , ,BIDIRECCIONAL,CONCRETO,BUENO,SECO,DESPEJADO,0,0,1,0
-8131943.01504065,-4415144.92097996,4989,2024,1635078,-36.827897,-73.050487,1,2024/09/02 00:00:00+00,1899/12/30 00:00:00+00,REGION BIO BIO,CONCEPCION,COLISION LATERAL,COLISION,URBANA,TRAMO DE VIA RECTA,IMPRUDENCIA DEL CONDUCTOR,CONDUCCION NO ATENTO CONDICIONES TRANSITO MOMENTO,O'HIGGINS,CAUPOLICAN,CAUPOLICAN - O'HIGGINS,0, , ,UNIDIRECCIONAL,CONCRETO,BUENO,SECO,DESPEJADO,0,0,0,0
-8139315.92755487,-4415497.1985693,4990,2024,1640344,-36.83043,-73.116719,1,2024/09/02 00:00:00+00,1899/12/30 00:00:00+00,REGION BIO BIO,SAN PEDRO DE LA PAZ,CHOQUE FRENTE/LADO,CHOQUE,URBANA,CRUCE SIN SENALIZACION,IMPRUDENCIA DEL CONDUCTOR,NO RESPETAR DERECHO PREFERENTE DE PASO A VEHICULO,CALLE UNO,CALLE INTERIOR MEGACENTRO,CALLE INTERIOR MEGACENTRO - CALLE UNO,0, , ,BIDIRECCIONAL,CONCRETO,BUENO,SECO,NUBLADO,0,0,0,0
-8042700.85093946,-4539609.74384398,4991,2024,1645216,-37.717608,-72.248811,1,2024/10/22 00:00:00+00,1899/12/30 00:00:00+00,REGION BIO BIO,MULCHEN,COLISION,COLISION,URBANA,CRUCE SIN SENALIZACION,IMPRUDENCIA DEL CONDUCTOR,CONDUCCION NO ATENTO CONDICIONES TRANSITO MOMENTO,MATTA,VILLALON,MATTA - VILLALON,0, , ,UNIDIRECCIONAL,CONCRETO,BUENO,HUMEDO,NUBLADO,0,0,0,0
-8130816.35047433,-4415269.39198958,4992,2024,1635084,-36.828792,-73.040366,1,2024/09/02 00:00:00+00,1899/12/30 00:00:00+00,REGION BIO BIO,CONCEPCION,COLISION PERPENDICULAR,COLISION,URBANA,CRUCE CON SEMAFORO FUNCIONANDO,DESOBEDIENCIA A SENALIZACION,SENALIZACION DESOBEDECER LUZ ROJA DE SEMAFORO,VICTOR LAMAS,ONGOLMO,ONGOLMO - VICTOR LAMAS,0, , ,UNIDIRECCIONAL,CONCRETO,BUENO,SECO,NUBLADO,0,0,1,0
-8130455.45268518,-4410838.28622918,4993,2024,1640351,-36.796924,-73.037124,1,2024/09/08 00:00:00+00,1899/12/30 00:00:00+00,REGION BIO BIO,CONCEPCION,COLISION LATERAL,COLISION,URBANA,TRAMO DE VIA RECTA,IMPRUDENCIA DEL CONDUCTOR,CONDUCCION NO ATENTO CONDICIONES TRANSITO MOMENTO,LOS NARANJOS,LOS ACACIOS,LOS ACACIOS - LOS NARANJOS,0, , ,BIDIRECCIONAL,CONCRETO,BUENO,SECO,DESPEJADO,0,0,0,1
-8053767.45547769,-4504725.72508053,4994,2024,1645219,-37.469308,-72.348224,1,2024/10/22 00:00:00+00,1899/12/30 00:00:00+00,REGION BIO BIO,LOS ANGELES,COLISION POR ALCANCE,COLISION,URBANA,CRUCE CON SEMAFORO FUNCIONANDO,IMPRUDENCIA DEL CONDUCTOR,CONDUCCION NO ATENTO CONDICIONES TRANSITO MOMENTO,COLO COLO,VILLAGRAN,COLO COLO - VILLAGRAN,0, , ,UNIDIRECCIONAL,ASFALTO,BUENO,SECO,DESPEJADO,0,0,0,0
-8132507.85013694,-4414714.35986765,4995,2024,1635088,-36.824801,-73.055561,1,2024/08/28 00:00:00+00,1899/12/30 00:00:00+00,REGION BIO BIO,CONCEPCION,CHOQUE POSTERIOR,CHOQUE,URBANA,CRUCE CON SEMAFORO FUNCIONANDO,IMPRUDENCIA DEL CONDUCTOR,CONDUCCION NO ATENTO CONDICIONES TRANSITO MOMENTO,LINCOYAN,LOS CARRERA,LINCOYAN - LOS CARRERA,0, , ,UNIDIRECCIONAL,CONCRETO,BUENO,SECO,DESPEJADO,0,0,0,0
-8141717.08897128,-4423167.30872892,4996,2024,1640355,-36.88556,-73.138289,1,2024/09/10 00:00:00+00,1899/12/30 00:00:00+00,REGION BIO BIO,SAN PEDRO DE LA PAZ,COLISION,COLISION,URBANA,TRAMO DE VIA RECTA,DESOBEDIENCIA A SENALIZACION,SENALIZACION DESOBEDECER SENAL PARE,JAVIERA CARRERA,LOS SAUCES,JAVIERA CARRERA - LOS SAUCES,0, , ,UNIDIRECCIONAL,CONCRETO,BUENO,SECO,DESPEJADO,0,0,0,0
-8120850.80701954,-4383322.23606596,4997,2024,1645222,-36.598735,-72.950844,1,2024/10/20 00:00:00+00,1899/12/30 00:00:00+00,REGION BIO BIO,TOME,CHOQUE FRONTAL,CHOQUE,URBANA,TRAMO DE VIA CURVA VERTICAL,ALCOHOL EN CONDUCTOR,CONDUCCION EN ESTADO DE EBRIEDAD,LORD COCHRANE, ,- LORD COCHRANE,1089, , ,BIDIRECCIONAL,CONCRETO,BUENO,SECO,DESPEJADO,0,0,0,0
-8133009.67840143,-4415159.52364872,4998,2024,1635094,-36.828002,-73.060069,1,2024/08/28 00:00:00+00,1899/12/30 00:00:00+00,REGION BIO BIO,CONCEPCION,COLISION POR ALCANCE,COLISION,URBANA,CRUCE CON SEMAFORO FUNCIONANDO,IMPRUDENCIA DEL CONDUCTOR,CONDUCCION SIN MANTENER DISTANCIA RAZONABLE NI PRUDENTE,MAIPU,ARTURO PRAT,ARTURO PRAT - MAIPU,0, , ,UNIDIRECCIONAL,CONCRETO,BUENO,SECO,DESPEJADO,0,0,0,0
-8142781.74858123,-4416512.23490888,4999,2024,1640361,-36.837728,-73.147853,1,2024/09/02 00:00:00+00,1899/12/30 00:00:00+00,REGION BIO BIO,SAN PEDRO DE LA PAZ,COLISION POR ALCANCE,COLISION,URBANA,TRAMO DE VIA RECTA,IMPRUDENCIA DEL CONDUCTOR,CONDUCCION NO ATENTO CONDICIONES TRANSITO MOMENTO,CALLE UNO, ,- CALLE UNO,3570, , ,BIDIRECCIONAL,CONCRETO,BUENO,SECO,DESPEJADO,0,0,0,1
-8054398.08039304,-4505151.41528384,5000,2024,1645224,-37.472343,-72.353889,1,2024/10/22 00:00:00+00,1899/12/30 00:00:00+00,REGION BIO BIO,LOS ANGELES,ATROPELLO,ATROPELLO,URBANA,CRUCE CON SENAL CEDA EL PASO,IMPRUDENCIA DEL CONDUCTOR,CONDUCCION NO ATENTO CONDICIONES TRANSITO MOMENTO,RICARDO VICUNA,MENDOZA,MENDOZA - RICARDO VICUNA,0, , ,UNIDIRECCIONAL,CONCRETO,BUENO,SECO,DESPEJADO,0,0,0,1
-8133347.31041701,-4409790.0130096,5001,2024,1635100,-36.789383,-73.063102,1,2024/08/23 00:00:00+00,1899/12/30 00:00:00+00,REGION BIO BIO,TALCAHUANO,CHOQUE,CHOQUE,URBANA,CIRCUITO PRIVADO,IMPRUDENCIA DEL CONDUCTOR,CONDUCCION NO ATENTO CONDICIONES TRANSITO MOMENTO,PRESIDENTE JORGE ALESSANDRI, ,- PRESIDENTE JORGE ALESSANDRI,3515, , ,BIDIRECCIONAL,CONCRETO,BUENO,SECO,DESPEJADO,0,0,0,0
-8053173.56599431,-4507308.46459811,5002,2024,1645228,-37.48772,-72.342889,1,2024/10/22 00:00:00+00,1899/12/30 00:00:00+00,REGION BIO BIO,LOS ANGELES,COLISION,COLISION,URBANA,CRUCE CON SEMAFORO FUNCIONANDO,IMPRUDENCIA DEL CONDUCTOR,CONDUCCION NO ATENTO CONDICIONES TRANSITO MOMENTO,FRANCISCO ENCINA,LOS CARRERA,FRANCISCO ENCINA - LOS CARRERA,0, , ,BIDIRECCIONAL CON BANDEJON,CONCRETO,BUENO,SECO,DESPEJADO,0,0,0,0
-8135137.66178744,-4412185.44312038,5003,2024,1640362,-36.806614,-73.079185,1,2024/09/09 00:00:00+00,1899/12/30 00:00:00+00,REGION BIO BIO,CONCEPCION,COLISION LATERAL,COLISION,URBANA,TRAMO DE VIA RECTA,IMPRUDENCIA DEL CONDUCTOR,CONDUCCION NO ATENTO CONDICIONES TRANSITO MOMENTO,JORGE ALESSANDRI,21 DE MAYO,21 DE MAYO - JORGE ALESSANDRI,0, , ,BIDIRECCIONAL CON BANDEJON,CONCRETO,BUENO,SECO,DESPEJADO,0,0,0,0
-8128466.39602369,-4413880.40586753,5004,2024,1635105,-36.818804,-73.019256,1,2024/09/03 00:00:00+00,1899/12/30 00:00:00+00,REGION BIO BIO,CONCEPCION,CHOQUE FRENTE/FRENTE,CHOQUE,URBANA,PASO PARA PEATONES,IMPRUDENCIA DEL CONDUCTOR,CONDUCCION NO ATENTO CONDICIONES TRANSITO MOMENTO,COLLAO,CORONEL SEGUEL,COLLAO - CORONEL SEGUEL,0, , ,UNIDIRECCIONAL,CONCRETO,BUENO,SECO,DESPEJADO,0,0,0,0
-8121096.04385775,-4383428.86517417,5005,2024,1645249,-36.599504,-72.953047,1,2024/10/21 00:00:00+00,1899/12/30 00:00:00+00,REGION BIO BIO,TOME,COLISION POR ALCANCE,COLISION,URBANA,CRUCE CON SEMAFORO FUNCIONANDO,IMPRUDENCIA DEL CONDUCTOR,CONDUCCION NO ATENTO CONDICIONES TRANSITO MOMENTO,VICENTE PALACIOS,ENRIQUE MOLINA,ENRIQUE MOLINA - VICENTE PALACIOS,0, , ,BIDIRECCIONAL,CONCRETO,BUENO,SECO,DESPEJADO,0,0,0,0
-8142005.18381345,-4435565.83107365,5006,2024,1640363,-36.974592,-73.140877,1,2024/09/16 00:00:00+00,1899/12/30 00:00:00+00,REGION BIO BIO,CORONEL,COLISION,COLISION,RURAL,OTROS NO CONSIDERADOS,ALCOHOL EN CONDUCTOR,CONDUCCION EN ESTADO DE EBRIEDAD,PINOLEVI,ELICURA,ELICURA - PINOLEVI,0, , ,BIDIRECCIONAL,ASFALTO,BUENO,HUMEDO,DESPEJADO,0,0,0,0
-8140877.94035239,-4417576.51550314,5007,2024,1635109,-36.845379,-73.130751,1,2024/09/04 00:00:00+00,1899/12/30 00:00:00+00,REGION BIO BIO,SAN PEDRO DE LA PAZ,COLISION,COLISION,URBANA,CRUCE CON SEMAFORO FUNCIONANDO,IMPRUDENCIA DEL CONDUCTOR,CONDUCCION CONTRA SENTIDO DEL TRANSITO,NUEVA UNO,MICHAIHUE,MICHAIHUE - NUEVA UNO,0, , ,UNIDIRECCIONAL,CONCRETO,BUENO,SECO,DESPEJADO,0,0,0,0
-8018132.19404342,-4532688.02684655,5008,2024,1645316,-37.668406,-72.028107,1,2024/10/17 00:00:00+00,1899/12/30 00:00:00+00,REGION BIO BIO,SANTA BARBARA,CHOQUE,CHOQUE,URBANA,TRAMO DE VIA RECTA,IMPRUDENCIA DEL CONDUCTOR,CONDUCCION NO ATENTO CONDICIONES TRANSITO MOMENTO,ARTURO PRAT,JOHN KENNEDY,ARTURO PRAT - JOHN KENNEDY,0, , ,BIDIRECCIONAL,CONCRETO,BUENO,SECO,DESPEJADO,0,0,0,0
-8134980.14470796,-4408619.25508207,5009,2024,1640365,-36.78096,-73.07777,1,2024/09/30 00:00:00+00,1899/12/30 00:00:00+00,REGION BIO BIO,TALCAHUANO,COLISION,COLISION,URBANA,TRAMO DE VIA RECTA,IMPRUDENCIA DEL CONDUCTOR,CONDUCCION NO ATENTO CONDICIONES TRANSITO MOMENTO,PEDRO DE CINTRA,RUTA 154,PEDRO DE CINTRA - RUTA 154,0, , ,BIDIRECCIONAL,CONCRETO,BUENO,SECO,DESPEJADO,0,0,0,0
-8131775.47920701,-4415326.27363961,5010,2024,1635112,-36.829201,-73.048982,1,2024/09/04 00:00:00+00,1899/12/30 00:00:00+00,REGION BIO BIO,CONCEPCION,CHOQUE POSTERIOR,CHOQUE,URBANA,TRAMO DE VIA RECTA,IMPRUDENCIA DEL CONDUCTOR,CONDUCCION SIN MANTENER DISTANCIA RAZONABLE NI PRUDENTE,SAN MARTIN, ,- SAN MARTIN,650, , ,UNIDIRECCIONAL,CONCRETO,BUENO,SECO,DESPEJADO,0,0,1,2
-8143584.80738781,-4452144.43663872,5011,2024,1645327,-37.093478,-73.155067,1,2024/10/20 00:00:00+00,1899/12/30 00:00:00+00,REGION BIO BIO,LOTA,COLISION LATERAL,COLISION,URBANA,CRUCE CON SENAL CEDA EL PASO,DESOBEDIENCIA A SENALIZACION,SENALIZACION DESOBEDECER SENAL PARE,SERRANO,GALVARINO,GALVARINO - SERRANO,0, , ,UNIDIRECCIONAL,CONCRETO,REGULAR,HUMEDO,LLUVIA,0,1,0,1
-8141953.64288922,-4424284.68768217,5012,2024,1640368,-36.893588,-73.140414,1,2024/09/11 00:00:00+00,1899/12/30 00:00:00+00,REGION BIO BIO,SAN PEDRO DE LA PAZ,COLISION FRONTAL,COLISION,URBANA,TRAMO DE VIA RECTA,IMPRUDENCIA DEL CONDUCTOR,CONDUCCION NO ATENTO CONDICIONES TRANSITO MOMENTO,BENJAMIN SUBERCASEAUX,MANUEL BLANCO ENCALADA,BENJAMIN SUBERCASEAUX - MANUEL BLANCO ENCALADA,0, , ,BIDIRECCIONAL,CONCRETO,BUENO,SECO,DESPEJADO,0,0,0,0