X,Y,FID,Año,IdAccident,Latitud,longitud,ClaseAccid,Fecha,Hora,Región,Comuna,Tipo_Accid,Tipo__CONA,Zona,Ubicación,Causa__CON,Causa_Acci,Calle_Uno,Calle_Dos,Intersecci,Número,Ruta,Ubicaci_1,Calzada,Tipo_Calza,Estado_Cal,Condición,Estado_Atm,Fallecidos,Graves,Menos_Grav,Leves
-8059579.66873099,-4444165.09790485,5013,2024,1635197,-37.036281,-72.400436,1,2024/08/23 00:00:00+00,1899/12/30 00:00:00+00,REGION BIO BIO,CABRERO,ATROPELLO,ATROPELLO,URBANA,CRUCE CON SEMAFORO FUNCIONANDO,IMPRUDENCIA DEL CONDUCTOR,NO RESPETAR DERECHO PREFERENTE DE PASO A PEATON,VIAL,GENERAL CRUZ,GENERAL CRUZ - VIAL,0, , ,BIDIRECCIONAL,CONCRETO,BUENO,SECO,DESPEJADO,0,0,0,2
-8134463.3996317,-4414854.81878099,5014,2024,1645332,-36.825811,-73.073128,1,2024/10/20 00:00:00+00,1899/12/30 00:00:00+00,REGION BIO BIO,CHIGUAYANTE,VOLCADURA,VOLCADURA,URBANA,CRUCE CON SEMAFORO FUNCIONANDO,VELOCIDAD IMPRUDENTE,VELOCIDAD NO RAZONABLE NI PRUDENTE,CARDENAL RAUL SILVA HENRIQUEZ,TEMISTOCLES ROJAS,CARDENAL RAUL SILVA HENRIQUEZ - TEMISTOCLES ROJAS,0, , ,BIDIRECCIONAL,ASFALTO,BUENO,MOJADO,LLOVIZNA,1,2,0,0
-8139358.78555883,-4415656.02631093,5015,2024,1640374,-36.831572,-73.117104,1,2024/09/10 00:00:00+00,1899/12/30 00:00:00+00,REGION BIO BIO,SAN PEDRO DE LA PAZ,COLISION,COLISION,URBANA,CRUCE CON SENAL CEDA EL PASO,DESOBEDIENCIA A SENALIZACION,SENALIZACION DESOBEDECER SENAL CEDA EL PASO,LOS ABETOS,LAS GOLONDRINAS,LAS GOLONDRINAS - LOS ABETOS,0, , ,BIDIRECCIONAL,CONCRETO,BUENO,SECO,DESPEJADO,0,0,0,1
-8094092.27310061,-4478888.02622133,5016,2024,1635202,-37.284865,-72.710468,1,2024/08/23 00:00:00+00,1899/12/30 00:00:00+00,REGION BIO BIO,LAJA,CHOQUE FRENTE/FRENTE,CHOQUE,URBANA,CRUCE CON SEMAFORO FUNCIONANDO,ALCOHOL EN CONDUCTOR,CONDUCCION EN ESTADO DE EBRIEDAD,LOS RIOS,CELULOSA,CELULOSA - LOS RIOS,0, , ,BIDIRECCIONAL,ASFALTO,BUENO,SECO,DESPEJADO,0,0,0,0
-8130993.90506215,-4412834.61394322,5017,2024,1645342,-36.811283,-73.041961,1,2024/10/13 00:00:00+00,1899/12/30 00:00:00+00,REGION BIO BIO,CONCEPCION,COLISION LATERAL,COLISION,URBANA,CRUCE CON SENAL CEDA EL PASO,IMPRUDENCIA DEL CONDUCTOR,CONDUCCION NO ATENTO CONDICIONES TRANSITO MOMENTO,ALONSO DE RIBERA,LIENTUR,ALONSO DE RIBERA - LIENTUR,0, , ,BIDIRECCIONAL,CONCRETO,BUENO,SECO,DESPEJADO,0,2,0,0
-8136611.9771235,-4417884.03697004,5018,2024,1640376,-36.84759,-73.092429,1,2024/09/09 00:00:00+00,1899/12/30 00:00:00+00,REGION BIO BIO,SAN PEDRO DE LA PAZ,COLISION,COLISION,URBANA,TRAMO DE VIA RECTA,IMPRUDENCIA DEL CONDUCTOR,CONDUCCION NO ATENTO CONDICIONES TRANSITO MOMENTO,CAMINO EL VENADO, ,- CAMINO EL VENADO,585, , ,BIDIRECCIONAL,CONCRETO,BUENO,SECO,DESPEJADO,0,0,0,2
-8094092.27310061,-4478888.02622133,5019,2024,1635209,-37.284865,-72.710468,1,2024/08/26 00:00:00+00,1899/12/30 00:00:00+00,REGION BIO BIO,LAJA,CHOQUE FRENTE/LADO,CHOQUE,URBANA,CRUCE CON SENAL CEDA EL PASO,IMPRUDENCIA DEL CONDUCTOR,CONDUCCION NO ATENTO CONDICIONES TRANSITO MOMENTO,PALERMO,ROMA,PALERMO - ROMA,0, , ,BIDIRECCIONAL,ASFALTO,BUENO,SECO,DESPEJADO,0,0,0,0
-8129069.5250248,-4412415.68636952,5020,2024,1645353,-36.80827,-73.024674,1,2024/10/14 00:00:00+00,1899/12/30 00:00:00+00,REGION BIO BIO,CONCEPCION,COLISION,COLISION,URBANA,CRUCE CON SEMAFORO FUNCIONANDO,DESOBEDIENCIA A SENALIZACION,SENALIZACION DESOBEDECER LUZ ROJA DE SEMAFORO,COMODORO PARRAGUEZ, ,- COMODORO PARRAGUEZ,450, , ,BIDIRECCIONAL,CONCRETO,BUENO,SECO,DESPEJADO,0,0,0,1
-8137172.13680117,-4417618.62078031,5021,2024,1640381,-36.845682,-73.097461,1,2024/09/02 00:00:00+00,1899/12/30 00:00:00+00,REGION BIO BIO,SAN PEDRO DE LA PAZ,COLISION LATERAL,COLISION,URBANA,TRAMO DE VIA RECTA,IMPRUDENCIA DEL CONDUCTOR,CONDUCCION CAMBIAR SORPRESIVAMENTE PISTA CIRCULACION,LOS CANELOS, ,- LOS CANELOS,127, , ,BIDIRECCIONAL,CONCRETO,BUENO,SECO,DESPEJADO,0,0,0,0
-8094743.60344124,-4478022.69974294,5022,2024,1635226,-37.27868,-72.716319,1,2024/08/29 00:00:00+00,1899/12/30 00:00:00+00,REGION BIO BIO,LAJA,COLISION POR ALCANCE,COLISION,URBANA,TRAMO DE VIA RECTA,IMPRUDENCIA DEL CONDUCTOR,CONDUCCION NO ATENTO CONDICIONES TRANSITO MOMENTO,BALMACEDA, ,- BALMACEDA,420, , ,BIDIRECCIONAL,ASFALTO,BUENO,SECO,DESPEJADO,0,0,0,0
-8054546.24663528,-4504138.34305649,5023,2024,1640387,-37.46512,-72.35522,1,2024/09/24 00:00:00+00,1899/12/30 00:00:00+00,REGION BIO BIO,LOS ANGELES,ATROPELLO,ATROPELLO,URBANA,TRAMO DE VIA RECTA,IMPRUDENCIA DEL CONDUCTOR,CONDUCCION NO ATENTO CONDICIONES TRANSITO MOMENTO,ERCILLA,LIENTUR,ERCILLA - LIENTUR,0, , ,BIDIRECCIONAL,CONCRETO,BUENO,HUMEDO,DESPEJADO,0,1,0,0
-8198004.5649765,-4524882.72322203,5024,2024,1645399,-37.612884,-73.643928,1,2024/10/20 00:00:00+00,1899/12/30 00:00:00+00,REGION BIO BIO,LEBU,CHOQUE FRENTE/POSTERIOR,CHOQUE,URBANA,TRAMO DE VIA RECTA,IMPRUDENCIA DEL CONDUCTOR,CONDUCCION NO ATENTO CONDICIONES TRANSITO MOMENTO,MICHIMALONGO, ,- MICHIMALONGO,273, , ,UNIDIRECCIONAL,ASFALTO,BUENO,MOJADO,DESPEJADO,0,0,0,0
-8094092.27310061,-4478888.02622133,5025,2024,1635232,-37.284865,-72.710468,1,2024/08/31 00:00:00+00,1899/12/30 00:00:00+00,REGION BIO BIO,LAJA,CHOQUE FRONTAL,CHOQUE,RURAL,CRUCE CON SENAL PARE,ALCOHOL EN CONDUCTOR,CONDUCCION EN ESTADO DE EBRIEDAD,CARACOLES,FELIX EICHER,CARACOLES - FELIX EICHER,0, , ,BIDIRECCIONAL,CONCRETO,BUENO,SECO,DESPEJADO,0,0,0,0
-8199406.96792152,-4524986.85489095,5026,2024,1645404,-37.613625,-73.656526,1,2024/10/21 00:00:00+00,1899/12/30 00:00:00+00,REGION BIO BIO,LEBU,CHOQUE FRENTE/POSTERIOR,CHOQUE,URBANA,TRAMO DE VIA RECTA,ALCOHOL EN CONDUCTOR,CONDUCCION EN ESTADO DE EBRIEDAD,ESTANQUE, ,- ESTANQUE,53, , ,BIDIRECCIONAL,ASFALTO,BUENO,SECO,DESPEJADO,0,0,0,0
-8132071.92301099,-4412481.59024519,5027,2024,1640392,-36.808744,-73.051645,1,2024/09/10 00:00:00+00,1899/12/30 00:00:00+00,REGION BIO BIO,CONCEPCION,COLISION LATERAL,COLISION,URBANA,CRUCE CON SEMAFORO FUNCIONANDO,IMPRUDENCIA DEL CONDUCTOR,CONDUCCION NO ATENTO CONDICIONES TRANSITO MOMENTO,JUAN DE DIOS RIVERA,PAICAVI,JUAN DE DIOS RIVERA - PAICAVI,0, , ,BIDIRECCIONAL,CONCRETO,BUENO,SECO,DESPEJADO,0,0,0,0
-8060172.11106099,-4443403.28988277,5028,2024,1635239,-37.030818,-72.405758,1,2024/09/01 00:00:00+00,1899/12/30 00:00:00+00,REGION BIO BIO,CABRERO,COLISION,COLISION,URBANA,CRUCE CON SENAL PARE,IMPRUDENCIA DEL CONDUCTOR,NO RESPETAR DERECHO PREFERENTE DE PASO A VEHICULO,DIAGONAL NORTE,ARTURO PRAT,ARTURO PRAT - DIAGONAL NORTE,0, , ,BIDIRECCIONAL,ASFALTO,BUENO,SECO,DESPEJADO,0,0,0,1
-8054122.45333383,-4505787.24770127,5029,2024,1645433,-37.476876,-72.351413,1,2024/10/22 00:00:00+00,1899/12/30 00:00:00+00,REGION BIO BIO,LOS ANGELES,COLISION LATERAL,COLISION,URBANA,TRAMO DE VIA RECTA,IMPRUDENCIA DEL CONDUCTOR,CONDUCCION NO ATENTO CONDICIONES TRANSITO MOMENTO,BERNARDO O'HIGGINS,PATRICIO LYNCH,BERNARDO O'HIGGINS - PATRICIO LYNCH,0, , ,UNIDIRECCIONAL,ASFALTO,REGULAR,SECO,DESPEJADO,0,0,0,0
-8133283.19039031,-4410617.94706411,5030,2024,1640409,-36.795339,-73.062526,1,2024/09/10 00:00:00+00,1899/12/30 00:00:00+00,REGION BIO BIO,CONCEPCION,COLISION POR ALCANCE,COLISION,URBANA,TRAMO DE VIA RECTA,IMPRUDENCIA DEL CONDUCTOR,CONDUCCION NO ATENTO CONDICIONES TRANSITO MOMENTO,PAICAVI, ,- PAICAVI,3280, , ,BIDIRECCIONAL CON BANDEJON,CONCRETO,BUENO,SECO,DESPEJADO,0,0,0,0
-8041795.04424288,-4538828.88296708,5031,2024,1635242,-37.712059,-72.240674,1,2024/09/05 00:00:00+00,1899/12/30 00:00:00+00,REGION BIO BIO,MULCHEN,ATROPELLO,ATROPELLO,URBANA,CRUCE SIN SENALIZACION,IMPRUDENCIA DEL CONDUCTOR,CONDUCCION NO ATENTO CONDICIONES TRANSITO MOMENTO,BALMACEDA,SOTOMAYOR,BALMACEDA - SOTOMAYOR,0, , ,UNIDIRECCIONAL,CONCRETO,BUENO,SECO,NUBLADO,0,0,0,1
-8053579.54817723,-4503999.77730899,5032,2024,1645440,-37.464132,-72.346536,1,2024/10/22 00:00:00+00,1899/12/30 00:00:00+00,REGION BIO BIO,LOS ANGELES,VOLCADURA,VOLCADURA,RURAL,TRAMO DE VIA RECTA,IMPRUDENCIA DEL CONDUCTOR,CONDUCCION NO ATENTO CONDICIONES TRANSITO MOMENTO,CAMINO A PARAGUAY, ,- CAMINO A PARAGUAY,65, , ,UNIDIRECCIONAL,ASFALTO,REGULAR,MOJADO,LLOVIZNA,0,1,0,0
-8051424.62547446,-4500771.2088336,5033,2024,1635250,-37.441108,-72.327178,1,2024/09/01 00:00:00+00,1899/12/30 00:00:00+00,REGION BIO BIO,LOS ANGELES,CHOQUE FRONTAL,CHOQUE,URBANA,TRAMO DE VIA RECTA,IMPRUDENCIA DEL CONDUCTOR,CONDUCCION NO ATENTO CONDICIONES TRANSITO MOMENTO,SOR VICENTA,LAS INDUSTRIAS,LAS INDUSTRIAS - SOR VICENTA,0, , ,BIDIRECCIONAL CON BANDEJON,ASFALTO,BUENO,MOJADO,LLUVIA,0,1,0,0
-8142990.36130697,-4424958.40093606,5034,2024,1640418,-36.898428,-73.149727,1,2024/09/13 00:00:00+00,1899/12/30 00:00:00+00,REGION BIO BIO,SAN PEDRO DE LA PAZ,COLISION LATERAL,COLISION,URBANA,CRUCE CON SENAL PARE,DESOBEDIENCIA A SENALIZACION,SENALIZACION DESOBEDECER SENAL PARE,LOS LIMONES,LOS SAUCES,LOS LIMONES - LOS SAUCES,0, , ,UNIDIRECCIONAL,ASFALTO,BUENO,SECO,DESPEJADO,0,0,0,0
-8052720.82962525,-4504447.03709989,5035,2024,1645447,-37.467321,-72.338822,1,2024/10/22 00:00:00+00,1899/12/30 00:00:00+00,REGION BIO BIO,LOS ANGELES,COLISION LATERAL,COLISION,URBANA,CRUCE CON SEMAFORO FUNCIONANDO,IMPRUDENCIA DEL CONDUCTOR,CONDUCCION NO ATENTO CONDICIONES TRANSITO MOMENTO,GUILLERMO MARCONI,COLO COLO,COLO COLO - GUILLERMO MARCONI,0, , ,UNIDIRECCIONAL,CONCRETO,BUENO,MOJADO,LLOVIZNA,0,1,0,0
-8053974.50973057,-4503253.82576369,5036,2024,1635259,-37.458813,-72.350084,1,2024/09/02 00:00:00+00,1899/12/30 00:00:00+00,REGION BIO BIO,LOS ANGELES,COLISION FRONTAL,COLISION,URBANA,CRUCE CON SEMAFORO FUNCIONANDO,IMPRUDENCIA DEL CONDUCTOR,CONDUCCION NO ATENTO CONDICIONES TRANSITO MOMENTO,ALMIRANTE LATORRE,NESTOR DEL RIO,ALMIRANTE LATORRE - NESTOR DEL RIO,0, , ,BIDIRECCIONAL,CONCRETO,REGULAR,HUMEDO,LLOVIZNA,0,0,0,3
-8133085.59829415,-4415011.13365242,5037,2024,1640425,-36.826935,-73.060751,1,2024/09/10 00:00:00+00,1899/12/30 00:00:00+00,REGION BIO BIO,CONCEPCION,COLISION LATERAL,COLISION,URBANA,CRUCE CON SEMAFORO FUNCIONANDO,IMPRUDENCIA DEL CONDUCTOR,CONDUCCION NO ATENTO CONDICIONES TRANSITO MOMENTO,LOS CARRERA,ARTURO PRAT,ARTURO PRAT - LOS CARRERA,0, , ,BIDIRECCIONAL CON BANDEJON,CONCRETO,BUENO,SECO,DESPEJADO,0,0,0,0
-8054227.53893314,-4506760.35778091,5038,2024,1635265,-37.483813,-72.352357,1,2024/09/02 00:00:00+00,1899/12/30 00:00:00+00,REGION BIO BIO,LOS ANGELES,COLISION FRONTAL,COLISION,URBANA,CRUCE CON SENAL PARE,IMPRUDENCIA DEL CONDUCTOR,CONDUCCION NO ATENTO CONDICIONES TRANSITO MOMENTO,LAS QUINTAS,SAN MARTIN,LAS QUINTAS - SAN MARTIN,0, , ,BIDIRECCIONAL,CONCRETO,BUENO,MOJADO,LLOVIZNA,0,0,0,0
-8054588.77068077,-4505139.35265462,5039,2024,1645476,-37.472257,-72.355602,1,2024/10/23 00:00:00+00,1899/12/30 00:00:00+00,REGION BIO BIO,LOS ANGELES,COLISION LATERAL,COLISION,URBANA,CRUCE CON SEMAFORO FUNCIONANDO,IMPRUDENCIA DEL CONDUCTOR,CONDUCCION NO ATENTO CONDICIONES TRANSITO MOMENTO,RICARDO VICUNA,ERCILLA,ERCILLA - RICARDO VICUNA,0, , ,UNIDIRECCIONAL,ASFALTO,BUENO,HUMEDO,DESPEJADO,0,0,0,0
-8143433.30156084,-4450722.84601317,5040,2024,1640435,-37.083291,-73.153706,1,2024/09/27 00:00:00+00,1899/12/30 00:00:00+00,REGION BIO BIO,LOTA,COLISION LATERAL,COLISION,URBANA,TRAMO DE VIA RECTA,IMPRUDENCIA DEL CONDUCTOR,CONDUCCION NO ATENTO CONDICIONES TRANSITO MOMENTO,FERNANDO MAIRA,LA PAZ,FERNANDO MAIRA - LA PAZ,0, , ,BIDIRECCIONAL,ASFALTO,BUENO,SECO,DESPEJADO,0,0,0,3
-8052512.99613594,-4508457.51971264,5041,2024,1635268,-37.49591,-72.336955,1,2024/09/02 00:00:00+00,1899/12/30 00:00:00+00,REGION BIO BIO,LOS ANGELES,COLISION LATERAL,COLISION,URBANA,CRUCE CON SENAL PARE,IMPRUDENCIA DEL CONDUCTOR,CONDUCCION NO ATENTO CONDICIONES TRANSITO MOMENTO,LOS CARRERA,LA FRONTERA,LA FRONTERA - LOS CARRERA,0, , ,BIDIRECCIONAL,CONCRETO,BUENO,MOJADO,LLUVIA,0,0,0,0
-8054375.48253641,-4504291.77730601,5042,2024,1645480,-37.466214,-72.353686,1,2024/10/23 00:00:00+00,1899/12/30 00:00:00+00,REGION BIO BIO,LOS ANGELES,COLISION LATERAL,COLISION,URBANA,TRAMO DE VIA RECTA,IMPRUDENCIA DEL CONDUCTOR,CONDUCCION NO ATENTO CONDICIONES TRANSITO MOMENTO,TUCAPEL,MENDOZA,MENDOZA - TUCAPEL,0, , ,BIDIRECCIONAL,ASFALTO,BUENO,MOJADO,LLUVIA,0,0,0,1
-8139584.43016666,-4416552.5713215,5043,2024,1640440,-36.838018,-73.119131,1,2024/09/17 00:00:00+00,1899/12/30 00:00:00+00,REGION BIO BIO,SAN PEDRO DE LA PAZ,COLISION POR ALCANCE,COLISION,URBANA,TRAMO DE VIA RECTA,IMPRUDENCIA DEL CONDUCTOR,CONDUCCION SIN MANTENER DISTANCIA RAZONABLE NI PRUDENTE,PEDRO AGUIRRE CERDA, ,- PEDRO AGUIRRE CERDA,2155, , ,BIDIRECCIONAL CON BANDEJON,CONCRETO,BUENO,SECO,DESPEJADO,0,0,0,0
-8138823.35000685,-4399203.22576806,5044,2024,1645487,-36.713183,-73.112294,1,2024/10/07 00:00:00+00,1899/12/30 00:00:00+00,REGION BIO BIO,TALCAHUANO,COLISION LATERAL,COLISION,URBANA,CRUCE CON SEMAFORO FUNCIONANDO,ALCOHOL EN CONDUCTOR,CONDUCCION EN ESTADO DE EBRIEDAD,BULNES,BLANCO ENCALADA,BLANCO ENCALADA - BULNES,0, , ,BIDIRECCIONAL CON BANDEJON,CONCRETO,BUENO,SECO,DESPEJADO,0,0,0,0
-8054488.47181956,-4494449.04291139,5045,2024,1640445,-37.396002,-72.354701,1,2024/09/24 00:00:00+00,1899/12/30 00:00:00+00,REGION BIO BIO,LOS ANGELES,COLISION LATERAL,COLISION,URBANA,TRAMO DE VIA RECTA,IMPRUDENCIA DEL CONDUCTOR,CONDUCCION NO ATENTO CONDICIONES TRANSITO MOMENTO,LAS INDUSTRIAS, ,- LAS INDUSTRIAS,705, , ,BIDIRECCIONAL,ASFALTO,BUENO,SECO,DESPEJADO,0,0,0,0
-8056509.58849441,-4505045.09630892,5046,2024,1635280,-37.471585,-72.372857,1,2024/09/02 00:00:00+00,1899/12/30 00:00:00+00,REGION BIO BIO,LOS ANGELES,CHOQUE POSTERIOR/FRENTE,CHOQUE,URBANA,TRAMO DE VIA RECTA,IMPRUDENCIA DEL CONDUCTOR,CONDUCCION NO ATENTO CONDICIONES TRANSITO MOMENTO,TEMUCO,COLO COLO,COLO COLO - TEMUCO,0, , ,BIDIRECCIONAL,ASFALTO,BUENO,SECO,NUBLADO,0,0,0,0
-8140794.02775362,-4399326.83541518,5047,2024,1645488,-36.714073,-73.129997,1,2024/10/08 00:00:00+00,1899/12/30 00:00:00+00,REGION BIO BIO,TALCAHUANO,COLISION POR ALCANCE,COLISION,URBANA,TRAMO DE VIA RECTA,IMPRUDENCIA DEL CONDUCTOR,CONDUCCION SIN MANTENER DISTANCIA RAZONABLE NI PRUDENTE,ANCAHUAL, ,- ANCAHUAL,470, , ,BIDIRECCIONAL,CONCRETO,BUENO,SECO,DESPEJADO,0,0,0,0
-8053604.70638215,-4503037.44102522,5048,2024,1640457,-37.45727,-72.346762,1,2024/09/25 00:00:00+00,1899/12/30 00:00:00+00,REGION BIO BIO,LOS ANGELES,CHOQUE POSTERIOR/FRENTE,CHOQUE,URBANA,TRAMO DE VIA RECTA,IMPRUDENCIA DEL CONDUCTOR,CONDUCCION NO ATENTO CONDICIONES TRANSITO MOMENTO,ALMAGRO, ,- ALMAGRO,1330, , ,UNIDIRECCIONAL,CONCRETO,BUENO,SECO,DESPEJADO,0,0,0,1
-8055064.10490645,-4506273.86158763,5049,2024,1635295,-37.480345,-72.359872,1,2024/09/02 00:00:00+00,1899/12/30 00:00:00+00,REGION BIO BIO,LOS ANGELES,COLISION FRONTAL,COLISION,URBANA,CRUCE CON SENAL CEDA EL PASO,IMPRUDENCIA DEL CONDUCTOR,CONDUCCION NO ATENTO CONDICIONES TRANSITO MOMENTO,VICUNA MACKENNA,JOSE MIGUEL INFANTE,JOSE MIGUEL INFANTE - VICUNA MACKENNA,0, , ,UNIDIRECCIONAL,CONCRETO,BUENO,HUMEDO,DESPEJADO,0,0,0,0
-8138246.48120682,-4404706.77418693,5050,2024,1645489,-36.752805,-73.107112,1,2024/10/08 00:00:00+00,1899/12/30 00:00:00+00,REGION BIO BIO,TALCAHUANO,VOLCADURA,VOLCADURA,URBANA,TRAMO DE VIA RECTA,VELOCIDAD IMPRUDENTE,VELOCIDAD NO RAZONABLE NI PRUDENTE,DESIDERIO GARCIA, ,- DESIDERIO GARCIA,240, , ,BIDIRECCIONAL CON BANDEJON,CONCRETO,BUENO,SECO,DESPEJADO,0,1,0,0
-8053123.69486244,-4502976.71947375,5051,2024,1640465,-37.456837,-72.342441,1,2024/09/25 00:00:00+00,1899/12/30 00:00:00+00,REGION BIO BIO,LOS ANGELES,CHOQUE FRENTE/POSTERIOR,CHOQUE,URBANA,OTROS NO CONSIDERADOS,IMPRUDENCIA DEL CONDUCTOR,CONDUCCION NO ATENTO CONDICIONES TRANSITO MOMENTO,SANTIAGO MORSE, ,- SANTIAGO MORSE,300, , ,BIDIRECCIONAL,CONCRETO,BUENO,SECO,DESPEJADO,0,0,0,0
-8054701.53732494,-4506294.76306481,5052,2024,1635306,-37.480494,-72.356615,1,2024/09/02 00:00:00+00,1899/12/30 00:00:00+00,REGION BIO BIO,LOS ANGELES,CHOQUE POSTERIOR/FRENTE,CHOQUE,URBANA,TRAMO DE VIA RECTA,IMPRUDENCIA DEL CONDUCTOR,CONDUCCION NO ATENTO CONDICIONES TRANSITO MOMENTO,VICUNA MACKENNA,LORD COCHRANE,LORD COCHRANE - VICUNA MACKENNA,0, , ,BIDIRECCIONAL CON BANDEJON,CONCRETO,BUENO,SECO,NUBLADO,0,0,0,0
-8135982.98130212,-4408601.59243962,5053,2024,1645490,-36.780833,-73.086779,1,2024/10/09 00:00:00+00,1899/12/30 00:00:00+00,REGION BIO BIO,TALCAHUANO,COLISION LATERAL,COLISION,URBANA,CRUCE CON SEMAFORO FUNCIONANDO,DESOBEDIENCIA A SENALIZACION,SENALIZACION DESOBEDECER LUZ ROJA DE SEMAFORO,CRISTOBAL COLON,SAN MIGUEL,CRISTOBAL COLON - SAN MIGUEL,0, , ,BIDIRECCIONAL,CONCRETO,BUENO,SECO,DESPEJADO,0,0,0,1
-8016178.20302153,-4533105.29309622,5054,2024,1635413,-37.671373,-72.010554,1,2024/09/04 00:00:00+00,1899/12/30 00:00:00+00,REGION BIO BIO,SANTA BARBARA,CHOQUE,CHOQUE,URBANA,ACERA O BERMA,IMPRUDENCIA DEL CONDUCTOR,CONDUCCION NO ATENTO CONDICIONES TRANSITO MOMENTO,ARTURO PRAT, ,- ARTURO PRAT,1260, , ,BIDIRECCIONAL,CONCRETO,BUENO,SECO,NUBLADO,0,0,0,0
-8142990.36130697,-4424958.40093606,5055,2024,1640522,-36.898428,-73.149727,1,2024/09/19 00:00:00+00,1899/12/30 00:00:00+00,REGION BIO BIO,SAN PEDRO DE LA PAZ,COLISION POR ALCANCE,COLISION,URBANA,CRUCE CON SENAL PARE,DESOBEDIENCIA A SENALIZACION,SENALIZACION DESOBEDECER SENAL PARE,LOS LIMONES,LOS SAUCES,LOS LIMONES - LOS SAUCES,0, , ,BIDIRECCIONAL,ASFALTO,BUENO,SECO,NUBLADO,0,0,0,1
-8138265.18288127,-4404656.20134808,5056,2024,1645491,-36.752441,-73.10728,1,2024/10/09 00:00:00+00,1899/12/30 00:00:00+00,REGION BIO BIO,TALCAHUANO,CHOQUE LADO/LADO,CHOQUE,URBANA,TRAMO DE VIA RECTA,IMPRUDENCIA DEL CONDUCTOR,CONDUCCION NO ATENTO CONDICIONES TRANSITO MOMENTO,TAL TAL, ,- TAL TAL,219, , ,BIDIRECCIONAL,CONCRETO,BUENO,SECO,DESPEJADO,0,0,0,1
-8054015.14134471,-4503780.99301467,5057,2024,1635489,-37.462572,-72.350449,1,2024/09/02 00:00:00+00,1899/12/30 00:00:00+00,REGION BIO BIO,LOS ANGELES,CHOQUE LADO/POSTERIOR,CHOQUE,URBANA,TRAMO DE VIA RECTA,IMPRUDENCIA DEL CONDUCTOR,CONDUCCION NO ATENTO CONDICIONES TRANSITO MOMENTO,JANEQUEO,COLON,COLON - JANEQUEO,0, , ,UNIDIRECCIONAL,CONCRETO,REGULAR,SECO,LLUVIA,0,0,0,0
-8125500.06555252,-4402450.12529223,5058,2024,1640533,-36.736561,-72.992609,1,2024/09/09 00:00:00+00,1899/12/30 00:00:00+00,REGION BIO BIO,PENCO,COLISION LATERAL,COLISION,URBANA,TRAMO DE VIA RECTA,DESOBEDIENCIA A SENALIZACION,SENALIZACION DESOBEDECER SENAL PARE,EL ROBLE, ,- EL ROBLE,200, , ,UNIDIRECCIONAL,ASFALTO,BUENO,SECO,DESPEJADO,0,0,0,0
-8139112.88080367,-4407057.84244869,5059,2024,1645492,-36.769725,-73.114895,1,2024/10/10 00:00:00+00,1899/12/30 00:00:00+00,REGION BIO BIO,TALCAHUANO,COLISION LATERAL,COLISION,URBANA,CRUCE SIN SENALIZACION,IMPRUDENCIA DEL CONDUCTOR,NO RESPETAR DERECHO PREFERENTE DE PASO A VEHICULO,CALLE UNO,GRAN BRETANA,CALLE UNO - GRAN BRETANA,0, , ,BIDIRECCIONAL CON BANDEJON,CONCRETO,BUENO,SECO,DESPEJADO,0,0,0,0
-8055191.00912596,-4504707.35136202,5060,2024,1635492,-37.469177,-72.361012,1,2024/09/02 00:00:00+00,1899/12/30 00:00:00+00,REGION BIO BIO,LOS ANGELES,CHOQUE POSTERIOR/POSTERIOR,CHOQUE,URBANA,TRAMO DE VIA RECTA,IMPRUDENCIA DEL CONDUCTOR,CONDUCCION NO ATENTO CONDICIONES TRANSITO MOMENTO,COLO COLO,ARTURO PRAT,ARTURO PRAT - COLO COLO,0, , ,UNIDIRECCIONAL,CONCRETO,BUENO,SECO,DESPEJADO,0,0,0,0
-8126163.08443968,-4403555.19008449,5061,2024,1640540,-36.744516,-72.998565,1,2024/09/14 00:00:00+00,1899/12/30 00:00:00+00,REGION BIO BIO,PENCO,COLISION LATERAL,COLISION,URBANA,TRAMO DE VIA RECTA,DESOBEDIENCIA A SENALIZACION,SENALIZACION DESOBEDECER SENAL CEDA EL PASO,MAX GRISSAR, ,- MAX GRISSAR,100, , ,UNIDIRECCIONAL,ASFALTO,BUENO,SECO,DESPEJADO,0,0,0,2
-8140704.19292455,-4399387.52030316,5062,2024,1645493,-36.71451,-73.12919,1,2024/10/16 00:00:00+00,1899/12/30 00:00:00+00,REGION BIO BIO,TALCAHUANO,COLISION LATERAL,COLISION,URBANA,CRUCE CON SENAL PARE,DESOBEDIENCIA A SENALIZACION,SENALIZACION DESOBEDECER SENAL PARE,VIOLETA PARRA,LOS ARAUCANOS,LOS ARAUCANOS - VIOLETA PARRA,0, , ,BIDIRECCIONAL,CONCRETO,BUENO,SECO,DESPEJADO,0,0,0,1
-8055190.78648698,-4504641.29039582,5063,2024,1635493,-37.468706,-72.36101,1,2024/09/03 00:00:00+00,1899/12/30 00:00:00+00,REGION BIO BIO,LOS ANGELES,COLISION LATERAL,COLISION,URBANA,CRUCE CON SENAL CEDA EL PASO,IMPRUDENCIA DEL CONDUCTOR,CONDUCCION NO ATENTO CONDICIONES TRANSITO MOMENTO,LOS ANGELES,HUASCAR,HUASCAR - LOS ANGELES,0, , ,BIDIRECCIONAL CON BANDEJON,CONCRETO,BUENO,SECO,DESPEJADO,0,0,0,0