X,Y,FID,Año,IdAccident,Latitud,longitud,ClaseAccid,Fecha,Hora,Región,Comuna,Tipo_Accid,Tipo__CONA,Zona,Ubicación,Causa__CON,Causa_Acci,Calle_Uno,Calle_Dos,Intersecci,Número,Ruta,Ubicaci_1,Calzada,Tipo_Calza,Estado_Cal,Condición,Estado_Atm,Fallecidos,Graves,Menos_Grav,Leves
-8155448.7934386,-4481761.11240137,5064,2024,1640549,-37.305397,-73.261643,1,2024/09/08 00:00:00+00,1899/12/30 00:00:00+00,REGION BIO BIO,ARAUCO,CHOQUE,CHOQUE,URBANA,TRAMO DE VIA RECTA,IMPRUDENCIA DEL CONDUCTOR,CONDUCCION NO ATENTO CONDICIONES TRANSITO MOMENTO,JULIO MONTT, ,- JULIO MONTT,112, , ,BIDIRECCIONAL,CONCRETO,BUENO,SECO,NUBLADO,0,0,0,0
-8136401.91724438,-4408716.96389928,5065,2024,1645494,-36.781663,-73.090542,1,2024/10/16 00:00:00+00,1899/12/30 00:00:00+00,REGION BIO BIO,TALCAHUANO,COLISION LATERAL,COLISION,URBANA,TRAMO DE VIA RECTA,IMPRUDENCIA DEL CONDUCTOR,ADELANTAMIENTO SIN EL ESPACIO O TIEMPO SUFICIENTE,LAS GOLONDRINAS, ,- LAS GOLONDRINAS,5691, , ,BIDIRECCIONAL,CONCRETO,BUENO,SECO,DESPEJADO,0,0,0,0
-8137385.64758451,-4411358.63839299,5066,2024,1635525,-36.800667,-73.099379,1,2024/08/28 00:00:00+00,1899/12/30 00:00:00+00,REGION BIO BIO,HUALPEN,COLISION,COLISION,URBANA,CRUCE CON SENAL CEDA EL PASO,DESOBEDIENCIA A SENALIZACION,SENALIZACION DESOBEDECER SENAL CEDA EL PASO,RUCALHUE,QUINCHAMALI,QUINCHAMALI - RUCALHUE,0, , ,BIDIRECCIONAL,CONCRETO,BUENO,SECO,DESPEJADO,0,0,0,0
-8161141.33823929,-4473308.93340929,5067,2024,1640575,-37.244979,-73.31278,1,2024/09/10 00:00:00+00,1899/12/30 00:00:00+00,REGION BIO BIO,ARAUCO,CHOQUE,CHOQUE,URBANA,TRAMO DE VIA RECTA,IMPRUDENCIA DEL CONDUCTOR,CONDUCCION NO ATENTO CONDICIONES TRANSITO MOMENTO,LOS CARRERA,CARLOS CONDELL,CARLOS CONDELL - LOS CARRERA,0, , ,BIDIRECCIONAL,CONCRETO,BUENO,SECO,DESPEJADO,0,0,0,0
-8136566.11349329,-4404705.38482002,5068,2024,1645495,-36.752795,-73.092017,1,2024/10/15 00:00:00+00,1899/12/30 00:00:00+00,REGION BIO BIO,TALCAHUANO,OTRO TIPO,OTRO TIPO,URBANA,TRAMO DE VIA RECTA,IMPRUDENCIA DEL CONDUCTOR,CONDUCCION NO ATENTO CONDICIONES TRANSITO MOMENTO,CRISTOBAL COLON, ,- CRISTOBAL COLON,120, , ,BIDIRECCIONAL,CONCRETO,BUENO,SECO,DESPEJADO,0,0,0,1
-8136701.92327206,-4410253.59810679,5069,2024,1635532,-36.792718,-73.093237,1,2024/09/05 00:00:00+00,1899/12/30 00:00:00+00,REGION BIO BIO,HUALPEN,CAIDA,CAIDA,URBANA,CRUCE SIN SENALIZACION,VELOCIDAD IMPRUDENTE,VELOCIDAD MAYOR QUE MAXIMA PERMITIDA,CORRAL,CARAMPANGUE,CARAMPANGUE - CORRAL,0, , ,BIDIRECCIONAL,CONCRETO,BUENO,SECO,DESPEJADO,0,0,0,0
-8161303.08545941,-4473341.79561065,5070,2024,1640609,-37.245214,-73.314233,1,2024/09/14 00:00:00+00,1899/12/30 00:00:00+00,REGION BIO BIO,ARAUCO,COLISION LATERAL,COLISION,URBANA,CRUCE CON SEMAFORO FUNCIONANDO,IMPRUDENCIA DEL CONDUCTOR,CONDUCCION NO ATENTO CONDICIONES TRANSITO MOMENTO,CARLOS CONDELL,O'HIGGINS,CARLOS CONDELL - O'HIGGINS,0, , ,UNIDIRECCIONAL,CONCRETO,BUENO,SECO,DESPEJADO,0,0,0,0
-8140919.93009771,-4399483.61698746,5071,2024,1645497,-36.715202,-73.131128,1,2024/10/15 00:00:00+00,1899/12/30 00:00:00+00,REGION BIO BIO,TALCAHUANO,CHOQUE POSTERIOR,CHOQUE,URBANA,TRAMO DE VIA RECTA,FALLAS MECANICAS,FALLAS MECANICAS FRENOS,LOS ARAUCANOS, ,- LOS ARAUCANOS,584, , ,BIDIRECCIONAL,CONCRETO,BUENO,SECO,DESPEJADO,0,0,0,0
-8139085.16225046,-4407329.94400236,5072,2024,1635537,-36.771683,-73.114646,1,2024/09/06 00:00:00+00,1899/12/30 00:00:00+00,REGION BIO BIO,HUALPEN,COLISION,COLISION,URBANA,ROTONDA,IMPRUDENCIA DEL CONDUCTOR,CONDUCIR VEHICULO EN RETROCESO,COSTANERA,GRAN BRETANA,COSTANERA - GRAN BRETANA,0, , ,BIDIRECCIONAL CON BANDEJON,CONCRETO,BUENO,SECO,DESPEJADO,0,0,0,0
-8129752.02482286,-4413293.04777415,5073,2024,1640633,-36.81458,-73.030805,1,2024/09/29 00:00:00+00,1899/12/30 00:00:00+00,REGION BIO BIO,CONCEPCION,COLISION PERPENDICULAR,COLISION,URBANA,CRUCE CON SEMAFORO FUNCIONANDO,DESOBEDIENCIA A SENALIZACION,SENALIZACION DESOBEDECER LUZ ROJA DE SEMAFORO,JUAN BOSCO,COLLAO,COLLAO - JUAN BOSCO,0, , ,BIDIRECCIONAL,CONCRETO,BUENO,SECO,NUBLADO,0,1,0,0
-8135772.73948241,-4403537.40812272,5074,2024,1645498,-36.744388,-73.08489,1,2024/10/12 00:00:00+00,1899/12/30 00:00:00+00,REGION BIO BIO,TALCAHUANO,COLISION LATERAL,COLISION,URBANA,CRUCE CON SENAL PARE,DESOBEDIENCIA A SENALIZACION,SENALIZACION DESOBEDECER SENAL PARE,VOLCAN OSORNO,ALMIRANTE NEFF,ALMIRANTE NEFF - VOLCAN OSORNO,0, , ,BIDIRECCIONAL,CONCRETO,BUENO,SECO,DESPEJADO,0,1,0,0
-8137086.19815428,-4410368.97624472,5075,2024,1635548,-36.793548,-73.096689,1,2024/09/08 00:00:00+00,1899/12/30 00:00:00+00,REGION BIO BIO,HUALPEN,COLISION,COLISION,URBANA,CRUCE CON SENAL PARE,DESOBEDIENCIA A SENALIZACION,SENALIZACION DESOBEDECER SENAL PARE,POSTDAM,LAS AMERICAS,LAS AMERICAS - POSTDAM,0, , ,BIDIRECCIONAL,CONCRETO,BUENO,SECO,DESPEJADO,0,0,0,0
-8131086.411559,-4409736.49698877,5076,2024,1640635,-36.788998,-73.042792,1,2024/09/29 00:00:00+00,1899/12/30 00:00:00+00,REGION BIO BIO,CONCEPCION,CHOQUE,CHOQUE,URBANA,TRAMO DE VIA RECTA,IMPRUDENCIA DEL CONDUCTOR,CONDUCCION NO ATENTO CONDICIONES TRANSITO MOMENTO,LOS LLEUQUES,ABDON CIFUENTES,ABDON CIFUENTES - LOS LLEUQUES,0, , ,BIDIRECCIONAL CON BANDEJON,CONCRETO,BUENO,SECO,NUBLADO,0,0,0,0
-8161351.50943791,-4474656.36770757,5077,2024,1635573,-37.254614,-73.314668,1,2024/09/07 00:00:00+00,1899/12/30 00:00:00+00,REGION BIO BIO,ARAUCO,OTRO TIPO,OTRO TIPO,URBANA,OTROS NO CONSIDERADOS,OTRAS CAUSAS,OTRAS CAUSAS,LOS CLAVELES, ,- LOS CLAVELES,51, , ,BIDIRECCIONAL,CONCRETO,BUENO,SECO,NUBLADO,0,0,0,0
-8138422.0320438,-4401257.25616295,5078,2024,1645499,-36.727973,-73.108689,1,2024/10/10 00:00:00+00,1899/12/30 00:00:00+00,REGION BIO BIO,TALCAHUANO,CHOQUE FRENTE/POSTERIOR,CHOQUE,URBANA,CRUCE CON SEMAFORO FUNCIONANDO,IMPRUDENCIA DEL CONDUCTOR,CONDUCCION SIN MANTENER DISTANCIA RAZONABLE NI PRUDENTE,PEREZ GACITUA, ,- PEREZ GACITUA,279, , ,BIDIRECCIONAL CON BANDEJON,CONCRETO,BUENO,SECO,DESPEJADO,0,0,0,1
-8161642.60990633,-4473932.49367627,5079,2024,1635605,-37.249438,-73.317283,1,2024/09/07 00:00:00+00,1899/12/30 00:00:00+00,REGION BIO BIO,ARAUCO,COLISION,COLISION,URBANA,CRUCE CON SENAL CEDA EL PASO,IMPRUDENCIA DEL CONDUCTOR,CONDUCCION NO ATENTO CONDICIONES TRANSITO MOMENTO,CAUPOLICAN, ,- CAUPOLICAN,621, , ,BIDIRECCIONAL,CONCRETO,BUENO,SECO,DESPEJADO,0,0,0,0
-8126939.42656847,-4415867.29035258,5080,2024,1640656,-36.833091,-73.005539,1,2024/09/27 00:00:00+00,1899/12/30 00:00:00+00,REGION BIO BIO,CONCEPCION,CHOQUE POSTERIOR,CHOQUE,URBANA,PASO PARA PEATONES,IMPRUDENCIA DEL CONDUCTOR,CONDUCCION NO ATENTO CONDICIONES TRANSITO MOMENTO,CAMINO NONGUEN,30 DE OCTUBRE,30 DE OCTUBRE - CAMINO NONGUEN,0, , ,BIDIRECCIONAL,CONCRETO,BUENO,SECO,NUBLADO,0,0,0,0
-8119292.11150945,-4384826.92795896,5081,2024,1635649,-36.609586,-72.936842,1,2024/08/31 00:00:00+00,1899/12/30 00:00:00+00,REGION BIO BIO,TOME,COLISION LATERAL,COLISION,URBANA,TRAMO DE VIA CURVA VERTICAL,IMPRUDENCIA DEL CONDUCTOR,CONDUCCION NO ATENTO CONDICIONES TRANSITO MOMENTO,CAMINO A VEGUILLAS, ,- CAMINO A VEGUILLAS,1821, , ,BIDIRECCIONAL,RIPIO,BUENO, ,DESPEJADO,0,0,0,0
-8073446.73769911,-4521314.20565818,5082,2024,1645534,-37.587486,-72.525006,1,2024/10/19 00:00:00+00,1899/12/30 00:00:00+00,REGION BIO BIO,NEGRETE,CHOQUE,CHOQUE,URBANA,TRAMO DE VIA RECTA,ALCOHOL EN CONDUCTOR,CONDUCCION EN ESTADO DE EBRIEDAD,JUAN ANTONIO RIOS, ,- JUAN ANTONIO RIOS,1, , ,BIDIRECCIONAL,ASFALTO,BUENO,SECO,DESPEJADO,0,0,0,1
-8141965.55407473,-4443843.38316453,5083,2024,1640666,-37.033974,-73.140521,1,2024/09/22 00:00:00+00,1899/12/30 00:00:00+00,REGION BIO BIO,CORONEL,CHOQUE,CHOQUE,URBANA,TRAMO DE VIA RECTA,ALCOHOL EN CONDUCTOR,CONDUCCION EN ESTADO DE EBRIEDAD,MANUEL MONTT,SANTA SOFIA,MANUEL MONTT - SANTA SOFIA,0, , ,BIDIRECCIONAL,ASFALTO,BUENO,SECO,DESPEJADO,0,0,0,1
-8121594.08725956,-4383922.36795847,5084,2024,1635662,-36.603063,-72.957521,1,2024/09/01 00:00:00+00,1899/12/30 00:00:00+00,REGION BIO BIO,TOME,CHOQUE FRENTE/POSTERIOR,CHOQUE,URBANA,TRAMO DE VIA RECTA,IMPRUDENCIA DEL CONDUCTOR,CONDUCCION NO ATENTO CONDICIONES TRANSITO MOMENTO,MARIA DE RAUTEN, ,- MARIA DE RAUTEN,874, , ,BIDIRECCIONAL,CONCRETO,BUENO,SECO,DESPEJADO,0,0,0,0
-8161579.26911607,-4473553.51454775,5085,2024,1645536,-37.246728,-73.316714,1,2024/10/23 00:00:00+00,1899/12/30 00:00:00+00,REGION BIO BIO,ARAUCO,CHOQUE POSTERIOR,CHOQUE,URBANA,CRUCE REGULADO POR CARABINERO,IMPRUDENCIA DEL CONDUCTOR,CONDUCCION NO ATENTO CONDICIONES TRANSITO MOMENTO,ARTURO PRAT,COCHRANE,ARTURO PRAT - COCHRANE,0, , ,BIDIRECCIONAL CON BANDEJON,CONCRETO,BUENO,SECO,DESPEJADO,0,0,0,4
-8163153.77199385,-4506856.73384149,5086,2024,1640675,-37.4845,-73.330858,1,2024/09/16 00:00:00+00,1899/12/30 00:00:00+00,REGION BIO BIO,ARAUCO,COLISION LATERAL,COLISION,URBANA,TRAMO DE VIA RECTA,IMPRUDENCIA DEL CONDUCTOR,CONDUCCION CAMBIAR SORPRESIVAMENTE PISTA CIRCULACION,CAMINO VIEJO A CURANILAHUE,LAS AZUCENAS,CAMINO VIEJO A CURANILAHUE - LAS AZUCENAS,0, , ,BIDIRECCIONAL,CONCRETO,BUENO,SECO,DESPEJADO,0,0,0,0
-8163993.34359341,-4473392.69726526,5087,2024,1635677,-37.245578,-73.3384,1,2024/09/08 00:00:00+00,1899/12/30 00:00:00+00,REGION BIO BIO,ARAUCO,CHOQUE LADO/POSTERIOR,CHOQUE,URBANA,TRAMO DE VIA RECTA,IMPRUDENCIA DEL CONDUCTOR,CONDUCCION NO ATENTO CONDICIONES TRANSITO MOMENTO,MELI, ,- MELI,55, , ,BIDIRECCIONAL,CONCRETO,BUENO,SECO,DESPEJADO,0,0,0,0
-8144162.8895035,-4436584.73816077,5088,2024,1635691,-36.981904,-73.16026,1,2024/08/26 00:00:00+00,1899/12/30 00:00:00+00,REGION BIO BIO,CORONEL,CHOQUE LATERAL,CHOQUE,URBANA,TRAMO DE VIA RECTA,IMPRUDENCIA DEL CONDUCTOR,CONDUCCION NO ATENTO CONDICIONES TRANSITO MOMENTO,LOS ALAMOS,LAS ENCINAS,LAS ENCINAS - LOS ALAMOS,0, , ,BIDIRECCIONAL,CONCRETO,BUENO,SECO,DESPEJADO,0,0,0,0
-8139342.86687164,-4416450.20058656,5089,2024,1645541,-36.837282,-73.116961,1,2024/10/19 00:00:00+00,1899/12/30 00:00:00+00,REGION BIO BIO,SAN PEDRO DE LA PAZ,COLISION,COLISION,RURAL,TRAMO DE VIA CURVA VERTICAL,IMPRUDENCIA DEL CONDUCTOR,ADELANTAMIENTO SIN EL ESPACIO O TIEMPO SUFICIENTE,PEDRO AGUIRRE CERDA, ,- PEDRO AGUIRRE CERDA,1821, , ,BIDIRECCIONAL,ASFALTO,BUENO,SECO,DESPEJADO,0,0,0,0
-8131879.22897243,-4414214.42461997,5090,2024,1640687,-36.821206,-73.049914,1,2024/09/30 00:00:00+00,1899/12/30 00:00:00+00,REGION BIO BIO,CONCEPCION,ATROPELLO,ATROPELLO,URBANA,CRUCE CON SENAL PARE,IMPRUDENCIA DEL PEATON,PEATON CRUZA CALZADA FUERA PASO PEATONES,LAS HERAS,CASTELLON,CASTELLON - LAS HERAS,0, , ,UNIDIRECCIONAL,CONCRETO,BUENO,SECO,LLUVIA,0,0,0,1
-8090150.22729264,-4509603.8943913,5091,2024,1645584,-37.50408,-72.675056,1,2024/10/22 00:00:00+00,1899/12/30 00:00:00+00,REGION BIO BIO,NACIMIENTO,CHOQUE,CHOQUE,RURAL,TRAMO DE VIA RECTA,IMPRUDENCIA DEL CONDUCTOR,CONDUCCION NO ATENTO CONDICIONES TRANSITO MOMENTO,CAMINO VECINAL LA HIGUERA, ,- CAMINO VECINAL LA HIGUERA,2, , ,BIDIRECCIONAL,ASFALTO,BUENO,SECO,DESPEJADO,0,0,0,0
-8135010.75756793,-4404966.03322214,5092,2024,1635699,-36.754671,-73.078045,1,2024/09/08 00:00:00+00,1899/12/30 00:00:00+00,REGION BIO BIO,TALCAHUANO,COLISION,COLISION,URBANA,TRAMO DE VIA RECTA,IMPRUDENCIA DEL CONDUCTOR,CONDUCIR VEHICULO EN RETROCESO,JAIME REPULLO, ,- JAIME REPULLO,1750, , ,BIDIRECCIONAL,CONCRETO,BUENO,SECO,DESPEJADO,0,0,0,0
-8141965.55407473,-4443843.38316453,5093,2024,1640688,-37.033974,-73.140521,1,2024/09/28 00:00:00+00,1899/12/30 00:00:00+00,REGION BIO BIO,CORONEL,ATROPELLO,ATROPELLO,URBANA,TRAMO DE VIA RECTA,IMPRUDENCIA DEL CONDUCTOR,CONDUCCION NO ATENTO CONDICIONES TRANSITO MOMENTO,LOS ROBLES, ,- LOS ROBLES,3108, , ,BIDIRECCIONAL,ASFALTO,BUENO,SECO,DESPEJADO,0,0,0,1
-8136392.56640715,-4412282.3504511,5094,2024,1645603,-36.807311,-73.090458,1,2024/09/13 00:00:00+00,1899/12/30 00:00:00+00,REGION METROPOLITANA,PEDRO AGUIRRE CERDA,ATROPELLO,ATROPELLO,URBANA,TRAMO DE VIA RECTA,IMPRUDENCIA DEL CONDUCTOR,CONDUCCION NO ATENTO CONDICIONES TRANSITO MOMENTO,MAIPU, ,- MAIPU,3301, , ,UNIDIRECCIONAL,ASFALTO,BUENO,SECO,DESPEJADO,0,0,0,2
-8145569.18863069,-4435709.91018599,5095,2024,1635701,-36.975626,-73.172893,1,2024/08/30 00:00:00+00,1899/12/30 00:00:00+00,REGION BIO BIO,CORONEL,COLISION,COLISION,URBANA,TRAMO DE VIA RECTA,IMPRUDENCIA DEL CONDUCTOR,CONDUCCION NO ATENTO CONDICIONES TRANSITO MOMENTO,OCEANO PACIFICO, ,- OCEANO PACIFICO,3036, , ,BIDIRECCIONAL,ASFALTO,BUENO,SECO,DESPEJADO,0,0,0,1
-8160696.83951255,-4474050.66523271,5096,2024,1640694,-37.250283,-73.308787,1,2024/09/17 00:00:00+00,1899/12/30 00:00:00+00,REGION BIO BIO,ARAUCO,CHOQUE,CHOQUE,URBANA,TRAMO DE VIA RECTA,IMPRUDENCIA DEL CONDUCTOR,CONDUCCION NO ATENTO CONDICIONES TRANSITO MOMENTO,LOS CANELOS, ,- LOS CANELOS,10, , ,BIDIRECCIONAL,CONCRETO,BUENO,SECO,NUBLADO,0,0,0,0
-8199471.75586516,-4524245.87032943,5097,2024,1645617,-37.608352,-73.657108,1,2024/10/22 00:00:00+00,1899/12/30 00:00:00+00,REGION BIO BIO,LEBU,VOLCADURA,VOLCADURA,URBANA,CRUCE CON SENAL CEDA EL PASO,VELOCIDAD IMPRUDENTE,VELOCIDAD NO RAZONABLE NI PRUDENTE,MACKAY,O'HIGGINS,MACKAY - O'HIGGINS,0, , ,UNIDIRECCIONAL,ASFALTO,BUENO,SECO,DESPEJADO,0,0,1,1
-8054112.10062119,-4505611.20817257,5098,2024,1635704,-37.475621,-72.35132,1,2024/09/04 00:00:00+00,1899/12/30 00:00:00+00,REGION BIO BIO,LOS ANGELES,COLISION LATERAL,COLISION,URBANA,TRAMO DE VIA RECTA,IMPRUDENCIA DEL CONDUCTOR,CONDUCCION NO ATENTO CONDICIONES TRANSITO MOMENTO,BERNARDO O'HIGGINS,BAQUEDANO,BAQUEDANO - BERNARDO O'HIGGINS,0, , ,UNIDIRECCIONAL,CONCRETO,BUENO,SECO,DESPEJADO,0,0,0,0
-8142752.13759668,-4443107.95236466,5099,2024,1640696,-37.0287,-73.147587,1,2024/09/30 00:00:00+00,1899/12/30 00:00:00+00,REGION BIO BIO,CORONEL,COLISION,COLISION,URBANA,TRAMO DE VIA RECTA,IMPRUDENCIA DEL CONDUCTOR,ADELANTAMIENTO SIN EL ESPACIO O TIEMPO SUFICIENTE,GENERAL CARLOS PRATS,COCHRANE,COCHRANE - GENERAL CARLOS PRATS,0, , ,BIDIRECCIONAL,ASFALTO,BUENO,SECO,DESPEJADO,0,0,0,1
-8134868.15730023,-4411930.17925183,5100,2024,1645618,-36.804778,-73.076764,1,2024/10/23 00:00:00+00,1899/12/30 00:00:00+00,REGION BIO BIO,HUALPEN,COLISION,COLISION,URBANA,ENLACE A DESNIVEL,IMPRUDENCIA DEL CONDUCTOR,CONDUCCION NO ATENTO CONDICIONES TRANSITO MOMENTO,PRESIDENTE JORGE ALESSANDRI RODRIGUEZ,CRISTOBAL COLON,CRISTOBAL COLON - PRESIDENTE JORGE ALESSANDRI RODRIGUEZ,0, , ,BIDIRECCIONAL,CONCRETO,BUENO,SECO,DESPEJADO,0,0,0,0
-8143420.38849991,-4436598.39485615,5101,2024,1635708,-36.982002,-73.15359,1,2024/09/03 00:00:00+00,1899/12/30 00:00:00+00,REGION BIO BIO,CORONEL,CHOQUE FRENTE/POSTERIOR,CHOQUE,URBANA,CRUCE CON SEMAFORO FUNCIONANDO,IMPRUDENCIA DEL CONDUCTOR,CONDUCCION NO ATENTO CONDICIONES TRANSITO MOMENTO,ESCUADRON, ,- ESCUADRON,100, , ,BIDIRECCIONAL,CONCRETO,BUENO,SECO,DESPEJADO,0,0,0,0
-8161578.26724065,-4473554.07391649,5102,2024,1640707,-37.246732,-73.316705,1,2024/09/23 00:00:00+00,1899/12/30 00:00:00+00,REGION BIO BIO,ARAUCO,ATROPELLO,ATROPELLO,URBANA,CRUCE SIN SENALIZACION,IMPRUDENCIA DEL CONDUCTOR,CONDUCCION NO ATENTO CONDICIONES TRANSITO MOMENTO,CHACABUCO,ESMERALDA,CHACABUCO - ESMERALDA,0, , ,UNIDIRECCIONAL,CONCRETO,BUENO,SECO,DESPEJADO,0,0,0,0
-8133879.30626351,-4410087.62259247,5103,2024,1645632,-36.791524,-73.067881,1,2024/10/23 00:00:00+00,1899/12/30 00:00:00+00,REGION BIO BIO,TALCAHUANO,COLISION,COLISION,URBANA,TRAMO DE VIA RECTA,IMPRUDENCIA DEL CONDUCTOR,CONDUCCION NO ATENTO CONDICIONES TRANSITO MOMENTO,PRESIDENTE JORGE ALESSANDRI, ,- PRESIDENTE JORGE ALESSANDRI,3177, , ,BIDIRECCIONAL CON BANDEJON,CONCRETO,BUENO,SECO,DESPEJADO,0,0,0,0
-8054398.08039304,-4505151.41528384,5104,2024,1635709,-37.472343,-72.353889,1,2024/09/04 00:00:00+00,1899/12/30 00:00:00+00,REGION BIO BIO,LOS ANGELES,ATROPELLO,ATROPELLO,URBANA,TRAMO DE VIA RECTA,IMPRUDENCIA DEL CONDUCTOR,CONDUCCION NO ATENTO CONDICIONES TRANSITO MOMENTO,RICARDO VICUNA,PEDRO CORTES,PEDRO CORTES - RICARDO VICUNA,0, , ,UNIDIRECCIONAL,CONCRETO,BUENO,SECO,DESPEJADO,0,0,0,1
-8053921.29901397,-4505875.0581649,5105,2024,1640947,-37.477502,-72.349606,1,2024/09/26 00:00:00+00,1899/12/30 00:00:00+00,REGION BIO BIO,LOS ANGELES,CHOQUE FRENTE/POSTERIOR,CHOQUE,URBANA,CRUCE CON SEMAFORO FUNCIONANDO,IMPRUDENCIA DEL CONDUCTOR,CONDUCCION NO ATENTO CONDICIONES TRANSITO MOMENTO,FREIRE, ,- FREIRE,434, , ,UNIDIRECCIONAL,ASFALTO,BUENO,SECO,DESPEJADO,0,0,0,0
-8137100.22441012,-4412179.18657984,5106,2024,1645635,-36.806569,-73.096815,1,2024/10/23 00:00:00+00,1899/12/30 00:00:00+00,REGION BIO BIO,HUALPEN,VOLCADURA,VOLCADURA,URBANA,ROTONDA,VELOCIDAD IMPRUDENTE,VELOCIDAD MAYOR QUE MAXIMA PERMITIDA,COSTANERA,COSTANERA,COSTANERA - COSTANERA,0, , ,BIDIRECCIONAL CON BANDEJON,CONCRETO,BUENO,SECO,DESPEJADO,0,1,0,0
-8139013.80645686,-4416721.98592469,5107,2024,1635713,-36.839236,-73.114005,1,2024/08/29 00:00:00+00,1899/12/30 00:00:00+00,REGION BIO BIO,SAN PEDRO DE LA PAZ,COLISION PERPENDICULAR,COLISION,URBANA,CRUCE SIN SENALIZACION,IMPRUDENCIA DEL CONDUCTOR,CONDUCCION NO ATENTO CONDICIONES TRANSITO MOMENTO,ANTONIO DE LAS PENAS,JUAN GOMEZ DE VIDAURRE,ANTONIO DE LAS PENAS - JUAN GOMEZ DE VIDAURRE,0, , ,BIDIRECCIONAL,CONCRETO,BUENO,SECO,DESPEJADO,0,0,0,0
-8051629.00805955,-4506833.16581469,5108,2024,1640948,-37.484332,-72.329014,1,2024/09/26 00:00:00+00,1899/12/30 00:00:00+00,REGION BIO BIO,LOS ANGELES,COLISION LATERAL,COLISION,URBANA,CRUCE CON SEMAFORO FUNCIONANDO,IMPRUDENCIA DEL CONDUCTOR,CONDUCCION NO ATENTO CONDICIONES TRANSITO MOMENTO,FRANCISCO ENCINA,CARTIER,CARTIER - FRANCISCO ENCINA,0, , ,BIDIRECCIONAL,ASFALTO,BUENO,SECO,DESPEJADO,0,0,0,0
-8138411.45669218,-4408854.84187725,5109,2024,1645906,-36.782655,-73.108594,1,2024/10/25 00:00:00+00,1899/12/30 00:00:00+00,REGION BIO BIO,HUALPEN,COLISION,COLISION,URBANA,CRUCE SIN SENALIZACION,DESOBEDIENCIA A SENALIZACION,SENALIZACION DESOBEDECER SENAL CEDA EL PASO,BELGICA,SUIZA,BELGICA - SUIZA,0, , ,BIDIRECCIONAL CON BANDEJON,CONCRETO,BUENO,SECO,DESPEJADO,0,0,1,1
-8056052.28802622,-4506269.23240704,5110,2024,1635715,-37.480312,-72.368749,1,2024/09/04 00:00:00+00,1899/12/30 00:00:00+00,REGION BIO BIO,LOS ANGELES,COLISION LATERAL,COLISION,URBANA,CRUCE CON SEMAFORO FUNCIONANDO,IMPRUDENCIA DEL CONDUCTOR,CONDUCCION NO ATENTO CONDICIONES TRANSITO MOMENTO,OCTAVIO JARA WOLF, ,- OCTAVIO JARA WOLF,1375, , ,BIDIRECCIONAL,ASFALTO,REGULAR,SECO,DESPEJADO,0,0,0,1
-8054036.40336745,-4504476.63069094,5111,2024,1640951,-37.467532,-72.35064,1,2024/09/26 00:00:00+00,1899/12/30 00:00:00+00,REGION BIO BIO,LOS ANGELES,COLISION,COLISION,URBANA,TRAMO DE VIA RECTA,IMPRUDENCIA DEL CONDUCTOR,CONDUCCION NO ATENTO CONDICIONES TRANSITO MOMENTO,RENGO,MENDOZA,MENDOZA - RENGO,0, , ,UNIDIRECCIONAL,CONCRETO,BUENO,MOJADO,LLUVIA,0,0,0,0
-8130956.83567171,-4414626.19155631,5112,2024,1645937,-36.824167,-73.041628,1,2024/10/20 00:00:00+00,1899/12/30 00:00:00+00,REGION BIO BIO,CONCEPCION,COLISION LATERAL,COLISION,URBANA,CRUCE CON SEMAFORO FUNCIONANDO,IMPRUDENCIA DEL CONDUCTOR,CONDUCCION NO ATENTO CONDICIONES TRANSITO MOMENTO,PAICAVI,O'HIGGINS,O'HIGGINS - PAICAVI,0, , ,BIDIRECCIONAL CON BANDEJON,CONCRETO,BUENO,SECO,NUBLADO,0,0,0,0
-8139531.9986865,-4416444.08062818,5113,2024,1635727,-36.837238,-73.11866,1,2024/09/03 00:00:00+00,1899/12/30 00:00:00+00,REGION BIO BIO,SAN PEDRO DE LA PAZ,COLISION LATERAL,COLISION,URBANA,CRUCE CON SEMAFORO FUNCIONANDO,IMPRUDENCIA DEL CONDUCTOR,CONDUCCION NO ATENTO CONDICIONES TRANSITO MOMENTO,DIAGONAL BIOBIO,PEDRO AGUIRRE CERDA,DIAGONAL BIOBIO - PEDRO AGUIRRE CERDA,0, , ,BIDIRECCIONAL,CONCRETO,BUENO,MOJADO,LLUVIA,0,0,0,0
-8053168.66793672,-4503101.94929415,5114,2024,1640954,-37.45773,-72.342845,1,2024/09/26 00:00:00+00,1899/12/30 00:00:00+00,REGION BIO BIO,LOS ANGELES,CHOQUE LADO/LADO,CHOQUE,URBANA,TRAMO DE VIA RECTA,IMPRUDENCIA DEL CONDUCTOR,CONDUCCION NO ATENTO CONDICIONES TRANSITO MOMENTO,GRAHAM, ,- GRAHAM,475, , ,BIDIRECCIONAL,CONCRETO,BUENO,SECO,DESPEJADO,0,0,0,0
-8132716.46286268,-4415007.65687319,5115,2024,1645941,-36.82691,-73.057435,1,2024/10/21 00:00:00+00,1899/12/30 00:00:00+00,REGION BIO BIO,CONCEPCION,COLISION LATERAL,COLISION,URBANA,TRAMO DE VIA RECTA,IMPRUDENCIA DEL CONDUCTOR,CONDUCCION CAMBIAR SORPRESIVAMENTE PISTA CIRCULACION,MAIPU,OBISPO HIPOLITO SALAS,MAIPU - OBISPO HIPOLITO SALAS,0, , ,UNIDIRECCIONAL,CONCRETO,BUENO,SECO,DESPEJADO,0,0,0,0