X,Y,FID,Año,IdAccident,Latitud,longitud,ClaseAccid,Fecha,Hora,Región,Comuna,Tipo_Accid,Tipo__CONA,Zona,Ubicación,Causa__CON,Causa_Acci,Calle_Uno,Calle_Dos,Intersecci,Número,Ruta,Ubicaci_1,Calzada,Tipo_Calza,Estado_Cal,Condición,Estado_Atm,Fallecidos,Graves,Menos_Grav,Leves
-8056738.23872849,-4504324.87676211,5116,2024,1640958,-37.46645,-72.374911,1,2024/09/26 00:00:00+00,1899/12/30 00:00:00+00,REGION BIO BIO,LOS ANGELES,CHOQUE FRENTE/POSTERIOR,CHOQUE,URBANA,TRAMO DE VIA RECTA,IMPRUDENCIA DEL CONDUCTOR,CONDUCCION NO ATENTO CONDICIONES TRANSITO MOMENTO,LAGO VILLARRICA,GALVARINO,GALVARINO - LAGO VILLARRICA,0, , ,BIDIRECCIONAL,ASFALTO,BUENO,SECO,DESPEJADO,0,0,0,2
-8053267.51964454,-4507165.08707486,5117,2024,1635755,-37.486698,-72.343733,1,2024/09/04 00:00:00+00,1899/12/30 00:00:00+00,REGION BIO BIO,LOS ANGELES,COLISION POR ALCANCE,COLISION,URBANA,TRAMO DE VIA RECTA,IMPRUDENCIA DEL CONDUCTOR,CONDUCCION NO ATENTO CONDICIONES TRANSITO MOMENTO,LOS CARRERA,RENE SEPULVEDA,LOS CARRERA - RENE SEPULVEDA,0, , ,BIDIRECCIONAL CON BANDEJON,CONCRETO,BUENO,SECO,DESPEJADO,0,0,0,0
-8141269.4732988,-4418919.47382493,5118,2024,1645950,-36.855033,-73.134268,1,2024/10/21 00:00:00+00,1899/12/30 00:00:00+00,REGION BIO BIO,SAN PEDRO DE LA PAZ,COLISION,COLISION,URBANA,TRAMO DE VIA RECTA,IMPRUDENCIA DEL CONDUCTOR,CONDUCCION NO ATENTO CONDICIONES TRANSITO MOMENTO,TUCAPEL, ,- TUCAPEL,305, , ,UNIDIRECCIONAL,CONCRETO,BUENO,SECO,DESPEJADO,0,1,1,1
-8055378.13718998,-4505701.54203157,5119,2024,1640972,-37.476265,-72.362693,1,2024/09/26 00:00:00+00,1899/12/30 00:00:00+00,REGION BIO BIO,LOS ANGELES,COLISION,COLISION,URBANA,TRAMO DE VIA RECTA,IMPRUDENCIA DEL CONDUCTOR,CONDUCCION NO ATENTO CONDICIONES TRANSITO MOMENTO,PATRICIO LYNCH,ALCAZAR,ALCAZAR - PATRICIO LYNCH,0, , ,UNIDIRECCIONAL,CONCRETO,BUENO,SECO,DESPEJADO,0,0,0,0
-8142250.75461015,-4419186.45286638,5120,2024,1635760,-36.856952,-73.143083,1,2024/08/04 00:00:00+00,1899/12/30 00:00:00+00,REGION BIO BIO,SAN PEDRO DE LA PAZ,COLISION PERPENDICULAR,COLISION,URBANA,ROTONDA,IMPRUDENCIA DEL CONDUCTOR,CONDUCCION NO ATENTO CONDICIONES TRANSITO MOMENTO,COSTANERA,4 NORTE,4 NORTE - COSTANERA,0, , ,BIDIRECCIONAL CON BANDEJON,CONCRETO,BUENO,SECO,DESPEJADO,0,0,0,0
-8137585.81632614,-4416034.93181373,5121,2024,1645973,-36.834296,-73.101177,1,2024/10/21 00:00:00+00,1899/12/30 00:00:00+00,REGION BIO BIO,SAN PEDRO DE LA PAZ,COLISION POR ALCANCE,COLISION,URBANA,TRAMO DE VIA CURVA HORIZONTAL,IMPRUDENCIA DEL CONDUCTOR,CONDUCCION NO ATENTO CONDICIONES TRANSITO MOMENTO,PRESIDENTE JORGE ALESSANDRI,LOS PENSAMIENTOS,LOS PENSAMIENTOS - PRESIDENTE JORGE ALESSANDRI,0, , ,BIDIRECCIONAL CON BANDEJON,CONCRETO,BUENO,SECO,DESPEJADO,0,0,0,0
-8055191.00912596,-4504707.35136202,5122,2024,1640973,-37.469177,-72.361012,1,2024/09/26 00:00:00+00,1899/12/30 00:00:00+00,REGION BIO BIO,LOS ANGELES,ATROPELLO,ATROPELLO,URBANA,CRUCE CON SEMAFORO FUNCIONANDO,IMPRUDENCIA DEL CONDUCTOR,CONDUCCION NO ATENTO CONDICIONES TRANSITO MOMENTO,VALDIVIA,COLO COLO,COLO COLO - VALDIVIA,0, , ,UNIDIRECCIONAL,ASFALTO,BUENO,SECO,DESPEJADO,0,0,0,1
-8056303.75875593,-4504504.12054703,5123,2024,1635761,-37.467728,-72.371008,1,2024/09/05 00:00:00+00,1899/12/30 00:00:00+00,REGION BIO BIO,LOS ANGELES,COLISION LATERAL,COLISION,URBANA,CRUCE CON SENAL CEDA EL PASO,IMPRUDENCIA DEL CONDUCTOR,CONDUCCION NO ATENTO CONDICIONES TRANSITO MOMENTO,COSTANERA QUILQUE,PADRE HURTADO,COSTANERA QUILQUE - PADRE HURTADO,0, , ,BIDIRECCIONAL CON BANDEJON,ASFALTO,BUENO,SECO,DESPEJADO,0,0,0,0
-8131182.59159904,-4414007.2260744,5124,2024,1645981,-36.819716,-73.043656,1,2024/10/22 00:00:00+00,1899/12/30 00:00:00+00,REGION BIO BIO,CONCEPCION,COLISION LATERAL,COLISION,URBANA,ROTONDA,IMPRUDENCIA DEL CONDUCTOR,CONDUCCION NO ATENTO CONDICIONES TRANSITO MOMENTO,LOS CARRERA,PAICAVI,LOS CARRERA - PAICAVI,0, , ,BIDIRECCIONAL CON BANDEJON,CONCRETO,BUENO,SECO,NUBLADO,0,0,0,0
-8137014.95368017,-4416710.16297893,5125,2024,1635765,-36.839151,-73.096049,1,2024/09/04 00:00:00+00,1899/12/30 00:00:00+00,REGION BIO BIO,SAN PEDRO DE LA PAZ,COLISION POR ALCANCE,COLISION,URBANA,CRUCE CON SEMAFORO FUNCIONANDO,IMPRUDENCIA DEL CONDUCTOR,CONDUCCION NO ATENTO CONDICIONES TRANSITO MOMENTO,PEDRO AGUIRRE CERDA, ,- PEDRO AGUIRRE CERDA,1055, , ,BIDIRECCIONAL CON BANDEJON,CONCRETO,BUENO,SECO,DESPEJADO,0,0,0,2
-8056761.72714105,-4503768.93196197,5126,2024,1640974,-37.462486,-72.375122,1,2024/09/26 00:00:00+00,1899/12/30 00:00:00+00,REGION BIO BIO,LOS ANGELES,IMPACTO CON ANIMAL,OTRO TIPO,URBANA,TRAMO DE VIA RECTA,DEFICIENCIAS VIALES,ANIMALES SUELTOS VIA PUBLICA,NELTUME, ,- NELTUME,10, , ,UNIDIRECCIONAL,ASFALTO,BUENO,SECO,DESPEJADO,0,0,0,0
-8125534.90855313,-4414634.67459552,5127,2024,1645988,-36.824228,-72.992922,1,2024/10/22 00:00:00+00,1899/12/30 00:00:00+00,REGION BIO BIO,CONCEPCION,CHOQUE,CHOQUE,URBANA,TRAMO DE VIA RECTA,IMPRUDENCIA DEL CONDUCTOR,CONDUCCION NO ATENTO CONDICIONES TRANSITO MOMENTO,LOS ALAMOS, ,- LOS ALAMOS,104, , ,UNIDIRECCIONAL,CONCRETO,BUENO,SECO,DESPEJADO,0,0,0,0
-8141068.09633996,-4420101.80084409,5128,2024,1635768,-36.863531,-73.132459,1,2024/09/04 00:00:00+00,1899/12/30 00:00:00+00,REGION BIO BIO,SAN PEDRO DE LA PAZ,COLISION PERPENDICULAR,COLISION,URBANA,CRUCE CON SENAL CEDA EL PASO,DESOBEDIENCIA A SENALIZACION,SENALIZACION DESOBEDECER SENAL CEDA EL PASO,3 PONIENTE,LAS ARAUCARIAS,3 PONIENTE - LAS ARAUCARIAS,0, , ,BIDIRECCIONAL,CONCRETO,BUENO,SECO,DESPEJADO,0,0,0,0
-8138700.77604875,-4408923.50355211,5129,2024,1640986,-36.783149,-73.111193,1,2024/10/01 00:00:00+00,1899/12/30 00:00:00+00,REGION BIO BIO,HUALPEN,ATROPELLO,ATROPELLO,URBANA,CRUCE CON SEMAFORO FUNCIONANDO,IMPRUDENCIA DEL PEATON,PEATON CRUZA CALZADA FUERA PASO PEATONES,BELGICA,GRAN BRETANA,BELGICA - GRAN BRETANA,0, , ,BIDIRECCIONAL,CONCRETO,BUENO,SECO,DESPEJADO,1,0,0,0
-8129845.42187563,-4413529.01610537,5130,2024,1646001,-36.816277,-73.031644,1,2024/10/23 00:00:00+00,1899/12/30 00:00:00+00,REGION BIO BIO,CONCEPCION,COLISION LATERAL,COLISION,URBANA,TRAMO DE VIA RECTA,IMPRUDENCIA DEL CONDUCTOR,CONDUCCION NO ATENTO CONDICIONES TRANSITO MOMENTO,MAIPU, ,- MAIPU,2120, , ,UNIDIRECCIONAL,CONCRETO,BUENO,SECO,DESPEJADO,0,0,0,0
-8141810.15206559,-4423194.44845465,5131,2024,1635773,-36.885755,-73.139125,1,2024/09/05 00:00:00+00,1899/12/30 00:00:00+00,REGION BIO BIO,SAN PEDRO DE LA PAZ,COLISION LATERAL,COLISION,URBANA,TRAMO DE VIA RECTA,IMPRUDENCIA DEL CONDUCTOR,ADELANTAMIENTO SIN EL ESPACIO O TIEMPO SUFICIENTE,LOS SAUCES, ,- LOS SAUCES,56, , ,BIDIRECCIONAL,CONCRETO,BUENO,HUMEDO,LLOVIZNA,0,0,0,0
-8017538.52719902,-4532977.73470688,5132,2024,1640997,-37.670466,-72.022774,1,2024/09/25 00:00:00+00,1899/12/30 00:00:00+00,REGION BIO BIO,SANTA BARBARA,CHOQUE,CHOQUE,URBANA,TRAMO DE VIA RECTA,IMPRUDENCIA DEL CONDUCTOR,CONDUCCION NO ATENTO CONDICIONES TRANSITO MOMENTO,O'HIGGINS, ,- O'HIGGINS,3, , ,UNIDIRECCIONAL,CONCRETO,BUENO,SECO,DESPEJADO,0,0,0,0
-8131987.98811493,-4414815.32321601,5133,2024,1646013,-36.825527,-73.050891,1,2024/10/23 00:00:00+00,1899/12/30 00:00:00+00,REGION BIO BIO,CONCEPCION,COLISION LATERAL,COLISION,URBANA,TRAMO DE VIA RECTA,IMPRUDENCIA DEL CONDUCTOR,CONDUCCION CAMBIAR SORPRESIVAMENTE PISTA CIRCULACION,FREIRE, ,- FREIRE,677, , ,UNIDIRECCIONAL,CONCRETO,BUENO,SECO,DESPEJADO,0,0,0,0
-8009426.67590492,-4480320.69312167,5134,2024,1635780,-37.295104,-71.949904,1,2024/09/05 00:00:00+00,1899/12/30 00:00:00+00,REGION BIO BIO,TUCAPEL,COLISION FRONTAL,COLISION,URBANA,CRUCE CON SENAL CEDA EL PASO,IMPRUDENCIA DEL CONDUCTOR,CONDUCCION NO ATENTO CONDICIONES TRANSITO MOMENTO,ARTURO PRAT,PEDRO AGUIRRE CERDA,ARTURO PRAT - PEDRO AGUIRRE CERDA,0, , ,UNIDIRECCIONAL,ASFALTO,REGULAR,MOJADO,LLUVIA,0,0,0,3
-8063307.2018802,-4451470.1096952,5135,2024,1641011,-37.088646,-72.433921,1,2024/09/06 00:00:00+00,1899/12/30 00:00:00+00,REGION BIO BIO,CABRERO,COLISION,COLISION,RURAL,TRAMO DE VIA RECTA,IMPRUDENCIA DEL CONDUCTOR,CONDUCCION NO ATENTO CONDICIONES TRANSITO MOMENTO,DIEGO PORTALES, ,- DIEGO PORTALES,500, , ,UNIDIRECCIONAL,CONCRETO,BUENO,SECO,NUBLADO,0,0,0,0
-8128559.90439595,-4413836.88129836,5136,2024,1646016,-36.818491,-73.020096,1,2024/10/23 00:00:00+00,1899/12/30 00:00:00+00,REGION BIO BIO,CONCEPCION,COLISION,COLISION,URBANA,TRAMO DE VIA RECTA,IMPRUDENCIA DEL CONDUCTOR,CONDUCCION CAMBIAR SORPRESIVAMENTE PISTA CIRCULACION,COLLAO,INES DE SUAREZ,COLLAO - INES DE SUAREZ,0, , ,UNIDIRECCIONAL,CONCRETO,BUENO,SECO,DESPEJADO,0,0,0,0
-8133085.59829415,-4415011.13365242,5137,2024,1635781,-36.826935,-73.060751,1,2024/08/30 00:00:00+00,1899/12/30 00:00:00+00,REGION BIO BIO,CONCEPCION,CHOQUE POSTERIOR,CHOQUE,URBANA,CRUCE CON SEMAFORO FUNCIONANDO,IMPRUDENCIA DEL CONDUCTOR,CONDUCCION NO ATENTO CONDICIONES TRANSITO MOMENTO,LOS CARRERA,ARTURO PRAT,ARTURO PRAT - LOS CARRERA,0, , ,BIDIRECCIONAL CON BANDEJON,CONCRETO,BUENO,SECO,DESPEJADO,0,0,0,0
-8132879.4345972,-4416322.7949065,5138,2024,1646027,-36.836366,-73.058899,1,2024/10/23 00:00:00+00,1899/12/30 00:00:00+00,REGION BIO BIO,CONCEPCION,CHOQUE POSTERIOR,CHOQUE,URBANA,TRAMO DE VIA RECTA,IMPRUDENCIA DEL CONDUCTOR,CONDUCCION NO ATENTO CONDICIONES TRANSITO MOMENTO,ESMERALDA,ERRAZURIZ,ERRAZURIZ - ESMERALDA,0, , ,BIDIRECCIONAL,CONCRETO,BUENO,SECO,NUBLADO,0,0,0,0
-8142177.84034367,-4443157.31415282,5139,2024,1641013,-37.029054,-73.142428,1,2024/10/02 00:00:00+00,1899/12/30 00:00:00+00,REGION BIO BIO,CORONEL,OTRO TIPO,OTRO TIPO,URBANA,OTROS NO CONSIDERADOS,ALCOHOL EN CONDUCTOR,CONDUCCION EN ESTADO DE EBRIEDAD,BALMACEDA, ,- BALMACEDA,361, , ,UNIDIRECCIONAL,ASFALTO,REGULAR,SECO,DESPEJADO,0,0,0,0
-8139661.68589327,-4416412.08999394,5140,2024,1635785,-36.837008,-73.119825,1,2024/09/04 00:00:00+00,1899/12/30 00:00:00+00,REGION BIO BIO,SAN PEDRO DE LA PAZ,COLISION LATERAL,COLISION,URBANA,TRAMO DE VIA RECTA,IMPRUDENCIA DEL CONDUCTOR,ADELANTAMIENTO SIN EL ESPACIO O TIEMPO SUFICIENTE,PEDRO AGUIRRE CERDA, ,- PEDRO AGUIRRE CERDA,10100, , ,UNIDIRECCIONAL,CONCRETO,BUENO,SECO,DESPEJADO,0,0,0,0
-8132012.03312494,-4415696.4985576,5141,2024,1646032,-36.831863,-73.051107,1,2024/10/23 00:00:00+00,1899/12/30 00:00:00+00,REGION BIO BIO,CONCEPCION,ATROPELLO,ATROPELLO,URBANA,CRUCE CON SEMAFORO FUNCIONANDO,IMPRUDENCIA DEL CONDUCTOR,NO RESPETAR DERECHO PREFERENTE DE PASO A PEATON,CHACABUCO,LINCOYAN,CHACABUCO - LINCOYAN,0, , ,BIDIRECCIONAL CON BANDEJON,CONCRETO,BUENO,SECO,NUBLADO,0,1,0,0
-8051404.03136866,-4503719.8464255,5142,2024,1641017,-37.462136,-72.326993,1,2024/09/26 00:00:00+00,1899/12/30 00:00:00+00,REGION BIO BIO,LOS ANGELES,CHOQUE FRENTE/POSTERIOR,CHOQUE,URBANA,TRAMO DE VIA RECTA,IMPRUDENCIA DEL CONDUCTOR,CONDUCCION NO ATENTO CONDICIONES TRANSITO MOMENTO,LAS INDUSTRIAS, ,- LAS INDUSTRIAS,1445, , ,BIDIRECCIONAL,ASFALTO,BUENO,SECO,DESPEJADO,0,0,0,2
-8137151.76533436,-4416665.65318333,5143,2024,1635792,-36.838831,-73.097278,1,2024/09/06 00:00:00+00,1899/12/30 00:00:00+00,REGION BIO BIO,SAN PEDRO DE LA PAZ,COLISION POR ALCANCE,COLISION,URBANA,CRUCE CON SENAL PARE,IMPRUDENCIA DEL CONDUCTOR,CONDUCCION NO ATENTO CONDICIONES TRANSITO MOMENTO,PEDRO AGUIRRE CERDA,LAGUNA GRANDE,LAGUNA GRANDE - PEDRO AGUIRRE CERDA,0, , ,BIDIRECCIONAL CON BANDEJON,CONCRETO,REGULAR,SECO,NUBLADO,0,0,0,0
-8130263.31524407,-4413555.4359849,5144,2024,1646038,-36.816467,-73.035398,1,2024/10/23 00:00:00+00,1899/12/30 00:00:00+00,REGION BIO BIO,CONCEPCION,CHOQUE,CHOQUE,URBANA,CRUCE CON SEMAFORO FUNCIONANDO,ALCOHOL EN CONDUCTOR,CONDUCCION EN ESTADO DE EBRIEDAD,LOS CARRERA,VILUMILLA,LOS CARRERA - VILUMILLA,0, , ,BIDIRECCIONAL CON BANDEJON,CONCRETO,BUENO,SECO,NUBLADO,0,0,0,0
-8053519.32433272,-4506923.51020524,5145,2024,1641022,-37.484976,-72.345995,1,2024/09/27 00:00:00+00,1899/12/30 00:00:00+00,REGION BIO BIO,LOS ANGELES,CHOQUE POSTERIOR/POSTERIOR,CHOQUE,URBANA,TRAMO DE VIA RECTA,IMPRUDENCIA DEL CONDUCTOR,CONDUCCION NO ATENTO CONDICIONES TRANSITO MOMENTO,LOS CARRERA,RIO BUREO,LOS CARRERA - RIO BUREO,0, , ,BIDIRECCIONAL CON BANDEJON,CONCRETO,BUENO,SECO,DESPEJADO,0,0,0,0
-8130392.44585339,-4410148.22976688,5146,2024,1635793,-36.79196,-73.036558,1,2024/09/05 00:00:00+00,1899/12/30 00:00:00+00,REGION BIO BIO,CONCEPCION,ATROPELLO,ATROPELLO,URBANA,PASO PARA PEATONES,IMPRUDENCIA DEL CONDUCTOR,NO RESPETAR DERECHO PREFERENTE DE PASO A PEATON,CAMPOS DEPORTIVOS, ,- CAMPOS DEPORTIVOS,185, , ,BIDIRECCIONAL,CONCRETO,BUENO,SECO,DESPEJADO,0,0,0,1
-8132656.90693511,-4414772.21202721,5147,2024,1646039,-36.825217,-73.0569,1,2024/10/23 00:00:00+00,1899/12/30 00:00:00+00,REGION BIO BIO,CONCEPCION,CHOQUE,CHOQUE,URBANA,CIRCUITO PRIVADO,IMPRUDENCIA DEL CONDUCTOR,CONDUCCION NO ATENTO CONDICIONES TRANSITO MOMENTO,LOS CARRERA PONIENTE, ,- LOS CARRERA PONIENTE,301, , ,BIDIRECCIONAL,CONCRETO,BUENO,SECO,NUBLADO,0,0,0,0
-8053914.28588605,-4505854.2977972,5148,2024,1641025,-37.477354,-72.349543,1,2024/09/27 00:00:00+00,1899/12/30 00:00:00+00,REGION BIO BIO,LOS ANGELES,ATROPELLO,ATROPELLO,URBANA,TRAMO DE VIA RECTA,IMPRUDENCIA DEL CONDUCTOR,CONDUCCION NO ATENTO CONDICIONES TRANSITO MOMENTO,FREIRE, ,- FREIRE,424, , ,UNIDIRECCIONAL,CONCRETO,BUENO,SECO,DESPEJADO,0,0,0,1
-8076976.67875216,-4452602.75788749,5149,2024,1641026,-37.096762,-72.556716,1,2024/09/07 00:00:00+00,1899/12/30 00:00:00+00,REGION BIO BIO,YUMBEL,COLISION,COLISION,URBANA,TRAMO DE VIA RECTA,IMPRUDENCIA DEL CONDUCTOR,CONDUCCION NO ATENTO CONDICIONES TRANSITO MOMENTO,PEDRO AGUIRRE CERDA,CASTELLON,CASTELLON - PEDRO AGUIRRE CERDA,0, , ,BIDIRECCIONAL,CONCRETO,BUENO,SECO,DESPEJADO,0,0,0,0
-8133177.32555457,-4415240.46451892,5150,2024,1646043,-36.828584,-73.061575,1,2024/10/24 00:00:00+00,1899/12/30 00:00:00+00,REGION BIO BIO,CONCEPCION,ATROPELLO,ATROPELLO,URBANA,CRUCE CON SEMAFORO FUNCIONANDO,IMPRUDENCIA DEL PEATON,IMPRUDENCIA DEL PEATON,PADRE HURTADO,MAIPU,MAIPU - PADRE HURTADO,0, , ,UNIDIRECCIONAL,CONCRETO,BUENO,SECO,DESPEJADO,0,0,0,1
-8051424.62547446,-4500771.2088336,5151,2024,1641033,-37.441108,-72.327178,1,2024/09/27 00:00:00+00,1899/12/30 00:00:00+00,REGION BIO BIO,LOS ANGELES,COLISION LATERAL,COLISION,URBANA,TRAMO DE VIA RECTA,IMPRUDENCIA DEL CONDUCTOR,CONDUCCION NO ATENTO CONDICIONES TRANSITO MOMENTO,LAS INDUSTRIAS,SOR VICENTA,LAS INDUSTRIAS - SOR VICENTA,0, , ,BIDIRECCIONAL CON BANDEJON,CONCRETO,BUENO,SECO,DESPEJADO,0,0,0,0
-8053767.01019973,-4505815.44235463,5152,2024,1635799,-37.477077,-72.34822,1,2024/09/05 00:00:00+00,1899/12/30 00:00:00+00,REGION BIO BIO,LOS ANGELES,COLISION LATERAL,COLISION,URBANA,TRAMO DE VIA RECTA,IMPRUDENCIA DEL CONDUCTOR,CONDUCCION NO ATENTO CONDICIONES TRANSITO MOMENTO,GABRIELA MISTRAL,LOS CARRERA,GABRIELA MISTRAL - LOS CARRERA,0, , ,UNIDIRECCIONAL,CONCRETO,BUENO,SECO,DESPEJADO,0,0,0,1
-8130548.84973796,-4421700.05739153,5153,2024,1646055,-36.875017,-73.037963,1,2024/10/25 00:00:00+00,1899/12/30 00:00:00+00,REGION BIO BIO,CHIGUAYANTE,COLISION,COLISION,URBANA,CIRCUITO PRIVADO,IMPRUDENCIA DEL CONDUCTOR,CONDUCCION NO ATENTO CONDICIONES TRANSITO MOMENTO,NAHUELBUTA, ,- NAHUELBUTA,330, , ,BIDIRECCIONAL,CONCRETO,BUENO,SECO,DESPEJADO,0,0,0,0
-8052266.64610282,-4508377.82537711,5154,2024,1641036,-37.495342,-72.334742,1,2024/09/27 00:00:00+00,1899/12/30 00:00:00+00,REGION BIO BIO,LOS ANGELES,COLISION LATERAL,COLISION,URBANA,CRUCE CON SENAL CEDA EL PASO,IMPRUDENCIA DEL CONDUCTOR,CONDUCCION NO ATENTO CONDICIONES TRANSITO MOMENTO,PETROHUE,6 SUR,6 SUR - PETROHUE,0, , ,UNIDIRECCIONAL,CONCRETO,BUENO,SECO,DESPEJADO,0,0,0,2
-8130175.81812431,-4414214.9808631,5155,2024,1635805,-36.82121,-73.034612,1,2024/09/05 00:00:00+00,1899/12/30 00:00:00+00,REGION BIO BIO,CONCEPCION,CAIDA,CAIDA,URBANA,TRAMO DE VIA RECTA,IMPRUDENCIA DEL PASAJERO,PASAJERO VIAJA EN PISADERA DE VEHICULO,JUAN BOSCO,LUIS URRUTIA MANZANO,JUAN BOSCO - LUIS URRUTIA MANZANO,0, , ,BIDIRECCIONAL,CONCRETO,BUENO,SECO,NUBLADO,0,0,0,1
-8131840.15583116,-4414313.57541816,5156,2024,1646065,-36.821919,-73.049563,1,2024/10/25 00:00:00+00,1899/12/30 00:00:00+00,REGION BIO BIO,CONCEPCION,CHOQUE FRENTE/POSTERIOR,CHOQUE,URBANA,CRUCE CON SEMAFORO FUNCIONANDO,IMPRUDENCIA DEL CONDUCTOR,CONDUCCION NO ATENTO CONDICIONES TRANSITO MOMENTO,CASTELLON, ,- CASTELLON,815, , ,UNIDIRECCIONAL,CONCRETO,BUENO,SECO,DESPEJADO,0,0,0,0
-8056726.55018196,-4503886.31744808,5157,2024,1641038,-37.463323,-72.374806,1,2024/09/27 00:00:00+00,1899/12/30 00:00:00+00,REGION BIO BIO,LOS ANGELES,ATROPELLO,ATROPELLO,URBANA,TRAMO DE VIA RECTA,IMPRUDENCIA DEL CONDUCTOR,CONDUCCION NO ATENTO CONDICIONES TRANSITO MOMENTO,SOR VICENTA,LAGUNA DEL LAJA,LAGUNA DEL LAJA - SOR VICENTA,0, , ,BIDIRECCIONAL CON BANDEJON,CONCRETO,BUENO,SECO,DESPEJADO,0,0,0,1
-8131967.61664812,-4415238.51748045,5158,2024,1635812,-36.82857,-73.050708,1,2024/09/05 00:00:00+00,1899/12/30 00:00:00+00,REGION BIO BIO,CONCEPCION,ATROPELLO,ATROPELLO,URBANA,TRAMO DE VIA RECTA,IMPRUDENCIA DEL CONDUCTOR,CONDUCCION NO ATENTO CONDICIONES TRANSITO MOMENTO,CAUPOLICAN, ,- CAUPOLICAN,331, , ,UNIDIRECCIONAL,CONCRETO,BUENO,SECO,NUBLADO,0,1,0,0
-8132217.86286342,-4415287.33262387,5159,2024,1646072,-36.828921,-73.052956,1,2024/10/25 00:00:00+00,1899/12/30 00:00:00+00,REGION BIO BIO,CONCEPCION,ATROPELLO,ATROPELLO,URBANA,CRUCE CON SEMAFORO FUNCIONANDO,IMPRUDENCIA DEL CONDUCTOR,NO RESPETAR DERECHO PREFERENTE DE PASO A PEATON,O'HIGGINS,LINCOYAN,LINCOYAN - O'HIGGINS,0, , ,UNIDIRECCIONAL,CONCRETO,BUENO,SECO,DESPEJADO,0,2,0,0
-8055191.00912596,-4504707.35136202,5160,2024,1641046,-37.469177,-72.361012,1,2024/09/28 00:00:00+00,1899/12/30 00:00:00+00,REGION BIO BIO,LOS ANGELES,COLISION LATERAL,COLISION,URBANA,CRUCE CON SENAL PARE,IMPRUDENCIA DEL CONDUCTOR,CONDUCCION NO ATENTO CONDICIONES TRANSITO MOMENTO,PADRE HURTADO,RICARDO VICUNA,PADRE HURTADO - RICARDO VICUNA,0, , ,BIDIRECCIONAL,CONCRETO,BUENO,SECO,DESPEJADO,0,0,0,0
-8127107.29636059,-4415583.00976048,5161,2024,1635818,-36.831047,-73.007047,1,2024/09/05 00:00:00+00,1899/12/30 00:00:00+00,REGION BIO BIO,CONCEPCION,COLISION,COLISION,URBANA,TRAMO DE VIA RECTA,IMPRUDENCIA DEL CONDUCTOR,CONDUCCION NO ATENTO CONDICIONES TRANSITO MOMENTO,RIO LOA, ,- RIO LOA,75, , ,BIDIRECCIONAL,CONCRETO,BUENO,SECO,NUBLADO,0,0,0,0
-8127192.90104901,-4415316.53837231,5162,2024,1646078,-36.829131,-73.007816,1,2024/10/26 00:00:00+00,1899/12/30 00:00:00+00,REGION BIO BIO,CONCEPCION,CHOQUE POSTERIOR,CHOQUE,URBANA,TRAMO DE VIA RECTA,IMPRUDENCIA DEL CONDUCTOR,CONDUCCION NO ATENTO CONDICIONES TRANSITO MOMENTO,RIO ELQUI, ,- RIO ELQUI,235, , ,UNIDIRECCIONAL,CONCRETO,BUENO,SECO,DESPEJADO,0,0,0,0
-8056466.95312943,-4503529.11623618,5163,2024,1641049,-37.460776,-72.372474,1,2024/09/28 00:00:00+00,1899/12/30 00:00:00+00,REGION BIO BIO,LOS ANGELES,COLISION,COLISION,URBANA,TRAMO DE VIA RECTA,IMPRUDENCIA DEL CONDUCTOR,CONDUCCION NO ATENTO CONDICIONES TRANSITO MOMENTO,LAS TRANCAS,PADRE HURTADO,LAS TRANCAS - PADRE HURTADO,0, , ,BIDIRECCIONAL,CONCRETO,BUENO,SECO,DESPEJADO,0,0,0,0
-8121491.45068905,-4385935.85677089,5164,2024,1646101,-36.617582,-72.956599,1,2024/10/24 00:00:00+00,1899/12/30 00:00:00+00,REGION BIO BIO,TOME,ATROPELLO,ATROPELLO,URBANA,TRAMO DE VIA RECTA,IMPRUDENCIA DEL PEATON,PEATON CRUZA CALZADA FORMA SORPRESIVA O DESCUIDADA,DIEGO PORTALES, ,- DIEGO PORTALES,1315, , ,UNIDIRECCIONAL,CONCRETO,BUENO,SECO,DESPEJADO,0,0,0,1
-8137341.1197882,-4417382.56173621,5165,2024,1635821,-36.843985,-73.098979,1,2024/09/02 00:00:00+00,1899/12/30 00:00:00+00,REGION BIO BIO,SAN PEDRO DE LA PAZ,CHOQUE FRENTE/POSTERIOR,CHOQUE,URBANA,OTROS NO CONSIDERADOS,IMPRUDENCIA DEL CONDUCTOR,CONDUCCION NO ATENTO CONDICIONES TRANSITO MOMENTO,LOS CANELOS,MADRESELVA,LOS CANELOS - MADRESELVA,0, , ,BIDIRECCIONAL,CONCRETO,BUENO,SECO,NUBLADO,0,0,0,1
-8053436.50263157,-4502958.20858572,5166,2024,1641054,-37.456705,-72.345251,1,2024/09/28 00:00:00+00,1899/12/30 00:00:00+00,REGION BIO BIO,LOS ANGELES,CHOQUE POSTERIOR/FRENTE,CHOQUE,URBANA,TRAMO DE VIA RECTA,IMPRUDENCIA DEL CONDUCTOR,CONDUCCION NO ATENTO CONDICIONES TRANSITO MOMENTO,ALMAGRO, ,- ALMAGRO,1475, , ,UNIDIRECCIONAL,ASFALTO,BUENO,SECO,DESPEJADO,0,0,0,0