X,Y,FID,Año,IdAccident,Latitud,longitud,ClaseAccid,Fecha,Hora,Región,Comuna,Tipo_Accid,Tipo__CONA,Zona,Ubicación,Causa__CON,Causa_Acci,Calle_Uno,Calle_Dos,Intersecci,Número,Ruta,Ubicaci_1,Calzada,Tipo_Calza,Estado_Cal,Condición,Estado_Atm,Fallecidos,Graves,Menos_Grav,Leves
-8129769.50198291,-4411354.74573631,5217,2024,1641258,-36.800639,-73.030962,1,2024/09/16 00:00:00+00,1899/12/30 00:00:00+00,REGION BIO BIO,CONCEPCION,COLISION LATERAL,COLISION,URBANA,CRUCE CON SENAL PARE,IMPRUDENCIA DEL CONDUCTOR,CONDUCCION NO ATENTO CONDICIONES TRANSITO MOMENTO,DEL CERRO,ANDALIEN,ANDALIEN - DEL CERRO,0, , ,BIDIRECCIONAL,CONCRETO,BUENO,SECO,DESPEJADO,0,0,0,0
-8138710.01556648,-4399274.34395983,5218,2024,1646338,-36.713695,-73.111276,1,2024/10/21 00:00:00+00,1899/12/30 00:00:00+00,REGION BIO BIO,TALCAHUANO,OTRO TIPO,OTRO TIPO,URBANA,CRUCE CON SEMAFORO FUNCIONANDO,OTRAS CAUSAS,OTRAS CAUSAS,BLANCO ENCALADA, ,- BLANCO ENCALADA,521, , ,UNIDIRECCIONAL,CONCRETO,BUENO,SECO,DESPEJADO,0,0,0,1
-8057148.89633003,-4504444.65278576,5219,2024,1635918,-37.467304,-72.3786,1,2024/09/09 00:00:00+00,1899/12/30 00:00:00+00,REGION BIO BIO,LOS ANGELES,ATROPELLO,ATROPELLO,URBANA,CRUCE CON SENAL CEDA EL PASO,IMPRUDENCIA DEL CONDUCTOR,CONDUCCION NO ATENTO CONDICIONES TRANSITO MOMENTO,BELLAVISTA,GALVARINO,BELLAVISTA - GALVARINO,0, , ,BIDIRECCIONAL,CONCRETO,BUENO,MOJADO,LLUVIA,0,0,0,1
-8131906.05696971,-4412789.84227066,5220,2024,1641266,-36.810961,-73.050155,1,2024/09/16 00:00:00+00,1899/12/30 00:00:00+00,REGION BIO BIO,CONCEPCION,ATROPELLO,ATROPELLO,URBANA,CRUCE CON SEMAFORO FUNCIONANDO,IMPRUDENCIA DEL CONDUCTOR,NO RESPETAR DERECHO PREFERENTE DE PASO A VEHICULO,PAICAVI,JOSE JOAQUIN PRIETO,JOSE JOAQUIN PRIETO - PAICAVI,0, , ,BIDIRECCIONAL CON BANDEJON,CONCRETO,BUENO,SECO,DESPEJADO,0,0,0,1
-8131182.59159904,-4414007.2260744,5221,2024,1635924,-36.819716,-73.043656,1,2024/08/15 00:00:00+00,1899/12/30 00:00:00+00,REGION BIO BIO,CONCEPCION,COLISION POR ALCANCE,COLISION,URBANA,CRUCE CON SEMAFORO FUNCIONANDO,IMPRUDENCIA DEL CONDUCTOR,CONDUCCION SIN MANTENER DISTANCIA RAZONABLE NI PRUDENTE,PAICAVI,LOS CARRERA,LOS CARRERA - PAICAVI,0, , ,BIDIRECCIONAL CON BANDEJON,CONCRETO,BUENO,SECO,DESPEJADO,0,0,0,0
-8137137.51643954,-4402686.1313979,5222,2024,1646341,-36.73826,-73.09715,1,2024/10/17 00:00:00+00,1899/12/30 00:00:00+00,REGION BIO BIO,TALCAHUANO,ATROPELLO,ATROPELLO,URBANA,TRAMO DE VIA RECTA,IMPRUDENCIA DEL CONDUCTOR,NO RESPETAR DERECHO PREFERENTE DE PASO A PEATON,MANUEL BAYON, ,- MANUEL BAYON,235, , ,BIDIRECCIONAL,CONCRETO,BUENO,SECO,DESPEJADO,0,0,0,1
-8131812.65991693,-4414344.44724378,5223,2024,1641270,-36.822141,-73.049316,1,2024/09/27 00:00:00+00,1899/12/30 00:00:00+00,REGION BIO BIO,CONCEPCION,COLISION LATERAL,COLISION,URBANA,CRUCE CON SEMAFORO FUNCIONANDO,IMPRUDENCIA DEL CONDUCTOR,CONDUCCION NO ATENTO CONDICIONES TRANSITO MOMENTO,LOS CARRERA,CASTELLON,CASTELLON - LOS CARRERA,0, , ,BIDIRECCIONAL CON BANDEJON,CONCRETO,BUENO,SECO,DESPEJADO,0,0,0,0
-8091340.12132973,-4508211.00240119,5224,2024,1646464,-37.494153,-72.685745,1,2024/10/26 00:00:00+00,1899/12/30 00:00:00+00,REGION BIO BIO,NACIMIENTO,CHOQUE,CHOQUE,URBANA,TRAMO DE VIA RECTA,IMPRUDENCIA DEL CONDUCTOR,CONDUCCION NO ATENTO CONDICIONES TRANSITO MOMENTO,CARLOS GONZALEZ, ,- CARLOS GONZALEZ,1339, , ,BIDIRECCIONAL,CONCRETO,BUENO,SECO,DESPEJADO,0,0,0,0
-8128676.34458332,-4430094.36345455,5225,2024,1635929,-36.935315,-73.021142,1,2024/08/16 00:00:00+00,1899/12/30 00:00:00+00,REGION BIO BIO,CHIGUAYANTE,ATROPELLO,ATROPELLO,URBANA,CRUCE CON SENAL PARE,DESOBEDIENCIA A SENALIZACION,SENALIZACION DESOBEDECER SENAL PARE,MIRAFLORES,RODOLFO BRICENO,MIRAFLORES - RODOLFO BRICENO,0, , ,BIDIRECCIONAL,ASFALTO,REGULAR,SECO,DESPEJADO,0,0,0,1
-8132027.17257569,-4414288.9614592,5226,2024,1641278,-36.821742,-73.051243,1,2024/09/17 00:00:00+00,1899/12/30 00:00:00+00,REGION BIO BIO,CONCEPCION,COLISION LATERAL,COLISION,URBANA,CRUCE CON SENAL PARE,IMPRUDENCIA DEL CONDUCTOR,CONDUCCION NO ATENTO CONDICIONES TRANSITO MOMENTO,COLO COLO,LAS HERAS,COLO COLO - LAS HERAS,0, , ,UNIDIRECCIONAL,CONCRETO,BUENO,SECO,DESPEJADO,0,0,0,0
-8138562.73988017,-4409413.73853343,5227,2024,1646483,-36.786676,-73.109953,1,2024/10/29 00:00:00+00,1899/12/30 00:00:00+00,REGION BIO BIO,HUALPEN,COLISION,COLISION,URBANA,CRUCE CON SENAL CEDA EL PASO,DESOBEDIENCIA A SENALIZACION,SENALIZACION DESOBEDECER SENAL CEDA EL PASO,SANTA MARIA,O'HIGGINS,O'HIGGINS - SANTA MARIA,0, , ,BIDIRECCIONAL CON BANDEJON,CONCRETO,BUENO,SECO,DESPEJADO,0,0,0,0
-8129831.39561979,-4411219.3377791,5228,2024,1635941,-36.799665,-73.031518,1,2024/08/17 00:00:00+00,1899/12/30 00:00:00+00,REGION BIO BIO,CONCEPCION,CHOQUE FRENTE/POSTERIOR,CHOQUE,URBANA,CRUCE CON SEMAFORO FUNCIONANDO,IMPRUDENCIA DEL CONDUCTOR,CONDUCCION NO ATENTO CONDICIONES TRANSITO MOMENTO,ANDALIEN,PRINCIPAL,ANDALIEN - PRINCIPAL,0, , ,BIDIRECCIONAL CON BANDEJON,CONCRETO,BUENO,SECO,DESPEJADO,0,0,0,0
-8129095.68510514,-4412993.40195237,5229,2024,1641280,-36.812425,-73.024909,1,2024/09/21 00:00:00+00,1899/12/30 00:00:00+00,REGION BIO BIO,CONCEPCION,COLISION LATERAL,COLISION,URBANA,ENLACE A DESNIVEL,IMPRUDENCIA DEL CONDUCTOR,CONDUCCION CAMBIAR SORPRESIVAMENTE PISTA CIRCULACION,ALONSO DE RIBERA,GENERAL BONILLA,ALONSO DE RIBERA - GENERAL BONILLA,0, , ,BIDIRECCIONAL,CONCRETO,BUENO,MOJADO,LLUVIA,0,0,0,0
-8137643.68616417,-4403831.09213521,5230,2024,1646612,-36.746502,-73.101697,1,2024/10/18 00:00:00+00,1899/12/30 00:00:00+00,REGION BIO BIO,TALCAHUANO,CHOQUE LADO/FRENTE,CHOQUE,URBANA,TRAMO DE VIA RECTA,IMPRUDENCIA DEL CONDUCTOR,CONDUCCION NO ATENTO CONDICIONES TRANSITO MOMENTO,DESIDERIO GARCIA, ,- DESIDERIO GARCIA,495, , ,BIDIRECCIONAL CON BANDEJON,CONCRETO,BUENO,SECO,DESPEJADO,0,0,0,0
-8131047.6723762,-4413412.21321332,5231,2024,1635956,-36.815437,-73.042444,1,2024/08/17 00:00:00+00,1899/12/30 00:00:00+00,REGION BIO BIO,CONCEPCION,ATROPELLO,ATROPELLO,URBANA,PASO PARA PEATONES,IMPRUDENCIA DEL CONDUCTOR,CONDUCCION NO ATENTO CONDICIONES TRANSITO MOMENTO,MANUEL BULNES,GALVARINO,GALVARINO - MANUEL BULNES,0, , ,UNIDIRECCIONAL,CONCRETO,BUENO,SECO,DESPEJADO,0,0,0,1
-8131881.9006402,-4413860.38176248,5232,2024,1641283,-36.81866,-73.049938,1,2024/09/17 00:00:00+00,1899/12/30 00:00:00+00,REGION BIO BIO,CONCEPCION,ATROPELLO,ATROPELLO,URBANA,CRUCE CON SEMAFORO FUNCIONANDO,IMPRUDENCIA DEL CONDUCTOR,CONDUCCION NO ATENTO CONDICIONES TRANSITO MOMENTO,TUCAPEL,MANUEL BULNES,MANUEL BULNES - TUCAPEL,0, , ,UNIDIRECCIONAL,CONCRETO,BUENO,SECO,DESPEJADO,0,0,0,1
-8127890.6516173,-4433046.15646916,5233,2024,1635977,-36.956507,-73.014084,1,2024/08/17 00:00:00+00,1899/12/30 00:00:00+00,REGION BIO BIO,CHIGUAYANTE,ATROPELLO,ATROPELLO,URBANA,TRAMO DE VIA RECTA,IMPRUDENCIA DEL CONDUCTOR,CONDUCCION NO ATENTO CONDICIONES TRANSITO MOMENTO,21 DE MAYO, ,- 21 DE MAYO,3225, , ,BIDIRECCIONAL CON BANDEJON,CONCRETO,BUENO,SECO,DESPEJADO,0,1,0,0
-8135948.1789999,-4402978.26390639,5234,2024,1646613,-36.740363,-73.086466,1,2024/10/19 00:00:00+00,1899/12/30 00:00:00+00,REGION BIO BIO,TALCAHUANO,COLISION LATERAL,COLISION,URBANA,TRAMO DE VIA RECTA,IMPRUDENCIA DEL CONDUCTOR,ADELANTAMIENTO SIN EL ESPACIO O TIEMPO SUFICIENTE,VASCO NUNEZ DE BALBOA, ,- VASCO NUNEZ DE BALBOA,7421, , ,BIDIRECCIONAL,CONCRETO,BUENO,SECO,DESPEJADO,0,0,0,0
-8134969.23539787,-4412383.56880583,5235,2024,1641286,-36.808039,-73.077672,1,2024/09/17 00:00:00+00,1899/12/30 00:00:00+00,REGION BIO BIO,CHIGUAYANTE,ATROPELLO,ATROPELLO,URBANA,CRUCE CON SEMAFORO FUNCIONANDO,IMPRUDENCIA DEL CONDUCTOR,CONDUCCION NO ATENTO CONDICIONES TRANSITO MOMENTO,21 DE MAYO,PEDRO DE ONA,21 DE MAYO - PEDRO DE ONA,0, , ,BIDIRECCIONAL CON BANDEJON,CONCRETO,BUENO,SECO,DESPEJADO,0,0,0,1
-8152067.24126677,-4581888.66246055,5236,2024,1635984,-38.017432,-73.231266,1,2024/09/01 00:00:00+00,1899/12/30 00:00:00+00,REGION BIO BIO,CONTULMO,CHOQUE,CHOQUE,URBANA,TRAMO DE VIA RECTA,IMPRUDENCIA DEL CONDUCTOR,CONDUCCION NO ATENTO CONDICIONES TRANSITO MOMENTO,LAS ARAUCARIAS, ,- LAS ARAUCARIAS,701, , ,BIDIRECCIONAL,ASFALTO,REGULAR,HUMEDO,LLUVIA,0,0,0,0
-8136073.52474654,-4403070.92006383,5237,2024,1646614,-36.74103,-73.087592,1,2024/10/19 00:00:00+00,1899/12/30 00:00:00+00,REGION BIO BIO,TALCAHUANO,COLISION LATERAL,COLISION,URBANA,CRUCE CON SEMAFORO FUNCIONANDO,DESOBEDIENCIA A SENALIZACION,SENALIZACION DESOBEDECER LUZ ROJA DE SEMAFORO,VASCO NUNEZ DE BALBOA,CALLE A,CALLE A - VASCO NUNEZ DE BALBOA,0, , ,BIDIRECCIONAL,CONCRETO,BUENO,SECO,DESPEJADO,0,0,0,0
-8126935.19642782,-4415915.5520488,5238,2024,1641287,-36.833438,-73.005501,1,2024/09/30 00:00:00+00,1899/12/30 00:00:00+00,REGION BIO BIO,CONCEPCION,OTRO TIPO,OTRO TIPO,URBANA,TRAMO DE VIA RECTA,OTRAS CAUSAS,OTRAS CAUSAS,CAMINO NONGUEN,PASAJE UNO,CAMINO NONGUEN - PASAJE UNO,0, , ,BIDIRECCIONAL,CONCRETO,BUENO,SECO,NUBLADO,0,0,1,0
-8131949.36025163,-4413733.28519638,5239,2024,1635992,-36.817746,-73.050544,1,2024/08/18 00:00:00+00,1899/12/30 00:00:00+00,REGION BIO BIO,CONCEPCION,COLISION LATERAL,COLISION,URBANA,TRAMO DE VIA RECTA,IMPRUDENCIA DEL CONDUCTOR,CONDUCCION NO ATENTO CONDICIONES TRANSITO MOMENTO,TUCAPEL,JOSE JOAQUIN PRIETO,JOSE JOAQUIN PRIETO - TUCAPEL,0, , ,UNIDIRECCIONAL,CONCRETO,BUENO,SECO,DESPEJADO,0,0,0,0
-8136623.77698953,-4404675.65241155,5240,2024,1646616,-36.752581,-73.092535,1,2024/10/17 00:00:00+00,1899/12/30 00:00:00+00,REGION BIO BIO,TALCAHUANO,COLISION LATERAL,COLISION,URBANA,CRUCE CON SEMAFORO FUNCIONANDO,DESOBEDIENCIA A SENALIZACION,SENALIZACION DESOBEDECER LUZ ROJA DE SEMAFORO,CRISTOBAL COLON, ,- CRISTOBAL COLON,3299, , ,BIDIRECCIONAL CON BANDEJON,CONCRETO,BUENO,SECO,DESPEJADO,0,0,0,0
-8132368.47813446,-4414657.48148854,5241,2024,1641289,-36.824392,-73.054309,1,2024/09/21 00:00:00+00,1899/12/30 00:00:00+00,REGION BIO BIO,CONCEPCION,COLISION LATERAL,COLISION,URBANA,CRUCE CON SEMAFORO FUNCIONANDO,IMPRUDENCIA DEL CONDUCTOR,CONDUCCION NO ATENTO CONDICIONES TRANSITO MOMENTO,LOS CARRERA,RENGO,LOS CARRERA - RENGO,0, , ,BIDIRECCIONAL CON BANDEJON,CONCRETO,BUENO,SECO,DESPEJADO,0,0,0,2
-8138902.26432708,-4399298.3677949,5242,2024,1636001,-36.713868,-73.113003,1,2024/09/04 00:00:00+00,1899/12/30 00:00:00+00,REGION BIO BIO,TALCAHUANO,ATROPELLO,ATROPELLO,URBANA,TRAMO DE VIA RECTA,IMPRUDENCIA DEL CONDUCTOR,NO RESPETAR DERECHO PREFERENTE DE PASO A PEATON,BULNES, ,- BULNES,124, , ,UNIDIRECCIONAL,CONCRETO,BUENO,SECO,DESPEJADO,0,0,0,1
-8139266.72433994,-4402201.48413324,5243,2024,1646617,-36.734771,-73.116277,1,2024/10/12 00:00:00+00,1899/12/30 00:00:00+00,REGION BIO BIO,TALCAHUANO,COLISION LATERAL,COLISION,URBANA,CRUCE SIN SENALIZACION,IMPRUDENCIA DEL CONDUCTOR,NO RESPETAR DERECHO PREFERENTE DE PASO A VEHICULO,ISLA ATILIO,ISLA SANTA MARIA,ISLA ATILIO - ISLA SANTA MARIA,0, , ,BIDIRECCIONAL,CONCRETO,BUENO,SECO,DESPEJADO,0,0,0,0
-8131383.63459941,-4415204.02714377,5244,2024,1641295,-36.828322,-73.045462,1,2024/10/01 00:00:00+00,1899/12/30 00:00:00+00,REGION BIO BIO,CONCEPCION,ATROPELLO,ATROPELLO,URBANA,CRUCE CON SEMAFORO FUNCIONANDO,IMPRUDENCIA DEL PEATON,IMPRUDENCIA DEL PEATON,CASTELLON,COCHRANE,CASTELLON - COCHRANE,0, , ,UNIDIRECCIONAL,CONCRETO,BUENO,SECO,DESPEJADO,0,1,0,0
-8140022.02708497,-4404573.25685439,5245,2024,1646619,-36.751844,-73.123062,1,2024/10/16 00:00:00+00,1899/12/30 00:00:00+00,REGION BIO BIO,TALCAHUANO,CHOQUE FRENTE/POSTERIOR,CHOQUE,URBANA,TRAMO DE VIA RECTA,IMPRUDENCIA DEL CONDUCTOR,CONDUCCION NO ATENTO CONDICIONES TRANSITO MOMENTO,GRAN BRETANA, ,- GRAN BRETANA,2675, , ,BIDIRECCIONAL,CONCRETO,BUENO,SECO,DESPEJADO,0,0,0,2
-8172491.02824261,-4525442.03910403,5246,2024,1636003,-37.616864,-73.414736,1,2024/09/04 00:00:00+00,1899/12/30 00:00:00+00,REGION BIO BIO,LOS ALAMOS,COLISION POR ALCANCE,COLISION,URBANA,TRAMO DE VIA RECTA,IMPRUDENCIA DEL CONDUCTOR,CONDUCCION NO ATENTO CONDICIONES TRANSITO MOMENTO,DIEGO PORTALES, ,- DIEGO PORTALES,529, , ,BIDIRECCIONAL,ASFALTO,BUENO,SECO,DESPEJADO,0,0,0,0
-8132457.64504659,-4411700.64164206,5247,2024,1641300,-36.803127,-73.05511,1,2024/09/22 00:00:00+00,1899/12/30 00:00:00+00,REGION BIO BIO,CONCEPCION,COLISION POR ALCANCE,COLISION,URBANA,TRAMO DE VIA RECTA,IMPRUDENCIA DEL CONDUCTOR,CONDUCCION SIN MANTENER DISTANCIA RAZONABLE NI PRUDENTE,PAICAVI,INDEPENDENCIA,INDEPENDENCIA - PAICAVI,0, , ,BIDIRECCIONAL CON BANDEJON,CONCRETO,BUENO,SECO,DESPEJADO,0,0,0,0
-8134678.91416588,-4408483.74291436,5248,2024,1646621,-36.779985,-73.075064,1,2024/10/22 00:00:00+00,1899/12/30 00:00:00+00,REGION BIO BIO,TALCAHUANO,COLISION LATERAL,COLISION,URBANA,TRAMO DE VIA RECTA,IMPRUDENCIA DEL CONDUCTOR,NO RESPETAR DERECHO PREFERENTE DE PASO A VEHICULO,VASCO NUNEZ DE BALBOA, ,- VASCO NUNEZ DE BALBOA,7100, , ,BIDIRECCIONAL,CONCRETO,BUENO,SECO,DESPEJADO,0,0,0,1
-8176793.08128381,-4527578.81711381,5249,2024,1636004,-37.632067,-73.453382,1,2024/09/04 00:00:00+00,1899/12/30 00:00:00+00,REGION BIO BIO,LOS ALAMOS,CHOQUE FRONTAL,CHOQUE,URBANA,TRAMO DE VIA RECTA,IMPRUDENCIA DEL CONDUCTOR,CONDUCCION NO ATENTO CONDICIONES TRANSITO MOMENTO,LAS ROSAS, ,- LAS ROSAS,10, , ,BIDIRECCIONAL,ASFALTO,BUENO,SECO,DESPEJADO,0,0,0,0
-8131403.67210776,-4414137.38522656,5250,2024,1641305,-36.820652,-73.045642,1,2024/10/01 00:00:00+00,1899/12/30 00:00:00+00,REGION BIO BIO,CONCEPCION,COLISION POR ALCANCE,COLISION,URBANA,ROTONDA,IMPRUDENCIA DEL CONDUCTOR,CONDUCCION NO ATENTO CONDICIONES TRANSITO MOMENTO,LOS CARRERA,ONGOLMO,LOS CARRERA - ONGOLMO,0, , ,BIDIRECCIONAL CON BANDEJON,CONCRETO,BUENO,SECO,DESPEJADO,0,1,0,0
-8136392.23244868,-4405278.79192957,5251,2024,1646622,-36.756922,-73.090455,1,2024/10/23 00:00:00+00,1899/12/30 00:00:00+00,REGION BIO BIO,TALCAHUANO,CHOQUE FRONTAL,CHOQUE,URBANA,TRAMO DE VIA RECTA,FALLAS MECANICAS,FALLAS MECANICAS FRENOS,CRISTOBAL COLON, ,- CRISTOBAL COLON,4975, , ,BIDIRECCIONAL CON BANDEJON,CONCRETO,BUENO,SECO,DESPEJADO,0,0,0,0
-8136489.97096159,-4416740.76357143,5252,2024,1636010,-36.839371,-73.091333,1,2024/09/02 00:00:00+00,1899/12/30 00:00:00+00,REGION BIO BIO,SAN PEDRO DE LA PAZ,COLISION LATERAL,COLISION,URBANA,CRUCE CON SEMAFORO FUNCIONANDO,IMPRUDENCIA DEL CONDUCTOR,CONDUCCION CAMBIAR SORPRESIVAMENTE PISTA CIRCULACION,CAMINO A CORONEL,DIAGONAL ORIENTE,CAMINO A CORONEL - DIAGONAL ORIENTE,0, , ,BIDIRECCIONAL CON BANDEJON,CONCRETO,BUENO,SECO,DESPEJADO,0,0,0,0
-8132438.1641357,-4414505.62187774,5253,2024,1641306,-36.8233,-73.054935,1,2024/09/23 00:00:00+00,1899/12/30 00:00:00+00,REGION BIO BIO,CONCEPCION,CHOQUE LADO/LADO,CHOQUE,URBANA,CRUCE CON SEMAFORO FUNCIONANDO,IMPRUDENCIA DEL CONDUCTOR,CONDUCCION NO ATENTO CONDICIONES TRANSITO MOMENTO,LAS HERAS,RENGO,LAS HERAS - RENGO,0, , ,UNIDIRECCIONAL,ASFALTO,REGULAR,HUMEDO,NUBLADO,0,0,0,0
-8137248.94724982,-4403126.20852937,5254,2024,1646624,-36.741428,-73.098151,1,2024/10/23 00:00:00+00,1899/12/30 00:00:00+00,REGION BIO BIO,TALCAHUANO,CHOQUE LADO/LADO,CHOQUE,URBANA,TRAMO DE VIA RECTA,IMPRUDENCIA DEL CONDUCTOR,CONDUCCION NO ATENTO CONDICIONES TRANSITO MOMENTO,GOMEZ CARRENO, ,- GOMEZ CARRENO,3157, , ,BIDIRECCIONAL,CONCRETO,BUENO,SECO,DESPEJADO,0,0,0,0
-8130263.31524407,-4413555.4359849,5255,2024,1636011,-36.816467,-73.035398,1,2024/06/05 00:00:00+00,1899/12/30 00:00:00+00,REGION BIO BIO,CONCEPCION,COLISION LATERAL,COLISION,URBANA,CRUCE CON SEMAFORO FUNCIONANDO,IMPRUDENCIA DEL CONDUCTOR,CONDUCCION NO ATENTO CONDICIONES TRANSITO MOMENTO,LOS CARRERA,VILUMILLA,LOS CARRERA - VILUMILLA,0, , ,BIDIRECCIONAL CON BANDEJON,CONCRETO,BUENO,SECO,DESPEJADO,0,0,0,0
-8125514.87104479,-4402798.37156705,5256,2024,1641308,-36.739068,-72.992742,1,2024/09/28 00:00:00+00,1899/12/30 00:00:00+00,REGION BIO BIO,CABRERO,COLISION,COLISION,RURAL,CRUCE SIN SENALIZACION,IMPRUDENCIA DEL CONDUCTOR,CONDUCCION NO ATENTO CONDICIONES TRANSITO MOMENTO,LAS HERAS,O'HIGGINS,LAS HERAS - O'HIGGINS,0, , ,UNIDIRECCIONAL,CONCRETO,BUENO,SECO,DESPEJADO,0,0,1,0
-8130686.66326756,-4414122.64490076,5257,2024,1641313,-36.820546,-73.039201,1,2024/10/01 00:00:00+00,1899/12/30 00:00:00+00,REGION BIO BIO,CONCEPCION,COLISION PERPENDICULAR,COLISION,URBANA,CRUCE CON SENAL PARE,DESOBEDIENCIA A SENALIZACION,SENALIZACION DESOBEDECER SENAL PARE,FREIRE,GALVARINO,FREIRE - GALVARINO,0, , ,UNIDIRECCIONAL,CONCRETO,BUENO,SECO,DESPEJADO,0,0,0,0
-8139435.262049,-4401493.93034498,5258,2024,1646625,-36.729677,-73.117791,1,2024/10/24 00:00:00+00,1899/12/30 00:00:00+00,REGION BIO BIO,TALCAHUANO,COLISION LATERAL,COLISION,URBANA,CRUCE CON SENAL PARE,DESOBEDIENCIA A SENALIZACION,SENALIZACION DESOBEDECER SENAL PARE,JUAN ANTONIO RIOS,LA MARINA,JUAN ANTONIO RIOS - LA MARINA,0, , ,BIDIRECCIONAL,CONCRETO,BUENO,SECO,DESPEJADO,0,0,0,0
-8135806.35796863,-4413642.34394604,5259,2024,1636012,-36.817092,-73.085192,1,2024/09/06 00:00:00+00,1899/12/30 00:00:00+00,REGION BIO BIO,CONCEPCION,COLISION LATERAL,COLISION,URBANA,ENLACE A NIVEL,IMPRUDENCIA DEL CONDUCTOR,CONDUCCION CAMBIAR SORPRESIVAMENTE PISTA CIRCULACION,PUENTE JUAN PABLO II,COSTANERA,COSTANERA - PUENTE JUAN PABLO II,0, , ,UNIDIRECCIONAL,CONCRETO,BUENO,SECO,DESPEJADO,0,0,0,0
-8094102.51449377,-4476499.98174918,5260,2024,1641316,-37.267795,-72.71056,1,2024/09/17 00:00:00+00,1899/12/30 00:00:00+00,REGION BIO BIO,LAJA,CHOQUE LADO/LADO,CHOQUE,URBANA,TRAMO DE VIA RECTA,IMPRUDENCIA DEL CONDUCTOR,CONDUCCION NO ATENTO CONDICIONES TRANSITO MOMENTO,CELULOSA, ,- CELULOSA,195, , ,BIDIRECCIONAL,CONCRETO,BUENO,SECO,DESPEJADO,0,0,0,0
-8129367.97257962,-4412820.29254922,5261,2024,1636014,-36.81118,-73.027355,1,2024/09/06 00:00:00+00,1899/12/30 00:00:00+00,REGION BIO BIO,CONCEPCION,ATROPELLO,ATROPELLO,URBANA,ROTONDA,IMPRUDENCIA DEL CONDUCTOR,CONDUCCION NO ATENTO CONDICIONES TRANSITO MOMENTO,GENERAL BONILLA,JUAN BOSCO,GENERAL BONILLA - JUAN BOSCO,0, , ,UNIDIRECCIONAL,CONCRETO,BUENO,SECO,NUBLADO,0,0,0,1
-8134781.66205588,-4407070.90538798,5262,2024,1646627,-36.769819,-73.075987,1,2024/10/24 00:00:00+00,1899/12/30 00:00:00+00,REGION BIO BIO,TALCAHUANO,COLISION LATERAL,COLISION,URBANA,TRAMO DE VIA RECTA,IMPRUDENCIA DEL CONDUCTOR,CONDUCCION CAMBIAR SORPRESIVAMENTE PISTA CIRCULACION,VASCO NUNEZ DE BALBOA, ,- VASCO NUNEZ DE BALBOA,6130, , ,BIDIRECCIONAL,CONCRETO,BUENO,SECO,DESPEJADO,0,0,0,0
-8130055.0364768,-4412451.14093547,5263,2024,1641318,-36.808525,-73.033527,1,2024/09/24 00:00:00+00,1899/12/30 00:00:00+00,REGION BIO BIO,CONCEPCION,COLISION LATERAL,COLISION,URBANA,CRUCE CON SEMAFORO FUNCIONANDO,IMPRUDENCIA DEL CONDUCTOR,CONDUCCION NO ATENTO CONDICIONES TRANSITO MOMENTO,JUAN JOSE MANZANO,CAMILO HENRIQUEZ,CAMILO HENRIQUEZ - JUAN JOSE MANZANO,0, , ,UNIDIRECCIONAL,CONCRETO,BUENO,SECO,DESPEJADO,0,0,0,0
-8129957.63192235,-4413587.1399269,5264,2024,1636019,-36.816695,-73.032652,1,2024/09/06 00:00:00+00,1899/12/30 00:00:00+00,REGION BIO BIO,CONCEPCION,COLISION,COLISION,URBANA,CRUCE CON SEMAFORO FUNCIONANDO,IMPRUDENCIA DEL CONDUCTOR,CONDUCCION CAMBIAR SORPRESIVAMENTE PISTA CIRCULACION,JUAN BOSCO,LEONOR MASCAYANO,JUAN BOSCO - LEONOR MASCAYANO,0, , ,BIDIRECCIONAL,CONCRETO,BUENO,SECO,NUBLADO,0,0,0,0
-8139177.44610832,-4406307.72307516,5265,2024,1646629,-36.764327,-73.115475,1,2024/10/23 00:00:00+00,1899/12/30 00:00:00+00,REGION BIO BIO,TALCAHUANO,COLISION LATERAL,COLISION,URBANA,TRAMO DE VIA RECTA,IMPRUDENCIA DEL CONDUCTOR,CONDUCCION CAMBIAR SORPRESIVAMENTE PISTA CIRCULACION,GRAN BRETANA, ,- GRAN BRETANA,4325, , ,BIDIRECCIONAL CON BANDEJON,CONCRETO,BUENO,SECO,DESPEJADO,0,0,0,0
-8130306.61852599,-4414177.43451671,5266,2024,1641320,-36.82094,-73.035787,1,2024/10/02 00:00:00+00,1899/12/30 00:00:00+00,REGION BIO BIO,CONCEPCION,CHOQUE,CHOQUE,URBANA,TRAMO DE VIA RECTA,IMPRUDENCIA DEL CONDUCTOR,CONDUCCION NO ATENTO CONDICIONES TRANSITO MOMENTO,ROOSEVELT,LUIS URRUTIA MANZANO,LUIS URRUTIA MANZANO - ROOSEVELT,0, , ,BIDIRECCIONAL,CONCRETO,BUENO,SECO,DESPEJADO,0,0,0,0
-8130473.93172065,-4413835.0735725,5267,2024,1636023,-36.818478,-73.03729,1,2024/09/06 00:00:00+00,1899/12/30 00:00:00+00,REGION BIO BIO,CONCEPCION,COLISION,COLISION,URBANA,CRUCE CON SEMAFORO FUNCIONANDO,IMPRUDENCIA DEL CONDUCTOR,CONDUCCION SIN MANTENER DISTANCIA RAZONABLE NI PRUDENTE,MAIPU,LIENTUR,LIENTUR - MAIPU,0, , ,UNIDIRECCIONAL,CONCRETO,BUENO,SECO,DESPEJADO,0,0,0,0