X,Y,FID,Año,IdAccident,Latitud,longitud,ClaseAccid,Fecha,Hora,Región,Comuna,Tipo_Accid,Tipo__CONA,Zona,Ubicación,Causa__CON,Causa_Acci,Calle_Uno,Calle_Dos,Intersecci,Número,Ruta,Ubicaci_1,Calzada,Tipo_Calza,Estado_Cal,Condición,Estado_Atm,Fallecidos,Graves,Menos_Grav,Leves
-8090214.12468036,-4509293.64524123,5523,2024,1642348,-37.501869,-72.67563,1,2024/10/03 00:00:00+00,1899/12/30 00:00:00+00,REGION BIO BIO,NACIMIENTO,CHOQUE,CHOQUE,URBANA,CRUCE CON SENAL PARE,IMPRUDENCIA DEL CONDUCTOR,CONDUCCION SIN MANTENER DISTANCIA RAZONABLE NI PRUDENTE,FERNANDO VALENZUELA,LA CRUZ,FERNANDO VALENZUELA - LA CRUZ,0, , ,BIDIRECCIONAL,CONCRETO,BUENO,SECO,DESPEJADO,0,0,0,0
-8119252.48177073,-4435253.01614213,5524,2024,1647911,-36.972347,-72.936486,1,2024/11/03 00:00:00+00,1899/12/30 00:00:00+00,REGION BIO BIO,HUALQUI,COLISION PERPENDICULAR,COLISION,URBANA,CRUCE SIN SENALIZACION,IMPRUDENCIA DEL CONDUCTOR,CONDUCCION NO ATENTO CONDICIONES TRANSITO MOMENTO,SANTO DOMINGO,PIEDRAS BLANCAS,PIEDRAS BLANCAS - SANTO DOMINGO,0, , ,BIDIRECCIONAL,RIPIO,BUENO, ,NUBLADO,0,0,0,0
-8144467.5709498,-4437904.08404558,5525,2024,1636931,-36.991371,-73.162997,1,2024/09/10 00:00:00+00,1899/12/30 00:00:00+00,REGION BIO BIO,CORONEL,VOLCADURA,VOLCADURA,URBANA,TRAMO DE VIA RECTA,VELOCIDAD IMPRUDENTE,VELOCIDAD NO RAZONABLE NI PRUDENTE,MANUEL MONTT,COLCURA,COLCURA - MANUEL MONTT,0, , ,UNIDIRECCIONAL,CONCRETO,BUENO,SECO,DESPEJADO,0,1,0,1
-8051412.82560844,-4501824.75940968,5526,2024,1642351,-37.448622,-72.327072,1,2024/10/04 00:00:00+00,1899/12/30 00:00:00+00,REGION BIO BIO,LOS ANGELES,CHOQUE FRONTAL,CHOQUE,URBANA,TRAMO DE VIA RECTA,IMPRUDENCIA DEL CONDUCTOR,CONDUCCION NO ATENTO CONDICIONES TRANSITO MOMENTO,LAS INDUSTRIAS, ,- LAS INDUSTRIAS,7190, , ,BIDIRECCIONAL CON BANDEJON,CONCRETO,BUENO,SECO,DESPEJADO,0,0,0,0
-8141965.55407473,-4443843.38316453,5527,2024,1647952,-37.033974,-73.140521,1,2024/10/18 00:00:00+00,1899/12/30 00:00:00+00,REGION BIO BIO,CORONEL,ATROPELLO,ATROPELLO,URBANA,TRAMO DE VIA RECTA,IMPRUDENCIA DEL CONDUCTOR,CONDUCCION NO ATENTO CONDICIONES TRANSITO MOMENTO,LAGO TODOS LOS SANTOS,RIO PIRIGUEICO,LAGO TODOS LOS SANTOS - RIO PIRIGUEICO,0, , ,BIDIRECCIONAL,ASFALTO,BUENO,SECO,DESPEJADO,0,0,0,1
-8051273.78756443,-4504790.66451159,5528,2024,1636932,-37.469771,-72.325823,1,2024/09/05 00:00:00+00,1899/12/30 00:00:00+00,REGION BIO BIO,LOS ANGELES,CHOQUE LATERAL,CHOQUE,URBANA,TRAMO DE VIA RECTA,IMPRUDENCIA DEL CONDUCTOR,VIRAJES INDEBIDOS,LAS INDUSTRIAS, ,- LAS INDUSTRIAS,550, , ,BIDIRECCIONAL,CONCRETO,BUENO,SECO,DESPEJADO,0,0,0,0
-8055624.37590362,-4504416.74232543,5529,2024,1642353,-37.467105,-72.364905,1,2024/10/05 00:00:00+00,1899/12/30 00:00:00+00,REGION BIO BIO,LOS ANGELES,COLISION LATERAL,COLISION,URBANA,TRAMO DE VIA RECTA,IMPRUDENCIA DEL CONDUCTOR,CONDUCCION NO ATENTO CONDICIONES TRANSITO MOMENTO,COSTANERA QUILQUE NORTE,LAS PRIMULAS,COSTANERA QUILQUE NORTE - LAS PRIMULAS,0, , ,BIDIRECCIONAL,ASFALTO,BUENO,SECO,DESPEJADO,0,0,0,0
-8132507.85013694,-4414714.35986765,5530,2024,1647966,-36.824801,-73.055561,1,2024/11/04 00:00:00+00,1899/12/30 00:00:00+00,REGION BIO BIO,CONCEPCION,CHOQUE LATERAL,CHOQUE,URBANA,VIA PRIVADA DE USO PUBLICO,IMPRUDENCIA DEL CONDUCTOR,CONDUCCION NO ATENTO CONDICIONES TRANSITO MOMENTO,LOS CARRERA,LINCOYAN,LINCOYAN - LOS CARRERA,0, , ,UNIDIRECCIONAL,CONCRETO,BUENO,SECO,DESPEJADO,0,0,0,0
-8166818.63226975,-4504404.25978179,5531,2024,1637016,-37.467016,-73.36378,1,2024/09/13 00:00:00+00,1899/12/30 00:00:00+00,REGION BIO BIO,CURANILAHUE,COLISION LATERAL,COLISION,URBANA,CRUCE CON SENAL CEDA EL PASO,IMPRUDENCIA DEL CONDUCTOR,CONDUCCION NO ATENTO CONDICIONES TRANSITO MOMENTO,EDUARDO FREI,LOS OLIVOS,EDUARDO FREI - LOS OLIVOS,0, , ,BIDIRECCIONAL,CONCRETO,BUENO,SECO,DESPEJADO,0,0,0,0
-8090742.78094213,-4509643.04452984,5532,2024,1642361,-37.504359,-72.680379,1,2024/10/04 00:00:00+00,1899/12/30 00:00:00+00,REGION BIO BIO,NACIMIENTO,COLISION,COLISION,URBANA,TRAMO DE VIA RECTA,IMPRUDENCIA DEL CONDUCTOR,VIRAJES INDEBIDOS,ARTURO ALESSANDRI, ,- ARTURO ALESSANDRI,1129, , ,BIDIRECCIONAL,ASFALTO,BUENO,SECO,DESPEJADO,0,0,0,0
-8132335.97284315,-4415456.03169567,5533,2024,1648064,-36.830134,-73.054017,1,2024/11/05 00:00:00+00,1899/12/30 00:00:00+00,REGION BIO BIO,CONCEPCION,CHOQUE,CHOQUE,URBANA,TRAMO DE VIA RECTA,IMPRUDENCIA DEL CONDUCTOR,CONDUCCION NO ATENTO CONDICIONES TRANSITO MOMENTO,ANGOL, ,- ANGOL,341, , ,UNIDIRECCIONAL,CONCRETO,BUENO,SECO,DESPEJADO,0,0,0,0
-8052381.19385885,-4501786.76020462,5534,2024,1637034,-37.448351,-72.335771,1,2024/09/12 00:00:00+00,1899/12/30 00:00:00+00,REGION BIO BIO,LOS ANGELES,COLISION,COLISION,URBANA,TRAMO DE VIA RECTA,IMPRUDENCIA DEL CONDUCTOR,CONDUCCION NO ATENTO CONDICIONES TRANSITO MOMENTO,SOR VICENTA,NIEVES VASQUEZ,NIEVES VASQUEZ - SOR VICENTA,0, , ,UNIDIRECCIONAL,CONCRETO,BUENO,SECO,NUBLADO,0,0,1,1
-8137429.31462513,-4416653.23311975,5535,2024,1648065,-36.838742,-73.099771,1,2024/10/01 00:00:00+00,1899/12/30 00:00:00+00,REGION BIO BIO,SAN PEDRO DE LA PAZ,COLISION LATERAL,COLISION,RURAL,CRUCE CON SEMAFORO FUNCIONANDO,DESOBEDIENCIA A SENALIZACION,SENALIZACION DESOBEDECER LUZ ROJA DE SEMAFORO,PRESIDENTE JORGE ALESSANDRI,PEDRO AGUIRRE CERDA,PEDRO AGUIRRE CERDA - PRESIDENTE JORGE ALESSANDRI,0, , ,BIDIRECCIONAL,CONCRETO,BUENO,SECO,DESPEJADO,0,0,0,0
-8058334.226268,-4502032.00472936,5536,2024,1642364,-37.4501,-72.389248,1,2024/10/05 00:00:00+00,1899/12/30 00:00:00+00,REGION BIO BIO,LOS ANGELES,COLISION,COLISION,URBANA,TRAMO DE VIA RECTA,ALCOHOL EN CONDUCTOR,CONDUCCION EN ESTADO DE EBRIEDAD,MARIA DOLORES, ,- MARIA DOLORES,100, , ,BIDIRECCIONAL,CONCRETO,REGULAR,SECO,DESPEJADO,0,0,0,4
-8137411.13974791,-4410640.3283107,5537,2024,1637038,-36.7955,-73.099608,1,2024/09/13 00:00:00+00,1899/12/30 00:00:00+00,REGION BIO BIO,HUALPEN,COLISION,COLISION,URBANA,CRUCE CON SENAL CEDA EL PASO,VELOCIDAD IMPRUDENTE,VELOCIDAD NO RAZONABLE NI PRUDENTE,BREMEN,LA RECONQUISTA,BREMEN - LA RECONQUISTA,0, , ,BIDIRECCIONAL,CONCRETO,BUENO,SECO,DESPEJADO,0,1,0,0
-8142552.98702765,-4419097.55185753,5538,2024,1648071,-36.856313,-73.145798,1,2024/10/02 00:00:00+00,1899/12/30 00:00:00+00,REGION BIO BIO,SAN PEDRO DE LA PAZ,CHOQUE LADO/LADO,CHOQUE,URBANA,TRAMO DE VIA RECTA,IMPRUDENCIA DEL CONDUCTOR,CONDUCCION NO ATENTO CONDICIONES TRANSITO MOMENTO,GALVARINO,4 NORTE,4 NORTE - GALVARINO,0, , ,BIDIRECCIONAL,CONCRETO,BUENO,SECO,DESPEJADO,0,0,0,0
-8118678.40715671,-4435102.25518078,5539,2024,1642371,-36.971265,-72.931329,1,2024/09/18 00:00:00+00,1899/12/30 00:00:00+00,REGION BIO BIO,HUALQUI,CHOQUE POSTERIOR/FRENTE,CHOQUE,URBANA,TRAMO DE VIA RECTA,ALCOHOL EN CONDUCTOR,CONDUCCION EN ESTADO DE EBRIEDAD,LUIS CRUZ MARTINEZ, ,- LUIS CRUZ MARTINEZ,15, , ,BIDIRECCIONAL,CONCRETO,REGULAR,MOJADO,LLUVIA,0,0,0,0
-8052720.82962525,-4504447.03709989,5540,2024,1637042,-37.467321,-72.338822,1,2024/09/12 00:00:00+00,1899/12/30 00:00:00+00,REGION BIO BIO,LOS ANGELES,CHOQUE LATERAL,CHOQUE,URBANA,CRUCE CON SEMAFORO FUNCIONANDO,IMPRUDENCIA DEL CONDUCTOR,CONDUCCION NO ATENTO CONDICIONES TRANSITO MOMENTO,COLO COLO,GUILLERMO MARCONI,COLO COLO - GUILLERMO MARCONI,0, , ,UNIDIRECCIONAL,CONCRETO,BUENO,SECO,DESPEJADO,0,0,0,0
-8142690.57791827,-4418562.21376476,5541,2024,1648077,-36.852465,-73.147034,1,2024/10/05 00:00:00+00,1899/12/30 00:00:00+00,REGION BIO BIO,SAN PEDRO DE LA PAZ,CHOQUE FRONTAL,CHOQUE,URBANA,TRAMO DE VIA RECTA,ALCOHOL EN CONDUCTOR,CONDUCCION EN ESTADO DE EBRIEDAD,PASAJE SESENTA Y SIETE, ,- PASAJE SESENTA Y SIETE,1, , ,BIDIRECCIONAL,ASFALTO,BUENO,SECO,DESPEJADO,0,0,0,1
-8118728.72356654,-4432124.25977122,5542,2024,1642382,-36.949889,-72.931781,1,2024/09/22 00:00:00+00,1899/12/30 00:00:00+00,REGION BIO BIO,HUALQUI,ATROPELLO,ATROPELLO,URBANA,CRUCE CON SEMAFORO FUNCIONANDO,IMPRUDENCIA DEL PEATON,PEATON CRUZA CALZADA FUERA PASO PEATONES,LA ARAUCANA,EL AGUILA,EL AGUILA - LA ARAUCANA,0, , ,BIDIRECCIONAL,ASFALTO,BUENO,SECO,DESPEJADO,0,1,0,0
-8132799.06192485,-4410963.12394353,5543,2024,1637051,-36.797822,-73.058177,1,2024/09/14 00:00:00+00,1899/12/30 00:00:00+00,REGION BIO BIO,CONCEPCION,CHOQUE,CHOQUE,URBANA,TRAMO DE VIA RECTA,IMPRUDENCIA DEL CONDUCTOR,CONDUCCION NO ATENTO CONDICIONES TRANSITO MOMENTO,ALONSO DE RIBERA, ,- ALONSO DE RIBERA,2850, , ,BIDIRECCIONAL,CONCRETO,BUENO,SECO,DESPEJADO,0,0,0,0
-8119252.48177073,-4435253.01614213,5544,2024,1642394,-36.972347,-72.936486,1,2024/09/06 00:00:00+00,1899/12/30 00:00:00+00,REGION BIO BIO,HUALQUI,COLISION PERPENDICULAR,COLISION,URBANA,CRUCE CON SENAL PARE,DESOBEDIENCIA A SENALIZACION,SENALIZACION DESOBEDECER SENAL PARE,DIEGO PORTALES,MANUEL BULNES,DIEGO PORTALES - MANUEL BULNES,0, , ,UNIDIRECCIONAL,ASFALTO,BUENO,SECO,NUBLADO,0,0,0,1
-8130824.58811665,-4413848.14482794,5545,2024,1648079,-36.818572,-73.04044,1,2024/11/05 00:00:00+00,1899/12/30 00:00:00+00,REGION BIO BIO,CONCEPCION,COLISION,COLISION,URBANA,CRUCE CON SEMAFORO FUNCIONANDO,IMPRUDENCIA DEL CONDUCTOR,CONDUCCION CAMBIAR SORPRESIVAMENTE PISTA CIRCULACION,LOS CARRERA,GALVARINO,GALVARINO - LOS CARRERA,0, , ,BIDIRECCIONAL,CONCRETO,BUENO,SECO,DESPEJADO,0,0,0,0
-8051264.77068568,-4508289.43272097,5546,2024,1637054,-37.494712,-72.325742,1,2024/09/13 00:00:00+00,1899/12/30 00:00:00+00,REGION BIO BIO,LOS ANGELES,COLISION,COLISION,URBANA,TRAMO DE VIA RECTA,IMPRUDENCIA DEL CONDUCTOR,CONDUCCION NO ATENTO CONDICIONES TRANSITO MOMENTO,LAS INDUSTRIAS,LA FRONTERA,LA FRONTERA - LAS INDUSTRIAS,0, , ,BIDIRECCIONAL,CONCRETO,BUENO,SECO,DESPEJADO,0,0,0,0
-8088449.82207077,-4510409.93964988,5547,2024,1648080,-37.509824,-72.659781,1,2024/11/05 00:00:00+00,1899/12/30 00:00:00+00,REGION BIO BIO,NACIMIENTO,COLISION,COLISION,URBANA,TRAMO DE VIA RECTA,IMPRUDENCIA DEL CONDUCTOR,CONDUCCION NO ATENTO CONDICIONES TRANSITO MOMENTO,JULIO HEMMELMANN, ,- JULIO HEMMELMANN,632, , ,BIDIRECCIONAL,ASFALTO,BUENO,SECO,NUBLADO,0,0,0,1
-8138402.10585495,-4410156.43122294,5548,2024,1642407,-36.792019,-73.10851,1,2024/10/07 00:00:00+00,1899/12/30 00:00:00+00,REGION BIO BIO,HUALPEN,COLISION,COLISION,URBANA,CRUCE CON SEMAFORO FUNCIONANDO,IMPRUDENCIA DEL CONDUCTOR,"ADELANTAMIENTO EN CRUCE, CURVA, CUESTA, PUENTE",GRAN BRETANA,BREMEN,BREMEN - GRAN BRETANA,0, , ,BIDIRECCIONAL,CONCRETO,BUENO,SECO,DESPEJADO,0,0,0,0
-8051964.85896328,-4507026.4813143,5549,2024,1637058,-37.48571,-72.332031,1,2024/09/13 00:00:00+00,1899/12/30 00:00:00+00,REGION BIO BIO,LOS ANGELES,COLISION,COLISION,URBANA,TRAMO DE VIA RECTA,IMPRUDENCIA DEL CONDUCTOR,CONDUCCION NO ATENTO CONDICIONES TRANSITO MOMENTO,BRASILIA, ,- BRASILIA,325, , ,BIDIRECCIONAL,ASFALTO,BUENO,SECO,DESPEJADO,0,0,0,0
-8140267.04128421,-4415295.67711525,5550,2024,1648081,-36.828981,-73.125263,1,2024/10/05 00:00:00+00,1899/12/30 00:00:00+00,REGION BIO BIO,SAN PEDRO DE LA PAZ,CHOQUE LADO/FRENTE,CHOQUE,URBANA,TRAMO DE VIA RECTA,IMPRUDENCIA DEL CONDUCTOR,CONDUCCION NO ATENTO CONDICIONES TRANSITO MOMENTO,NAHUELBUTA, ,- NAHUELBUTA,2770, , ,BIDIRECCIONAL,CONCRETO,BUENO,SECO,DESPEJADO,0,0,0,0
-8055191.00912596,-4504707.35136202,5551,2024,1642414,-37.469177,-72.361012,1,2024/10/06 00:00:00+00,1899/12/30 00:00:00+00,REGION BIO BIO,LOS ANGELES,VOLCADURA,VOLCADURA,URBANA,TRAMO DE VIA RECTA,IMPRUDENCIA DEL CONDUCTOR,CONDUCCION NO ATENTO CONDICIONES TRANSITO MOMENTO,NEVADO OJOS DEL SALADO,PASAJE UNO,NEVADO OJOS DEL SALADO - PASAJE UNO,0, , ,BIDIRECCIONAL,ASFALTO,BUENO,SECO,NUBLADO,0,0,0,0
-8054112.10062119,-4505611.20817257,5552,2024,1637067,-37.475621,-72.35132,1,2024/09/13 00:00:00+00,1899/12/30 00:00:00+00,REGION BIO BIO,LOS ANGELES,COLISION FRONTAL,COLISION,URBANA,TRAMO DE VIA RECTA,IMPRUDENCIA DEL CONDUCTOR,CONDUCCION NO ATENTO CONDICIONES TRANSITO MOMENTO,BERNARDO O'HIGGINS,BAQUEDANO,BAQUEDANO - BERNARDO O'HIGGINS,0, , ,BIDIRECCIONAL,ASFALTO,BUENO,SECO,DESPEJADO,0,0,0,0
-8142816.81422083,-4419085.03064839,5553,2024,1648088,-36.856223,-73.148168,1,2024/10/05 00:00:00+00,1899/12/30 00:00:00+00,REGION BIO BIO,SAN PEDRO DE LA PAZ,CHOQUE POSTERIOR/LADO,CHOQUE,URBANA,ACERA O BERMA,ALCOHOL EN CONDUCTOR,CONDUCCION EN ESTADO DE EBRIEDAD,4 NORTE,RIO LAS CRUCES,4 NORTE - RIO LAS CRUCES,0, , ,BIDIRECCIONAL,CONCRETO,BUENO,SECO,DESPEJADO,0,0,0,0
-8052665.50383833,-4508062.28104543,5554,2024,1642426,-37.493093,-72.338325,1,2024/10/06 00:00:00+00,1899/12/30 00:00:00+00,REGION BIO BIO,LOS ANGELES,VOLCADURA,VOLCADURA,URBANA,TRAMO DE VIA RECTA,IMPRUDENCIA DEL CONDUCTOR,CONDUCCION NO ATENTO CONDICIONES TRANSITO MOMENTO,LAUQUEN,EL SALTO,EL SALTO - LAUQUEN,0, , ,UNIDIRECCIONAL,CONCRETO,REGULAR,SECO,DESPEJADO,0,1,0,0
-8054790.2589591,-4506524.68206467,5555,2024,1637070,-37.482133,-72.357412,1,2024/09/13 00:00:00+00,1899/12/30 00:00:00+00,REGION BIO BIO,LOS ANGELES,CHOQUE POSTERIOR/FRENTE,CHOQUE,URBANA,TRAMO DE VIA RECTA,IMPRUDENCIA DEL CONDUCTOR,CONDUCCION NO ATENTO CONDICIONES TRANSITO MOMENTO,5 DE ABRIL, ,- 5 DE ABRIL,665, , ,BIDIRECCIONAL,ASFALTO,BUENO,SECO,DESPEJADO,0,0,0,0
-8055191.00912596,-4504707.35136202,5556,2024,1642434,-37.469177,-72.361012,1,2024/10/06 00:00:00+00,1899/12/30 00:00:00+00,REGION BIO BIO,LOS ANGELES,COLISION,COLISION,URBANA,TRAMO DE VIA RECTA,ALCOHOL EN CONDUCTOR,CONDUCCION EN ESTADO DE EBRIEDAD,SACRAMENTO,PATRICIO LYNCH,PATRICIO LYNCH - SACRAMENTO,0, , ,BIDIRECCIONAL,CONCRETO,REGULAR,SECO,DESPEJADO,0,0,0,2
-8137617.52608384,-4415766.45610303,5557,2024,1648090,-36.832366,-73.101462,1,2024/10/06 00:00:00+00,1899/12/30 00:00:00+00,REGION BIO BIO,SAN PEDRO DE LA PAZ,CHOQUE LADO/LADO,CHOQUE,URBANA,VIA PRIVADA DE USO PUBLICO,IMPRUDENCIA DEL CONDUCTOR,CONDUCIR VEHICULO EN RETROCESO,LAS VIOLETAS, ,- LAS VIOLETAS,1292, , ,BIDIRECCIONAL,ASFALTO,BUENO,SECO,DESPEJADO,0,0,0,0
-8055191.00912596,-4504707.35136202,5558,2024,1637082,-37.469177,-72.361012,1,2024/09/13 00:00:00+00,1899/12/30 00:00:00+00,REGION BIO BIO,LOS ANGELES,CHOQUE LADO/FRENTE,CHOQUE,URBANA,TRAMO DE VIA RECTA,IMPRUDENCIA DEL CONDUCTOR,CONDUCCION NO ATENTO CONDICIONES TRANSITO MOMENTO,ALEMANIA, ,- ALEMANIA,850, , ,BIDIRECCIONAL,CONCRETO,BUENO,SECO,DESPEJADO,0,0,0,0
-8136982.89366683,-4417523.61229701,5559,2024,1648109,-36.844999,-73.095761,1,2024/10/10 00:00:00+00,1899/12/30 00:00:00+00,REGION BIO BIO,SAN PEDRO DE LA PAZ,VOLCADURA,VOLCADURA,URBANA,TRAMO DE VIA RECTA,ALCOHOL EN CONDUCTOR,CONDUCCION EN ESTADO DE EBRIEDAD,ANDRES MADARIAGA, ,- ANDRES MADARIAGA,34, , ,BIDIRECCIONAL,CONCRETO,BUENO,HUMEDO,DESPEJADO,0,0,0,1
-8054588.77068077,-4505139.35265462,5560,2024,1642439,-37.472257,-72.355602,1,2024/10/07 00:00:00+00,1899/12/30 00:00:00+00,REGION BIO BIO,LOS ANGELES,CHOQUE FRENTE/POSTERIOR,CHOQUE,URBANA,CRUCE CON SEMAFORO FUNCIONANDO,IMPRUDENCIA DEL CONDUCTOR,CONDUCCION NO ATENTO CONDICIONES TRANSITO MOMENTO,RICARDO VICUNA,ERCILLA,ERCILLA - RICARDO VICUNA,0, , ,BIDIRECCIONAL,CONCRETO,BUENO,SECO,DESPEJADO,0,0,0,0
-8053108.4440922,-4505148.32949364,5561,2024,1637086,-37.472321,-72.342304,1,2024/09/13 00:00:00+00,1899/12/30 00:00:00+00,REGION BIO BIO,LOS ANGELES,COLISION POR ALCANCE,COLISION,URBANA,TRAMO DE VIA RECTA,IMPRUDENCIA DEL CONDUCTOR,CONDUCCION NO ATENTO CONDICIONES TRANSITO MOMENTO,RICARDO VICUNA,FRANCISCO DE AGUIRRE,FRANCISCO DE AGUIRRE - RICARDO VICUNA,0, , ,BIDIRECCIONAL CON BANDEJON,ASFALTO,BUENO,SECO,DESPEJADO,0,0,0,0
-8136857.4366007,-4417346.81253221,5562,2024,1648114,-36.843728,-73.094634,1,2024/10/10 00:00:00+00,1899/12/30 00:00:00+00,REGION BIO BIO,SAN PEDRO DE LA PAZ,COLISION POR ALCANCE,COLISION,URBANA,CRUCE CON SEMAFORO FUNCIONANDO,IMPRUDENCIA DEL CONDUCTOR,CONDUCCION NO ATENTO CONDICIONES TRANSITO MOMENTO,CAMINO EL VENADO, ,- CAMINO EL VENADO,281, , ,BIDIRECCIONAL CON BANDEJON,ASFALTO,BUENO,SECO,DESPEJADO,0,0,0,0
-8138050.22494455,-4408327.94079857,5563,2024,1642480,-36.778864,-73.105349,1,2024/10/07 00:00:00+00,1899/12/30 00:00:00+00,REGION BIO BIO,HUALPEN,COLISION,COLISION,URBANA,CRUCE SIN SENALIZACION,IMPRUDENCIA DEL CONDUCTOR,CONDUCCION NO ATENTO CONDICIONES TRANSITO MOMENTO,NORUEGA,ALEMANIA,ALEMANIA - NORUEGA,0, , ,BIDIRECCIONAL,CONCRETO,BUENO,SECO,DESPEJADO,0,0,0,1
-8053914.28588605,-4505854.2977972,5564,2024,1637090,-37.477354,-72.349543,1,2024/09/13 00:00:00+00,1899/12/30 00:00:00+00,REGION BIO BIO,LOS ANGELES,COLISION POR ALCANCE,COLISION,URBANA,TRAMO DE VIA RECTA,IMPRUDENCIA DEL CONDUCTOR,CONDUCCION NO ATENTO CONDICIONES TRANSITO MOMENTO,FREIRE, ,- FREIRE,424, , ,UNIDIRECCIONAL,CONCRETO,BUENO,SECO,DESPEJADO,0,0,0,0
-8144153.42734678,-4440106.51858683,5565,2024,1648158,-37.007172,-73.160175,1,2024/10/22 00:00:00+00,1899/12/30 00:00:00+00,REGION BIO BIO,CORONEL,CHOQUE POSTERIOR,CHOQUE,URBANA,CRUCE CON SEMAFORO FUNCIONANDO,IMPRUDENCIA DEL CONDUCTOR,CONDUCCION NO ATENTO CONDICIONES TRANSITO MOMENTO,HEROES DE LA CONCEPCION,GENERAL CARLOS PRATS,GENERAL CARLOS PRATS - HEROES DE LA CONCEPCION,0, , ,BIDIRECCIONAL,CONCRETO,REGULAR,SECO,DESPEJADO,0,0,0,0
-8139194.14403194,-4407895.43161356,5566,2024,1642489,-36.775752,-73.115625,1,2024/10/08 00:00:00+00,1899/12/30 00:00:00+00,REGION BIO BIO,HUALPEN,COLISION,COLISION,URBANA,CRUCE CON SEMAFORO FUNCIONANDO,IMPRUDENCIA DEL CONDUCTOR,CONDUCCION SIN MANTENER DISTANCIA RAZONABLE NI PRUDENTE,COSTANERA,CAMINO A LENGA,CAMINO A LENGA - COSTANERA,0, , ,BIDIRECCIONAL CON BANDEJON,CONCRETO,BUENO,SECO,DESPEJADO,0,0,0,1
-7957530.30853353,-4539060.08149006,5567,2024,1637096,-37.713702,-71.483711,1,2024/09/14 00:00:00+00,1899/12/30 00:00:00+00,REGION BIO BIO,ALTO BIO BIO,COLISION,COLISION,URBANA,CRUCE CON SENAL CEDA EL PASO,ALCOHOL EN CONDUCTOR,CONDUCCION EN ESTADO DE EBRIEDAD,PITRIL,CAUNICU,CAUNICU - PITRIL,0, , ,BIDIRECCIONAL,ASFALTO,BUENO,SECO,DESPEJADO,0,0,0,1
-8130021.97458803,-4411311.78758392,5568,2024,1648161,-36.80033,-73.03323,1,2024/10/16 00:00:00+00,1899/12/30 00:00:00+00,REGION BIO BIO,CONCEPCION,COLISION LATERAL,COLISION,URBANA,TRAMO DE VIA RECTA,IMPRUDENCIA DEL CONDUCTOR,CONDUCCION NO ATENTO CONDICIONES TRANSITO MOMENTO,PRINCIPAL,PASAJE DIEZ,PASAJE DIEZ - PRINCIPAL,0, , ,BIDIRECCIONAL,CONCRETO,BUENO,SECO,DESPEJADO,0,0,0,1
-8134607.89233075,-4409196.48673448,5569,2024,1642494,-36.785113,-73.074426,1,2024/10/08 00:00:00+00,1899/12/30 00:00:00+00,REGION BIO BIO,HUALPEN,OTRO TIPO,OTRO TIPO,URBANA,ENLACE A NIVEL,IMPRUDENCIA DEL CONDUCTOR,CONDUCCION NO ATENTO CONDICIONES TRANSITO MOMENTO,O'HIGGINS,AUTOPISTA CONCEPCION TALCAHUANO,AUTOPISTA CONCEPCION TALCAHUANO - O'HIGGINS,0, , ,BIDIRECCIONAL CON BANDEJON,CONCRETO,BUENO,SECO,DESPEJADO,0,0,0,0
-8122110.27573837,-4385032.17374455,5570,2024,1637127,-36.611066,-72.962158,1,2024/09/14 00:00:00+00,1899/12/30 00:00:00+00,REGION BIO BIO,TOME,CHOQUE FRENTE/FRENTE,CHOQUE,URBANA,TRAMO DE VIA RECTA,IMPRUDENCIA DEL CONDUCTOR,CONDUCCION NO ATENTO CONDICIONES TRANSITO MOMENTO,INES DE SUAREZ, ,- INES DE SUAREZ,1760, , ,BIDIRECCIONAL,CONCRETO,BUENO,SECO,DESPEJADO,0,0,0,0
-8133384.9364049,-4414990.2729941,5571,2024,1648172,-36.826785,-73.06344,1,2024/10/17 00:00:00+00,1899/12/30 00:00:00+00,REGION BIO BIO,CHIGUAYANTE,COLISION LATERAL,COLISION,URBANA,CRUCE CON SEMAFORO FUNCIONANDO,DESOBEDIENCIA A SENALIZACION,SENALIZACION DESOBEDECER LUZ ROJA DE SEMAFORO,PASCUAL BINIMELIS,DESIDERIO SANHUEZA,DESIDERIO SANHUEZA - PASCUAL BINIMELIS,0, , ,UNIDIRECCIONAL,ASFALTO,BUENO,SECO,DESPEJADO,0,0,0,0
-8052914.19158076,-4503687.30985367,5572,2024,1642515,-37.461904,-72.340559,1,2024/10/07 00:00:00+00,1899/12/30 00:00:00+00,REGION BIO BIO,LOS ANGELES,COLISION,COLISION,URBANA,TRAMO DE VIA RECTA,IMPRUDENCIA DEL CONDUCTOR,CONDUCCION NO ATENTO CONDICIONES TRANSITO MOMENTO,GUILLERMO MARCONI,ARGENTINA,ARGENTINA - GUILLERMO MARCONI,0, , ,BIDIRECCIONAL,CONCRETO,BUENO,SECO,DESPEJADO,0,0,0,0
-8144628.87289196,-4442260.47144225,5573,2024,1637135,-37.022622,-73.164446,1,2024/09/15 00:00:00+00,1899/12/30 00:00:00+00,REGION BIO BIO,CORONEL,CHOQUE LATERAL,CHOQUE,URBANA,TRAMO DE VIA RECTA,IMPRUDENCIA DEL CONDUCTOR,CONDUCCION NO ATENTO CONDICIONES TRANSITO MOMENTO,PEDRO AGUIRRE CERDA,MARIO FUENTEALBA,MARIO FUENTEALBA - PEDRO AGUIRRE CERDA,0, , ,BIDIRECCIONAL,ASFALTO,BUENO,SECO,DESPEJADO,1,0,0,0