X,Y,FID,Año,IdAccident,Latitud,longitud,ClaseAccid,Fecha,Hora,Región,Comuna,Tipo_Accid,Tipo__CONA,Zona,Ubicación,Causa__CON,Causa_Acci,Calle_Uno,Calle_Dos,Intersecci,Número,Ruta,Ubicaci_1,Calzada,Tipo_Calza,Estado_Cal,Condición,Estado_Atm,Fallecidos,Graves,Menos_Grav,Leves
-8161113.06308863,-4473464.29561316,5881,2024,1649187,-37.24609,-73.312526,1,2024/11/01 00:00:00+00,1899/12/30 00:00:00+00,REGION BIO BIO,ARAUCO,COLISION,COLISION,URBANA,TRAMO DE VIA RECTA,IMPRUDENCIA DEL CONDUCTOR,CONDUCCION NO ATENTO CONDICIONES TRANSITO MOMENTO,ESMERALDA,LOS CARRERA,ESMERALDA - LOS CARRERA,0, , ,UNIDIRECCIONAL,CONCRETO,BUENO,SECO,DESPEJADO,0,0,0,0
-8053688.19600025,-4507267.07851673,5882,2024,1638184,-37.487425,-72.347512,1,2024/09/20 00:00:00+00,1899/12/30 00:00:00+00,REGION BIO BIO,LOS ANGELES,COLISION LATERAL,COLISION,URBANA,TRAMO DE VIA RECTA,IMPRUDENCIA DEL CONDUCTOR,CONDUCCION NO ATENTO CONDICIONES TRANSITO MOMENTO,RIO BIO BIO, ,- RIO BIO BIO,207, , ,BIDIRECCIONAL,ASFALTO,BUENO,SECO,DESPEJADO,0,0,0,0
-8076852.11224197,-4442205.81557278,5883,2024,1643842,-37.02223,-72.555597,1,2024/10/09 00:00:00+00,1899/12/30 00:00:00+00,REGION VALPARAISO,QUILPUE,COLISION LATERAL,COLISION,URBANA,TRAMO DE VIA RECTA,IMPRUDENCIA DEL CONDUCTOR,CONDUCCION CAMBIAR SORPRESIVAMENTE PISTA CIRCULACION,LOS CARRERA,PEDRO AGUIRRE CERDA,LOS CARRERA - PEDRO AGUIRRE CERDA,0, , ,UNIDIRECCIONAL,ASFALTO,BUENO,SECO,DESPEJADO,0,0,0,0
-8124467.46595592,-4400842.2556632,5884,2024,1649193,-36.724985,-72.983333,1,2024/10/26 00:00:00+00,1899/12/30 00:00:00+00,REGION BIO BIO,PENCO,COLISION LATERAL,COLISION,URBANA,TRAMO DE VIA RECTA,IMPRUDENCIA DEL CONDUCTOR,CONDUCCION NO ATENTO CONDICIONES TRANSITO MOMENTO,DOMINGO SANTA MARIA, ,- DOMINGO SANTA MARIA,300, , ,UNIDIRECCIONAL,ASFALTO,BUENO,SECO,DESPEJADO,0,0,0,2
-8056142.90209173,-4505788.65041855,5885,2024,1638195,-37.476886,-72.369563,1,2024/09/20 00:00:00+00,1899/12/30 00:00:00+00,REGION BIO BIO,LOS ANGELES,COLISION POR ALCANCE,COLISION,URBANA,TRAMO DE VIA RECTA,IMPRUDENCIA DEL CONDUCTOR,CONDUCCION NO ATENTO CONDICIONES TRANSITO MOMENTO,PADRE HURTADO,PATRICIO LYNCH,PADRE HURTADO - PATRICIO LYNCH,0, , ,UNIDIRECCIONAL,CONCRETO,BUENO,SECO,DESPEJADO,0,0,0,0
-8131855.07264292,-4418989.03520148,5886,2024,1643843,-36.855533,-73.049697,1,2024/10/11 00:00:00+00,1899/12/30 00:00:00+00,REGION BIO BIO,CONCEPCION,COLISION,COLISION,URBANA,TRAMO DE VIA RECTA,IMPRUDENCIA DEL CONDUCTOR,CONDUCCION NO ATENTO CONDICIONES TRANSITO MOMENTO,PEDRO DE VALDIVIA,SANDERS,PEDRO DE VALDIVIA - SANDERS,0, , ,BIDIRECCIONAL CON BANDEJON,CONCRETO,BUENO,SECO,DESPEJADO,0,0,0,1
-8165021.04513242,-4505718.0939721,5887,2024,1649204,-37.476383,-73.347632,1,2024/11/08 00:00:00+00,1899/12/30 00:00:00+00,REGION BIO BIO,CURANILAHUE,COLISION LATERAL,COLISION,URBANA,CRUCE SIN SENALIZACION,IMPRUDENCIA DEL CONDUCTOR,CONDUCIR VEHICULO EN RETROCESO,ARTURO PRAT,ANIBAL PINTO,ANIBAL PINTO - ARTURO PRAT,0, , ,BIDIRECCIONAL CON BANDEJON,CONCRETO,BUENO,SECO,DESPEJADO,0,0,0,0
-8053795.61930886,-4504010.85689149,5888,2024,1638201,-37.464211,-72.348477,1,2024/09/21 00:00:00+00,1899/12/30 00:00:00+00,REGION BIO BIO,LOS ANGELES,COLISION LATERAL,COLISION,URBANA,TRAMO DE VIA RECTA,IMPRUDENCIA DEL CONDUCTOR,CONDUCCION NO ATENTO CONDICIONES TRANSITO MOMENTO,VILLAGRAN, ,- VILLAGRAN,794, , ,UNIDIRECCIONAL,CONCRETO,BUENO,MOJADO,LLUVIA,0,0,0,0
-8131384.41383585,-4414851.89832927,5889,2024,1643864,-36.82579,-73.045469,1,2024/10/11 00:00:00+00,1899/12/30 00:00:00+00,REGION BIO BIO,CONCEPCION,COLISION PERPENDICULAR,COLISION,URBANA,CRUCE CON SEMAFORO FUNCIONANDO,DESOBEDIENCIA A SENALIZACION,SENALIZACION DESOBEDECER LUZ ROJA DE SEMAFORO,TUCAPEL,O'HIGGINS,O'HIGGINS - TUCAPEL,0, , ,UNIDIRECCIONAL,CONCRETO,BUENO,SECO,NUBLADO,0,0,0,1
-8121834.2034012,-4383920.98129329,5890,2024,1649257,-36.603053,-72.959678,1,2024/11/01 00:00:00+00,1899/12/30 00:00:00+00,REGION BIO BIO,TOME,COLISION LATERAL,COLISION,URBANA,CRUCE SIN SENALIZACION,IMPRUDENCIA DEL CONDUCTOR,CONDUCCION NO ATENTO CONDICIONES TRANSITO MOMENTO,ENRIQUE MOLINA,NESTOR GONZALEZ,ENRIQUE MOLINA - NESTOR GONZALEZ,0, , ,BIDIRECCIONAL,CONCRETO,BUENO,SECO,DESPEJADO,0,0,0,0
-8170604.60815163,-4552223.07300586,5891,2024,1638366,-37.807184,-73.39779,1,2024/09/12 00:00:00+00,1899/12/30 00:00:00+00,REGION BIO BIO,CANETE,ATROPELLO,ATROPELLO,URBANA,TRAMO DE VIA RECTA,IMPRUDENCIA DEL CONDUCTOR,CONDUCCION NO ATENTO CONDICIONES TRANSITO MOMENTO,IGNACIO CARRERA PINTO, ,- IGNACIO CARRERA PINTO,461, , ,BIDIRECCIONAL,ASFALTO,BUENO,SECO,DESPEJADO,0,0,1,0
-8139165.86888128,-4416550.90222554,5892,2024,1643868,-36.838006,-73.115371,1,2024/10/11 00:00:00+00,1899/12/30 00:00:00+00,REGION BIO BIO,SAN PEDRO DE LA PAZ,COLISION PERPENDICULAR,COLISION,URBANA,CRUCE CON SEMAFORO FUNCIONANDO,IMPRUDENCIA DEL CONDUCTOR,NO RESPETAR DERECHO PREFERENTE DE PASO A VEHICULO,LOS AVELLANOS,PEDRO AGUIRRE CERDA,LOS AVELLANOS - PEDRO AGUIRRE CERDA,0, , ,UNIDIRECCIONAL,CONCRETO,BUENO,MOJADO,LLUVIA,0,0,0,1
-8131882.34591817,-4414573.48561181,5893,2024,1649277,-36.823788,-73.049942,1,2024/11/08 00:00:00+00,1899/12/30 00:00:00+00,REGION BIO BIO,CONCEPCION,COLISION LATERAL,COLISION,URBANA,TRAMO DE VIA RECTA,IMPRUDENCIA DEL CONDUCTOR,ADELANTAMIENTO SIN EL ESPACIO O TIEMPO SUFICIENTE,MAIPU,COLO COLO,COLO COLO - MAIPU,0, , ,UNIDIRECCIONAL,CONCRETO,BUENO,SECO,DESPEJADO,0,0,0,0
-8131602.7113573,-4413213.79028616,5894,2024,1638372,-36.81401,-73.04743,1,2024/08/30 00:00:00+00,1899/12/30 00:00:00+00,REGION BIO BIO,CONCEPCION,COLISION LATERAL,COLISION,URBANA,CRUCE CON SEMAFORO FUNCIONANDO,IMPRUDENCIA DEL CONDUCTOR,CONDUCCION NO ATENTO CONDICIONES TRANSITO MOMENTO,PAICAVI, ,- PAICAVI,1376, , ,BIDIRECCIONAL CON BANDEJON,CONCRETO,BUENO,SECO,DESPEJADO,0,0,0,0
-8131943.01504065,-4415144.92097996,5895,2024,1643881,-36.827897,-73.050487,1,2024/10/12 00:00:00+00,1899/12/30 00:00:00+00,REGION BIO BIO,CONCEPCION,CHOQUE POSTERIOR,CHOQUE,URBANA,CRUCE CON SEMAFORO FUNCIONANDO,IMPRUDENCIA DEL CONDUCTOR,CONDUCCION NO ATENTO CONDICIONES TRANSITO MOMENTO,O'HIGGINS,CAUPOLICAN,CAUPOLICAN - O'HIGGINS,0, , ,UNIDIRECCIONAL,CONCRETO,BUENO,SECO,DESPEJADO,0,0,0,0
-8121190.88806391,-4433856.67821888,5896,2024,1649291,-36.962325,-72.953899,1,2024/10/10 00:00:00+00,1899/12/30 00:00:00+00,REGION BIO BIO,HUALQUI,CHOQUE FRENTE/POSTERIOR,CHOQUE,URBANA,TRAMO DE VIA RECTA,IMPRUDENCIA DEL CONDUCTOR,CONDUCCION NO ATENTO CONDICIONES TRANSITO MOMENTO,LA CUESTA,BALMACEDA,BALMACEDA - LA CUESTA,0, , ,BIDIRECCIONAL,ASFALTO,BUENO,SECO,DESPEJADO,0,0,0,0
-8131829.914438,-4413255.50467995,5897,2024,1638389,-36.81431,-73.049471,1,2024/08/30 00:00:00+00,1899/12/30 00:00:00+00,REGION BIO BIO,CONCEPCION,COLISION LATERAL,COLISION,URBANA,TRAMO DE VIA RECTA,IMPRUDENCIA DEL CONDUCTOR,VIRAJES INDEBIDOS,ONGOLMO,MANUEL RODRIGUEZ,MANUEL RODRIGUEZ - ONGOLMO,0, , ,UNIDIRECCIONAL,CONCRETO,REGULAR,SECO,DESPEJADO,0,0,0,0
-8130659.94658977,-4420599.0908597,5898,2024,1643898,-36.867105,-73.038961,1,2024/10/11 00:00:00+00,1899/12/30 00:00:00+00,REGION BIO BIO,CHIGUAYANTE,COLISION,COLISION,URBANA,TRAMO DE VIA RECTA,IMPRUDENCIA DEL CONDUCTOR,CONDUCCION NO ATENTO CONDICIONES TRANSITO MOMENTO,PASCUAL BINIMELIS,COSTANERA,COSTANERA - PASCUAL BINIMELIS,0, , ,BIDIRECCIONAL CON BANDEJON,CONCRETO,BUENO,SECO,DESPEJADO,0,0,0,1
-8178389.95937924,-4527085.58920808,5899,2024,1649293,-37.628558,-73.467727,1,2024/11/08 00:00:00+00,1899/12/30 00:00:00+00,REGION BIO BIO,LOS ALAMOS,COLISION LATERAL,COLISION,URBANA,CRUCE CON SENAL CEDA EL PASO,IMPRUDENCIA DEL CONDUCTOR,CONDUCCION NO ATENTO CONDICIONES TRANSITO MOMENTO,IGNACIO CARRERA PINTO, ,- IGNACIO CARRERA PINTO,24, , ,BIDIRECCIONAL,ASFALTO,BUENO,SECO,DESPEJADO,0,0,2,0
-8131780.04330613,-4412333.23758057,5900,2024,1638392,-36.807677,-73.049023,1,2024/08/30 00:00:00+00,1899/12/30 00:00:00+00,REGION BIO BIO,CONCEPCION,CHOQUE FRONTAL,CHOQUE,URBANA,CRUCE CON SENAL CEDA EL PASO,IMPRUDENCIA DEL CONDUCTOR,CONDUCCION NO ATENTO CONDICIONES TRANSITO MOMENTO,JUAN DE DIOS RIVERA,LAUTARO,JUAN DE DIOS RIVERA - LAUTARO,0, , ,UNIDIRECCIONAL,CONCRETO,BUENO,SECO,DESPEJADO,0,0,0,1
-8132381.94779285,-4414294.384869,5901,2024,1643906,-36.821781,-73.05443,1,2024/10/11 00:00:00+00,1899/12/30 00:00:00+00,REGION BIO BIO,CONCEPCION,ATROPELLO,ATROPELLO,URBANA,TRAMO DE VIA RECTA,IMPRUDENCIA DEL CONDUCTOR,NO RESPETAR DERECHO PREFERENTE DE PASO A PEATON,JUAN MARTINEZ DE ROZAS,CAUPOLICAN,CAUPOLICAN - JUAN MARTINEZ DE ROZAS,0, , ,UNIDIRECCIONAL,ASFALTO,REGULAR,SECO,DESPEJADO,1,0,0,0
-8176724.73111646,-4527517.95302062,5902,2024,1649300,-37.631634,-73.452768,1,2024/11/09 00:00:00+00,1899/12/30 00:00:00+00,REGION BIO BIO,LOS ALAMOS,CHOQUE FRONTAL,CHOQUE,URBANA,TRAMO DE VIA RECTA,ALCOHOL EN CONDUCTOR,CONDUCCION EN ESTADO DE EBRIEDAD,LAS ARAUCARIAS, ,- LAS ARAUCARIAS,84, , ,BIDIRECCIONAL,ASFALTO,BUENO,HUMEDO,NUBLADO,0,0,0,1
-8132799.06192485,-4410963.12394353,5903,2024,1638395,-36.797822,-73.058177,1,2024/08/30 00:00:00+00,1899/12/30 00:00:00+00,REGION BIO BIO,CONCEPCION,COLISION LATERAL,COLISION,URBANA,TRAMO DE VIA RECTA,IMPRUDENCIA DEL CONDUCTOR,CONDUCCION NO ATENTO CONDICIONES TRANSITO MOMENTO,ALONSO DE RIBERA, ,- ALONSO DE RIBERA,2850, , ,BIDIRECCIONAL,CONCRETO,BUENO,SECO,DESPEJADO,0,0,0,0
-8131038.43285846,-4414490.46384873,5904,2024,1643908,-36.823191,-73.042361,1,2024/10/12 00:00:00+00,1899/12/30 00:00:00+00,REGION BIO BIO,CONCEPCION,COLISION PERPENDICULAR,COLISION,URBANA,CRUCE CON SEMAFORO FUNCIONANDO,DESOBEDIENCIA A SENALIZACION,SENALIZACION DESOBEDECER LUZ ROJA DE SEMAFORO,BARROS ARANA,PAICAVI,BARROS ARANA - PAICAVI,0, , ,BIDIRECCIONAL CON BANDEJON,CONCRETO,BUENO,SECO,DESPEJADO,0,0,0,1
-8121937.39656917,-4446422.67520048,5905,2024,1649305,-37.052468,-72.960605,1,2024/10/08 00:00:00+00,1899/12/30 00:00:00+00,REGION BIO BIO,HUALQUI,VOLCADURA,VOLCADURA,URBANA,TRAMO DE VIA RECTA,VELOCIDAD IMPRUDENTE,VELOCIDAD NO RAZONABLE NI PRUDENTE,CALLE DOS,CALLE TRES,CALLE DOS - CALLE TRES,0, , ,BIDIRECCIONAL,MIXTO,MALO,SECO,DESPEJADO,0,0,0,1
-8129527.60472942,-4428060.81725272,5906,2024,1638400,-36.920712,-73.028789,1,2024/08/30 00:00:00+00,1899/12/30 00:00:00+00,REGION BIO BIO,CHIGUAYANTE,COLISION POR ALCANCE,COLISION,URBANA,CRUCE CON SENAL CEDA EL PASO,IMPRUDENCIA DEL CONDUCTOR,CONDUCCION NO ATENTO CONDICIONES TRANSITO MOMENTO,MIGUEL ZANARTU,PASAJE UNO,MIGUEL ZANARTU - PASAJE UNO,0, , ,UNIDIRECCIONAL,CONCRETO,BUENO,SECO,DESPEJADO,0,0,0,0
-8143414.4885669,-4451907.74745008,5907,2024,1643910,-37.091782,-73.153537,1,2024/10/10 00:00:00+00,1899/12/30 00:00:00+00,REGION BIO BIO,LOTA,COLISION POR ALCANCE,COLISION,URBANA,TRAMO DE VIA RECTA,IMPRUDENCIA DEL CONDUCTOR,CONDUCCION NO ATENTO CONDICIONES TRANSITO MOMENTO,RENE SCHNEIDER,CALLE DOS,CALLE DOS - RENE SCHNEIDER,0, , ,BIDIRECCIONAL,CONCRETO,BUENO,SECO,NUBLADO,0,0,0,0
-8119561.28203819,-4435984.69705359,5908,2024,1649312,-36.977598,-72.93926,1,2024/10/22 00:00:00+00,1899/12/30 00:00:00+00,REGION BIO BIO,HUALQUI,ATROPELLO,ATROPELLO,URBANA,PASO PARA PEATONES,ALCOHOL EN CONDUCTOR,CONDUCCION BAJO LA INFLUENCIA DEL ALCOHOL,ERRAZURIZ,LA CONCEPCION,ERRAZURIZ - LA CONCEPCION,0, , ,UNIDIRECCIONAL,CONCRETO,BUENO,SECO,NUBLADO,0,1,0,0
-8133689.17257323,-4412920.54271189,5909,2024,1638401,-36.811901,-73.066173,1,2024/08/30 00:00:00+00,1899/12/30 00:00:00+00,REGION BIO BIO,CONCEPCION,CHOQUE FRONTAL,CHOQUE,URBANA,TRAMO DE VIA RECTA,IMPRUDENCIA DEL CONDUCTOR,CONDUCCION NO ATENTO CONDICIONES TRANSITO MOMENTO,LAGUNA REDONDA,ALMIRANTE RIVEROS,ALMIRANTE RIVEROS - LAGUNA REDONDA,0, , ,BIDIRECCIONAL,CONCRETO,BUENO,SECO,DESPEJADO,0,0,0,0
-8143805.77657703,-4451979.06067516,5910,2024,1643913,-37.092293,-73.157052,1,2024/10/10 00:00:00+00,1899/12/30 00:00:00+00,REGION BIO BIO,LOTA,CHOQUE LADO/POSTERIOR,CHOQUE,URBANA,TRAMO DE VIA RECTA,IMPRUDENCIA DEL CONDUCTOR,CONDUCCION NO ATENTO CONDICIONES TRANSITO MOMENTO,PEDRO AGUIRRE CERDA,ANIBAL PINTO,ANIBAL PINTO - PEDRO AGUIRRE CERDA,0, , ,UNIDIRECCIONAL,CONCRETO,BUENO,SECO,DESPEJADO,0,0,0,0
-8131317.2881829,-4414991.10741964,5911,2024,1649316,-36.826791,-73.044866,1,2024/11/08 00:00:00+00,1899/12/30 00:00:00+00,REGION BIO BIO,CONCEPCION,ATROPELLO,ATROPELLO,URBANA,CRUCE CON SEMAFORO FUNCIONANDO,IMPRUDENCIA DEL CONDUCTOR,NO RESPETAR DERECHO PREFERENTE DE PASO A PEATON,TUCAPEL,SAN MARTIN,SAN MARTIN - TUCAPEL,0, , ,UNIDIRECCIONAL,CONCRETO,BUENO,SECO,NUBLADO,0,0,0,1
-8132173.66902557,-4413406.09500191,5912,2024,1638402,-36.815393,-73.052559,1,2024/08/31 00:00:00+00,1899/12/30 00:00:00+00,REGION BIO BIO,CONCEPCION,COLISION LATERAL,COLISION,URBANA,TRAMO DE VIA RECTA,IMPRUDENCIA DEL CONDUCTOR,CONDUCCION NO ATENTO CONDICIONES TRANSITO MOMENTO,MANUEL RODRIGUEZ, ,- MANUEL RODRIGUEZ,947, , ,BIDIRECCIONAL CON BANDEJON,CONCRETO,REGULAR,SECO,DESPEJADO,0,1,0,0
-8133085.59829415,-4415011.13365242,5913,2024,1643914,-36.826935,-73.060751,1,2024/10/12 00:00:00+00,1899/12/30 00:00:00+00,REGION BIO BIO,CONCEPCION,COLISION,COLISION,URBANA,CRUCE CON SEMAFORO FUNCIONANDO,IMPRUDENCIA DEL CONDUCTOR,CONDUCCION NO ATENTO CONDICIONES TRANSITO MOMENTO,ARTURO PRAT,LOS CARRERA,ARTURO PRAT - LOS CARRERA,0, , ,UNIDIRECCIONAL,CONCRETO,BUENO,SECO,DESPEJADO,0,0,0,0
-8127093.71538271,-4414002.21998496,5914,2024,1649341,-36.81968,-73.006925,1,2024/11/08 00:00:00+00,1899/12/30 00:00:00+00,REGION BIO BIO,CONCEPCION,CHOQUE POSTERIOR,CHOQUE,URBANA,TRAMO DE VIA RECTA,IMPRUDENCIA DEL CONDUCTOR,CONDUCCION SIN MANTENER DISTANCIA RAZONABLE NI PRUDENTE,GENERAL BONILLA, ,- GENERAL BONILLA,1850, , ,BIDIRECCIONAL CON BANDEJON,CONCRETO,BUENO,SECO,NUBLADO,0,0,0,2
-8076852.11224197,-4442205.81557278,5915,2024,1638419,-37.02223,-72.555597,1,2024/09/05 00:00:00+00,1899/12/30 00:00:00+00,REGION VALPARAISO,QUILPUE,ATROPELLO,ATROPELLO,URBANA,CRUCE CON SENAL CEDA EL PASO,IMPRUDENCIA DEL CONDUCTOR,NO RESPETAR DERECHO PREFERENTE DE PASO A PEATON,LOS CARRERA,PEDRO AGUIRRE CERDA,LOS CARRERA - PEDRO AGUIRRE CERDA,0, , ,UNIDIRECCIONAL,ASFALTO,BUENO,SECO,DESPEJADO,0,0,0,1
-8142839.18943848,-4451746.4222417,5916,2024,1643918,-37.090626,-73.148369,1,2024/10/11 00:00:00+00,1899/12/30 00:00:00+00,REGION BIO BIO,LOTA,VOLCADURA,VOLCADURA,URBANA,TRAMO DE VIA CURVA HORIZONTAL,VELOCIDAD IMPRUDENTE,VELOCIDAD NO RAZONABLE NI PRUDENTE,FERNANDO MAIRA,21 DE MAYO,21 DE MAYO - FERNANDO MAIRA,0, , ,BIDIRECCIONAL,CONCRETO,BUENO,HUMEDO,DESPEJADO,0,0,0,0
-8142173.05360557,-4399066.04707957,5917,2024,1649342,-36.712195,-73.142385,1,2024/11/07 00:00:00+00,1899/12/30 00:00:00+00,REGION BIO BIO,TALCAHUANO,COLISION LATERAL,COLISION,URBANA,TRAMO DE VIA RECTA,IMPRUDENCIA DEL CONDUCTOR,ADELANTAMIENTO SIN EL ESPACIO O TIEMPO SUFICIENTE,PLAYA PINGUERAL, ,- PLAYA PINGUERAL,1628, , ,BIDIRECCIONAL,CONCRETO,BUENO,SECO,DESPEJADO,0,0,0,0
-8143805.77657703,-4451979.06067516,5918,2024,1638440,-37.092293,-73.157052,1,2024/09/16 00:00:00+00,1899/12/30 00:00:00+00,REGION BIO BIO,LOTA,CAIDA,CAIDA,URBANA,TRAMO DE VIA RECTA,IMPRUDENCIA DEL CONDUCTOR,CONDUCCION NO ATENTO CONDICIONES TRANSITO MOMENTO,PEDRO AGUIRRE CERDA,ANIBAL PINTO,ANIBAL PINTO - PEDRO AGUIRRE CERDA,0, , ,UNIDIRECCIONAL,CONCRETO,BUENO,SECO,DESPEJADO,0,0,1,0
-8091913.52802681,-4508448.11911689,5919,2024,1644001,-37.495843,-72.690896,1,2024/10/10 00:00:00+00,1899/12/30 00:00:00+00,REGION BIO BIO,NACIMIENTO,COLISION,COLISION,URBANA,TRAMO DE VIA RECTA,IMPRUDENCIA DEL CONDUCTOR,CONDUCCION NO ATENTO CONDICIONES TRANSITO MOMENTO,JULIO HEMMELMANN, ,- JULIO HEMMELMANN,1115, , ,BIDIRECCIONAL,ASFALTO,BUENO,SECO,DESPEJADO,0,0,0,4
-8121265.9174007,-4433842.60709995,5920,2024,1649347,-36.962224,-72.954573,1,2024/10/15 00:00:00+00,1899/12/30 00:00:00+00,REGION BIO BIO,HUALQUI,CHOQUE FRENTE/POSTERIOR,CHOQUE,URBANA,CRUCE CON SENAL PARE,IMPRUDENCIA DEL CONDUCTOR,CONDUCCION NO ATENTO CONDICIONES TRANSITO MOMENTO,PERIQUILLO,JUAN ANTONIO RIOS,JUAN ANTONIO RIOS - PERIQUILLO,0, , ,BIDIRECCIONAL,ASFALTO,BUENO,SECO,DESPEJADO,0,0,0,0
-8130513.45013988,-4422593.91123898,5921,2024,1638462,-36.88144,-73.037645,1,2024/09/11 00:00:00+00,1899/12/30 00:00:00+00,REGION BIO BIO,CHIGUAYANTE,CHOQUE LATERAL,CHOQUE,URBANA,TRAMO DE VIA RECTA,VELOCIDAD IMPRUDENTE,VELOCIDAD NO RAZONABLE NI PRUDENTE,CAMINO A CHIGUAYANTE, ,- CAMINO A CHIGUAYANTE,4097, , ,BIDIRECCIONAL CON BANDEJON,CONCRETO,BUENO,SECO,NUBLADO,0,0,0,3
-8089618.12012665,-4509225.87154786,5922,2024,1644015,-37.501386,-72.670276,1,2024/10/11 00:00:00+00,1899/12/30 00:00:00+00,REGION BIO BIO,NACIMIENTO,CHOQUE,CHOQUE,URBANA,TRAMO DE VIA RECTA,IMPRUDENCIA DEL CONDUCTOR,CONDUCIR VEHICULO EN RETROCESO,SAN MARTIN, ,- SAN MARTIN,371, , ,UNIDIRECCIONAL,CONCRETO,BUENO,SECO,DESPEJADO,0,0,0,0
-8136421.84343323,-4406340.79502855,5923,2024,1649349,-36.764565,-73.090721,1,2024/11/10 00:00:00+00,1899/12/30 00:00:00+00,REGION BIO BIO,TALCAHUANO,COLISION LATERAL,COLISION,URBANA,TRAMO DE VIA RECTA,IMPRUDENCIA DEL CONDUCTOR,NO RESPETAR DERECHO PREFERENTE DE PASO A VEHICULO,RIO TOLTEN, ,- RIO TOLTEN,5517, , ,BIDIRECCIONAL,CONCRETO,BUENO,SECO,DESPEJADO,0,0,0,0
-8128676.34458332,-4430094.36345455,5924,2024,1638469,-36.935315,-73.021142,1,2024/09/12 00:00:00+00,1899/12/30 00:00:00+00,REGION BIO BIO,CHIGUAYANTE,COLISION LATERAL,COLISION,URBANA,TRAMO DE VIA RECTA,IMPRUDENCIA DEL CONDUCTOR,CONDUCCION NO ATENTO CONDICIONES TRANSITO MOMENTO,AVENIDA CIENTO UNO,BIO BIO,AVENIDA CIENTO UNO - BIO BIO,0, , ,BIDIRECCIONAL,ASFALTO,BUENO,SECO,DESPEJADO,0,0,0,0
-8091922.99018352,-4508234.71383131,5925,2024,1644026,-37.494322,-72.690981,1,2024/10/11 00:00:00+00,1899/12/30 00:00:00+00,REGION BIO BIO,NACIMIENTO,COLISION,COLISION,URBANA,CRUCE CON SENAL PARE,IMPRUDENCIA DEL CONDUCTOR,CONDUCCION NO ATENTO CONDICIONES TRANSITO MOMENTO,LAS DALIAS,JULIO HEMMELMANN,JULIO HEMMELMANN - LAS DALIAS,0, , ,BIDIRECCIONAL,ASFALTO,BUENO,SECO,DESPEJADO,0,0,0,0
-8131671.5068026,-4414272.96936949,5926,2024,1649351,-36.821627,-73.048048,1,2024/11/08 00:00:00+00,1899/12/30 00:00:00+00,REGION BIO BIO,CONCEPCION,ATROPELLO,ATROPELLO,URBANA,CRUCE CON SEMAFORO FUNCIONANDO,IMPRUDENCIA DEL CONDUCTOR,NO RESPETAR DERECHO PREFERENTE DE PASO A PEATON,TUCAPEL,LOS CARRERA,LOS CARRERA - TUCAPEL,0, , ,UNIDIRECCIONAL,CONCRETO,BUENO,SECO,DESPEJADO,0,0,0,1
-8127444.4830982,-4417206.04251565,5927,2024,1638470,-36.842716,-73.010076,1,2024/09/14 00:00:00+00,1899/12/30 00:00:00+00,REGION BIO BIO,CONCEPCION,COLISION POR ALCANCE,COLISION,URBANA,TRAMO DE VIA RECTA,IMPRUDENCIA DEL CONDUCTOR,CONDUCCION SIN MANTENER DISTANCIA RAZONABLE NI PRUDENTE,CAMINO NONGUEN, ,- CAMINO NONGUEN,2290, , ,BIDIRECCIONAL,CONCRETO,BUENO,SECO,DESPEJADO,0,0,0,0
-8141089.24704321,-4399777.46713221,5928,2024,1644028,-36.717318,-73.132649,1,2024/10/08 00:00:00+00,1899/12/30 00:00:00+00,REGION BIO BIO,TALCAHUANO,COLISION,COLISION,URBANA,TRAMO DE VIA RECTA,IMPRUDENCIA DEL CONDUCTOR,ADELANTAMIENTO SIN EL ESPACIO O TIEMPO SUFICIENTE,LOS ARAUCANOS, ,- LOS ARAUCANOS,850, , ,BIDIRECCIONAL,CONCRETO,BUENO,SECO,DESPEJADO,0,0,0,0
-8138501.95943819,-4402911.44639748,5929,2024,1649352,-36.739882,-73.109407,1,2024/11/08 00:00:00+00,1899/12/30 00:00:00+00,REGION BIO BIO,TALCAHUANO,COLISION LATERAL,COLISION,URBANA,OTROS NO CONSIDERADOS,IMPRUDENCIA DEL CONDUCTOR,CONDUCCION NO ATENTO CONDICIONES TRANSITO MOMENTO,ALTO HORNO, ,- ALTO HORNO,777, , ,BIDIRECCIONAL,CONCRETO,BUENO,SECO,DESPEJADO,0,0,0,0
-8090150.22729264,-4509603.8943913,5930,2024,1644034,-37.50408,-72.675056,1,2024/10/12 00:00:00+00,1899/12/30 00:00:00+00,REGION BIO BIO,NACIMIENTO,CHOQUE,CHOQUE,URBANA,TRAMO DE VIA RECTA,IMPRUDENCIA DEL CONDUCTOR,CONDUCCION NO ATENTO CONDICIONES TRANSITO MOMENTO,JOSE DONOSO, ,- JOSE DONOSO,1401, , ,BIDIRECCIONAL,CONCRETO,BUENO,SECO,DESPEJADO,0,0,0,0
-8130861.5461876,-4421573.28458153,5931,2024,1638473,-36.874106,-73.040772,1,2024/09/12 00:00:00+00,1899/12/30 00:00:00+00,REGION BIO BIO,CHIGUAYANTE,CHOQUE FRONTAL,CHOQUE,URBANA,TRAMO DE VIA RECTA,IMPRUDENCIA DEL CONDUCTOR,CONDUCCION NO ATENTO CONDICIONES TRANSITO MOMENTO,CAMINO A CHIGUAYANTE,NAHUELBUTA,CAMINO A CHIGUAYANTE - NAHUELBUTA,0, , ,BIDIRECCIONAL CON BANDEJON,CONCRETO,BUENO,SECO,DESPEJADO,0,0,0,0