X,Y,FID,Año,IdAccident,Latitud,longitud,ClaseAccid,Fecha,Hora,Región,Comuna,Tipo_Accid,Tipo__CONA,Zona,Ubicación,Causa__CON,Causa_Acci,Calle_Uno,Calle_Dos,Intersecci,Número,Ruta,Ubicaci_1,Calzada,Tipo_Calza,Estado_Cal,Condición,Estado_Atm,Fallecidos,Graves,Menos_Grav,Leves
-8139093.70155746,-4416777.10944218,5982,2024,1649583,-36.839632,-73.114723,1,2024/10/26 00:00:00+00,1899/12/30 00:00:00+00,REGION BIO BIO,SAN PEDRO DE LA PAZ,COLISION PERPENDICULAR,COLISION,URBANA,CRUCE CON SENAL PARE,DESOBEDIENCIA A SENALIZACION,SENALIZACION DESOBEDECER SENAL PARE,LOS AVELLANOS,AMBROSIO O'HIGGINS,AMBROSIO O'HIGGINS - LOS AVELLANOS,0, , ,BIDIRECCIONAL,CONCRETO,BUENO,SECO,DESPEJADO,0,0,0,0
-8133555.47786479,-4413264.95996527,5983,2024,1644477,-36.814378,-73.064972,1,2024/10/18 00:00:00+00,1899/12/30 00:00:00+00,REGION BIO BIO,CONCEPCION,COLISION,COLISION,URBANA,TRAMO DE VIA RECTA,IMPRUDENCIA DEL CONDUCTOR,CONDUCCION NO ATENTO CONDICIONES TRANSITO MOMENTO,CAMINO LOS CARROS, ,- CAMINO LOS CARROS,1955, , ,BIDIRECCIONAL CON BANDEJON,CONCRETO,BUENO,SECO,DESPEJADO,0,0,0,0
-8138890.46446106,-4417092.81581071,5984,2024,1649588,-36.841902,-73.112897,1,2024/10/28 00:00:00+00,1899/12/30 00:00:00+00,REGION BIO BIO,SAN PEDRO DE LA PAZ,COLISION POR ALCANCE,COLISION,URBANA,CRUCE SIN SENALIZACION,IMPRUDENCIA DEL CONDUCTOR,CONDUCCION NO ATENTO CONDICIONES TRANSITO MOMENTO,LOS BOLDOS,LOS MAQUIS,LOS BOLDOS - LOS MAQUIS,0, , ,BIDIRECCIONAL,CONCRETO,BUENO,SECO,DESPEJADO,0,0,0,0
-8139085.16225046,-4407329.94400236,5985,2024,1644500,-36.771683,-73.114646,1,2024/10/19 00:00:00+00,1899/12/30 00:00:00+00,REGION BIO BIO,HUALPEN,CHOQUE,CHOQUE,URBANA,ROTONDA,VELOCIDAD IMPRUDENTE,VELOCIDAD MAYOR QUE MAXIMA PERMITIDA,COSTANERA,GRAN BRETANA,COSTANERA - GRAN BRETANA,0, , ,BIDIRECCIONAL CON BANDEJON,CONCRETO,BUENO,SECO,LLUVIA,0,0,0,0
-8060084.50262174,-4444165.09790485,5986,2024,1649607,-37.036281,-72.404971,1,2024/10/11 00:00:00+00,1899/12/30 00:00:00+00,REGION BIO BIO,CABRERO,ATROPELLO,ATROPELLO,URBANA,CRUCE CON SENAL PARE,IMPRUDENCIA DEL PEATON,PEATON CRUZA CALZADA FORMA SORPRESIVA O DESCUIDADA,MANUEL PALACIOS,VIAL,MANUEL PALACIOS - VIAL,0, , ,UNIDIRECCIONAL,CONCRETO,BUENO,SECO,DESPEJADO,0,1,0,0
-8138942.0053853,-4410455.71918606,5987,2024,1644507,-36.794172,-73.11336,1,2024/10/19 00:00:00+00,1899/12/30 00:00:00+00,REGION BIO BIO,HUALPEN,COLISION,COLISION,URBANA,CRUCE SIN SENALIZACION,IMPRUDENCIA DEL CONDUCTOR,CONDUCCION SIN MANTENER DISTANCIA RAZONABLE NI PRUDENTE,CALLE NUEVE,CALLE CINCO,CALLE CINCO - CALLE NUEVE,0, , ,BIDIRECCIONAL,CONCRETO,BUENO,SECO,DESPEJADO,0,0,0,0
-8077340.80480655,-4453669.36676201,5988,2024,1649612,-37.104404,-72.559987,1,2024/10/16 00:00:00+00,1899/12/30 00:00:00+00,REGION BIO BIO,YUMBEL,CHOQUE FRENTE/LADO,CHOQUE,URBANA,CRUCE CON SENAL CEDA EL PASO,VELOCIDAD IMPRUDENTE,"VELOCIDAD NO REDUCIR CRUCE DE CALLES, CUMBRE, CURVA, ETC.",PATRICIO PATRITO,BERNARDO O'HIGGINS,BERNARDO O'HIGGINS - PATRICIO PATRITO,0, , ,UNIDIRECCIONAL,CONCRETO,BUENO,SECO,DESPEJADO,0,1,0,0
-8131669.94832973,-4414639.68098248,5989,2024,1644536,-36.824264,-73.048034,1,2024/10/16 00:00:00+00,1899/12/30 00:00:00+00,REGION BIO BIO,CONCEPCION,ATROPELLO,ATROPELLO,URBANA,CRUCE CON SEMAFORO FUNCIONANDO,IMPRUDENCIA DEL CONDUCTOR,NO RESPETAR DERECHO PREFERENTE DE PASO A PEATON,CASTELLON,FREIRE,CASTELLON - FREIRE,0, , ,UNIDIRECCIONAL,CONCRETO,BUENO,MOJADO,LLUVIA,0,1,0,0
-8059438.40429718,-4444283.91310219,5990,2024,1649616,-37.037133,-72.399167,1,2024/10/19 00:00:00+00,1899/12/30 00:00:00+00,REGION BIO BIO,CABRERO,CHOQUE FRONTAL,CHOQUE,URBANA,TRAMO DE VIA RECTA,IMPRUDENCIA DEL CONDUCTOR,CONDUCCION NO ATENTO CONDICIONES TRANSITO MOMENTO,TUCAPEL, ,- TUCAPEL,156, , ,BIDIRECCIONAL,ASFALTO,BUENO,SECO,DESPEJADO,0,1,0,0
-8132507.85013694,-4414714.35986765,5991,2024,1644544,-36.824801,-73.055561,1,2024/10/17 00:00:00+00,1899/12/30 00:00:00+00,REGION BIO BIO,CONCEPCION,COLISION LATERAL,COLISION,URBANA,CRUCE CON SEMAFORO FUNCIONANDO,IMPRUDENCIA DEL CONDUCTOR,CONDUCCION CAMBIAR SORPRESIVAMENTE PISTA CIRCULACION,LOS CARRERA,LINCOYAN,LINCOYAN - LOS CARRERA,0, , ,BIDIRECCIONAL CON BANDEJON,CONCRETO,BUENO,SECO,DESPEJADO,0,0,0,1
-8059839.599742,-4444346.11032161,5992,2024,1649624,-37.037579,-72.402771,1,2024/10/19 00:00:00+00,1899/12/30 00:00:00+00,REGION BIO BIO,CABRERO,COLISION,COLISION,URBANA,TRAMO DE VIA RECTA,ALCOHOL EN CONDUCTOR,CONDUCCION EN ESTADO DE EBRIEDAD,LAS DELICIAS, ,- LAS DELICIAS,159, , ,BIDIRECCIONAL,ASFALTO,BUENO,SECO,DESPEJADO,0,0,0,1
-8131684.08590506,-4411752.08210558,5993,2024,1644548,-36.803497,-73.048161,1,2024/10/11 00:00:00+00,1899/12/30 00:00:00+00,REGION BIO BIO,CONCEPCION,CHOQUE LATERAL,CHOQUE,URBANA,TRAMO DE VIA RECTA,IMPRUDENCIA DEL CONDUCTOR,CONDUCIR VEHICULO EN RETROCESO,SANTA SABINA,VENTUS,SANTA SABINA - VENTUS,0, , ,UNIDIRECCIONAL,CONCRETO,BUENO,SECO,DESPEJADO,0,0,0,0
-8094092.27310061,-4478888.02622133,5994,2024,1649628,-37.284865,-72.710468,1,2024/10/19 00:00:00+00,1899/12/30 00:00:00+00,REGION BIO BIO,LAJA,COLISION,COLISION,URBANA,TRAMO DE VIA RECTA,IMPRUDENCIA DEL CONDUCTOR,CONDUCCION NO ATENTO CONDICIONES TRANSITO MOMENTO,LOS RIOS, ,- LOS RIOS,800, , ,BIDIRECCIONAL,ASFALTO,BUENO,SECO,DESPEJADO,0,0,0,0
-8131455.99226843,-4415403.18256436,5995,2024,1644550,-36.829754,-73.046112,1,2024/10/17 00:00:00+00,1899/12/30 00:00:00+00,REGION BIO BIO,CONCEPCION,COLISION LATERAL,COLISION,URBANA,TRAMO DE VIA RECTA,IMPRUDENCIA DEL CONDUCTOR,ADELANTAMIENTO SOBREPASANDO LINEA CONTINUA,COLO COLO,CHACABUCO,CHACABUCO - COLO COLO,0, , ,UNIDIRECCIONAL,CONCRETO,BUENO,SECO,DESPEJADO,0,0,0,0
-8042584.96734955,-4539250.89800968,5996,2024,1644553,-37.715058,-72.24777,1,2024/10/20 00:00:00+00,1899/12/30 00:00:00+00,REGION BIO BIO,MULCHEN,COLISION,COLISION,URBANA,CRUCE CON SEMAFORO FUNCIONANDO,IMPRUDENCIA DEL CONDUCTOR,CONDUCCION NO ATENTO CONDICIONES TRANSITO MOMENTO,MATTA,MANERA,MANERA - MATTA,0, , ,UNIDIRECCIONAL,CONCRETO,BUENO,HUMEDO,LLOVIZNA,0,0,0,0
-8129754.80781013,-4413299.02687174,5997,2024,1644554,-36.814623,-73.03083,1,2024/10/18 00:00:00+00,1899/12/30 00:00:00+00,REGION BIO BIO,CONCEPCION,CHOQUE POSTERIOR,CHOQUE,URBANA,CRUCE CON SEMAFORO FUNCIONANDO,IMPRUDENCIA DEL CONDUCTOR,CONDUCCION NO ATENTO CONDICIONES TRANSITO MOMENTO,JUAN BOSCO,LOS CARRERA,JUAN BOSCO - LOS CARRERA,0, , ,UNIDIRECCIONAL,CONCRETO,BUENO,SECO,DESPEJADO,0,0,0,0
-8130397.45523048,-4414566.25420971,5998,2024,1644560,-36.823736,-73.036603,1,2024/09/03 00:00:00+00,1899/12/30 00:00:00+00,REGION BIO BIO,CONCEPCION,COLISION,COLISION,URBANA,CRUCE CON SEMAFORO FUNCIONANDO,IMPRUDENCIA DEL CONDUCTOR,CONDUCCION NO ATENTO CONDICIONES TRANSITO MOMENTO,CAMINO NONGUEN,ROOSEVELT,CAMINO NONGUEN - ROOSEVELT,0, , ,UNIDIRECCIONAL,CONCRETO,BUENO,MOJADO,LLOVIZNA,0,0,0,0
-8133072.68523322,-4415309.30646524,5999,2024,1644565,-36.829079,-73.060635,1,2024/10/19 00:00:00+00,1899/12/30 00:00:00+00,REGION BIO BIO,CONCEPCION,COLISION,COLISION,URBANA,VIA PRIVADA DE USO PUBLICO,IMPRUDENCIA DEL CONDUCTOR,CONDUCCION NO ATENTO CONDICIONES TRANSITO MOMENTO,ARTURO PRAT, ,- ARTURO PRAT,651, , ,BIDIRECCIONAL,CONCRETO,BUENO,SECO,DESPEJADO,0,0,0,0
-8163241.04647463,-4473696.8537594,6000,2024,1644572,-37.247753,-73.331642,1,2024/10/03 00:00:00+00,1899/12/30 00:00:00+00,REGION BIO BIO,ARAUCO,COLISION LATERAL,COLISION,URBANA,TRAMO DE VIA RECTA,IMPRUDENCIA DEL CONDUCTOR,CONDUCCION NO ATENTO CONDICIONES TRANSITO MOMENTO,LAS TORTOLAS, ,- LAS TORTOLAS,391, , ,BIDIRECCIONAL,CONCRETO,BUENO,SECO,DESPEJADO,0,0,0,0
-8131605.71698355,-4414428.71943988,6001,2024,1659570,-36.822747,-73.047457,1,2024/12/23 00:00:00+00,1899/12/30 00:00:00+00,REGION BIO BIO,CONCEPCION,CHOQUE POSTERIOR,CHOQUE,URBANA,CRUCE CON SEMAFORO FUNCIONANDO,IMPRUDENCIA DEL CONDUCTOR,CONDUCCION NO ATENTO CONDICIONES TRANSITO MOMENTO,MAIPU,TUCAPEL,MAIPU - TUCAPEL,0, , ,UNIDIRECCIONAL,CONCRETO,BUENO,SECO,DESPEJADO,0,0,0,0
-8130886.37043404,-4414768.31812198,6002,2024,1659579,-36.825189,-73.040995,1,2024/12/23 00:00:00+00,1899/12/30 00:00:00+00,REGION BIO BIO,CONCEPCION,COLISION LATERAL,COLISION,URBANA,CRUCE CON SEMAFORO FUNCIONANDO,IMPRUDENCIA DEL CONDUCTOR,CONDUCCION NO ATENTO CONDICIONES TRANSITO MOMENTO,SAN MARTIN,PAICAVI,PAICAVI - SAN MARTIN,0, , ,UNIDIRECCIONAL,CONCRETO,BUENO,SECO,DESPEJADO,0,0,0,0
-8132368.47813446,-4414657.48148854,6003,2024,1659587,-36.824392,-73.054309,1,2024/12/24 00:00:00+00,1899/12/30 00:00:00+00,REGION BIO BIO,CONCEPCION,CHOQUE,CHOQUE,URBANA,CRUCE CON SEMAFORO FUNCIONANDO,IMPRUDENCIA DEL CONDUCTOR,CONDUCCION NO ATENTO CONDICIONES TRANSITO MOMENTO,LOS CARRERA,RENGO,LOS CARRERA - RENGO,0, , ,BIDIRECCIONAL CON BANDEJON,CONCRETO,BUENO,SECO,DESPEJADO,0,0,0,0
-8131522.45000444,-4414219.70893093,6004,2024,1659591,-36.821244,-73.046709,1,2024/12/20 00:00:00+00,1899/12/30 00:00:00+00,REGION BIO BIO,CONCEPCION,COLISION LATERAL,COLISION,URBANA,CRUCE CON SEMAFORO FUNCIONANDO,IMPRUDENCIA DEL CONDUCTOR,CONDUCCION NO ATENTO CONDICIONES TRANSITO MOMENTO,LOS CARRERA,OROMPELLO,LOS CARRERA - OROMPELLO,0, , ,BIDIRECCIONAL CON BANDEJON,CONCRETO,BUENO,SECO,DESPEJADO,0,0,0,0
-8132615.27344555,-4417486.19337621,6005,2024,1659598,-36.84473,-73.056526,1,2024/12/25 00:00:00+00,1899/12/30 00:00:00+00,REGION BIO BIO,CONCEPCION,COLISION PERPENDICULAR,COLISION,URBANA,CRUCE CON SEMAFORO FUNCIONANDO,DESOBEDIENCIA A SENALIZACION,SENALIZACION DESOBEDECER LUZ ROJA DE SEMAFORO,COSTANERA,SARGENTO ALDEA,COSTANERA - SARGENTO ALDEA,0, , ,BIDIRECCIONAL CON BANDEJON,CONCRETO,BUENO,SECO,DESPEJADO,0,1,0,4
-8129367.97257962,-4412820.29254922,6006,2024,1659607,-36.81118,-73.027355,1,2024/12/08 00:00:00+00,1899/12/30 00:00:00+00,REGION BIO BIO,CONCEPCION,COLISION POR ALCANCE,COLISION,URBANA,ROTONDA,IMPRUDENCIA DEL CONDUCTOR,CONDUCCION NO ATENTO CONDICIONES TRANSITO MOMENTO,JUAN BOSCO,GENERAL BONILLA,GENERAL BONILLA - JUAN BOSCO,0, , ,UNIDIRECCIONAL,CONCRETO,BUENO,SECO,DESPEJADO,0,0,0,0
-8131866.53855048,-4415634.60807086,6007,2024,1659614,-36.831418,-73.0498,1,2024/12/25 00:00:00+00,1899/12/30 00:00:00+00,REGION BIO BIO,CONCEPCION,ATROPELLO,ATROPELLO,URBANA,CRUCE CON SEMAFORO FUNCIONANDO,IMPRUDENCIA DEL CONDUCTOR,NO RESPETAR DERECHO PREFERENTE DE PASO A PEATON,RENGO,CHACABUCO,CHACABUCO - RENGO,0, , ,UNIDIRECCIONAL,CONCRETO,BUENO,SECO,DESPEJADO,0,1,0,0
-8162088.55578645,-4473495.62004333,6008,2024,1659712,-37.246314,-73.321289,1,2024/12/18 00:00:00+00,1899/12/30 00:00:00+00,REGION BIO BIO,ARAUCO,COLISION,COLISION,URBANA,TRAMO DE VIA RECTA,IMPRUDENCIA DEL CONDUCTOR,CONDUCCION NO ATENTO CONDICIONES TRANSITO MOMENTO,ARTURO PRAT,CARLOS CONDELL,ARTURO PRAT - CARLOS CONDELL,0, , ,BIDIRECCIONAL,ASFALTO,BUENO,SECO,DESPEJADO,0,0,0,0
-8129008.96722181,-4430283.07423634,6009,2024,1659766,-36.93667,-73.02413,1,2024/12/15 00:00:00+00,1899/12/30 00:00:00+00,REGION BIO BIO,CHIGUAYANTE,COLISION PERPENDICULAR,COLISION,URBANA,TRAMO DE VIA RECTA,IMPRUDENCIA DEL CONDUCTOR,CONDUCCION NO ATENTO CONDICIONES TRANSITO MOMENTO,PASAJE TRES,PROGRESO,PASAJE TRES - PROGRESO,0, , ,BIDIRECCIONAL,CONCRETO,BUENO,SECO,DESPEJADO,0,0,0,1
-8127750.27773941,-4430826.10648917,6010,2024,1659773,-36.940569,-73.012823,1,2024/12/19 00:00:00+00,1899/12/30 00:00:00+00,REGION BIO BIO,CHIGUAYANTE,COLISION PERPENDICULAR,COLISION,URBANA,CRUCE SIN SENALIZACION,IMPRUDENCIA DEL CONDUCTOR,CONDUCCION NO ATENTO CONDICIONES TRANSITO MOMENTO,INDEPENDENCIA,LOS AROMOS,INDEPENDENCIA - LOS AROMOS,0, , ,BIDIRECCIONAL,CONCRETO,BUENO,SECO,DESPEJADO,0,0,0,0
-8131540.81772042,-4419682.16961486,6011,2024,1659780,-36.860515,-73.046874,1,2024/12/20 00:00:00+00,1899/12/30 00:00:00+00,REGION BIO BIO,CHIGUAYANTE,VOLCADURA,VOLCADURA,URBANA,TRAMO DE VIA RECTA,VELOCIDAD IMPRUDENTE,VELOCIDAD NO RAZONABLE NI PRUDENTE,ENRIQUE VAN RYSSELBERGHE, ,- ENRIQUE VAN RYSSELBERGHE,1945, , ,BIDIRECCIONAL CON BANDEJON,CONCRETO,BUENO,SECO,DESPEJADO,0,0,0,0
-8128315.00151621,-4431091.9921209,6012,2024,1659783,-36.942478,-73.017896,1,2024/12/21 00:00:00+00,1899/12/30 00:00:00+00,REGION BIO BIO,CHIGUAYANTE,ATROPELLO,ATROPELLO,URBANA,CRUCE CON SEMAFORO FUNCIONANDO,ALCOHOL EN PEATON,EBRIEDAD DEL PEATON,MANUEL RODRIGUEZ,LOS AROMOS,LOS AROMOS - MANUEL RODRIGUEZ,0, , ,BIDIRECCIONAL CON BANDEJON,CONCRETO,BUENO,SECO,DESPEJADO,0,0,0,1
-8127869.16695558,-4432523.48776415,6013,2024,1659791,-36.952755,-73.013891,1,2024/12/22 00:00:00+00,1899/12/30 00:00:00+00,REGION BIO BIO,CHIGUAYANTE,COLISION PERPENDICULAR,COLISION,URBANA,CRUCE CON SEMAFORO FUNCIONANDO,DESOBEDIENCIA A SENALIZACION,SENALIZACION DESOBEDECER OTRA,ITALIA,MANUEL RODRIGUEZ,ITALIA - MANUEL RODRIGUEZ,0, , ,BIDIRECCIONAL,ASFALTO,BUENO,SECO,DESPEJADO,0,1,1,0
-8042382.47719579,-4538809.88635957,6014,2024,1659793,-37.711924,-72.245951,1,2024/12/15 00:00:00+00,1899/12/30 00:00:00+00,REGION BIO BIO,MULCHEN,CHOQUE,CHOQUE,URBANA,CRUCE CON SENAL PARE,IMPRUDENCIA DEL CONDUCTOR,CONDUCCION NO ATENTO CONDICIONES TRANSITO MOMENTO,LASTARRIA,LAS PENAS,LAS PENAS - LASTARRIA,0, , ,UNIDIRECCIONAL,ASFALTO,BUENO,SECO,DESPEJADO,0,1,0,0
-8041620.82923979,-4539160.6959601,6015,2024,1659804,-37.714417,-72.239109,1,2024/12/18 00:00:00+00,1899/12/30 00:00:00+00,REGION BIO BIO,MULCHEN,COLISION,COLISION,URBANA,CRUCE CON SENAL CEDA EL PASO,IMPRUDENCIA DEL CONDUCTOR,CONDUCCION NO ATENTO CONDICIONES TRANSITO MOMENTO,VILLAGRA,MANUEL MONTT,MANUEL MONTT - VILLAGRA,0, , ,UNIDIRECCIONAL,ASFALTO,BUENO,SECO,NUBLADO,0,0,1,0
-8121513.49194823,-4386747.23947084,6016,2024,1659820,-36.623432,-72.956797,1,2024/12/24 00:00:00+00,1899/12/30 00:00:00+00,REGION BIO BIO,TOME,COLISION POR ALCANCE,COLISION,URBANA,PASO PARA PEATONES,IMPRUDENCIA DEL CONDUCTOR,CONDUCCION SIN MANTENER DISTANCIA RAZONABLE NI PRUDENTE,LATORRE,LOS SUSPIROS,LATORRE - LOS SUSPIROS,0, , ,BIDIRECCIONAL CON BANDEJON,CONCRETO,BUENO,SECO,DESPEJADO,0,0,0,0
-8121371.67091696,-4385287.48835769,6017,2024,1659845,-36.612907,-72.955523,1,2024/12/27 00:00:00+00,1899/12/30 00:00:00+00,REGION BIO BIO,TOME,CHOQUE LADO/LADO,CHOQUE,URBANA,TRAMO DE VIA RECTA,IMPRUDENCIA DEL CONDUCTOR,CONDUCCION NO ATENTO CONDICIONES TRANSITO MOMENTO,MARIANO EGANA, ,- MARIANO EGANA,1643, , ,UNIDIRECCIONAL,CONCRETO,BUENO,SECO,DESPEJADO,0,0,0,0
-8041913.59950057,-4540191.94471371,6018,2024,1659866,-37.721745,-72.241739,1,2024/12/24 00:00:00+00,1899/12/30 00:00:00+00,REGION BIO BIO,MULCHEN,ATROPELLO,ATROPELLO,URBANA,TRAMO DE VIA RECTA,IMPRUDENCIA DEL CONDUCTOR,CONDUCCION NO ATENTO CONDICIONES TRANSITO MOMENTO,VILLAGRA, ,- VILLAGRA,229, , ,UNIDIRECCIONAL,ASFALTO,BUENO,SECO,DESPEJADO,0,1,0,0
-8176120.26628145,-4471107.67891404,6019,2024,1659880,-37.229236,-73.447338,1,2024/12/28 00:00:00+00,1899/12/30 00:00:00+00,REGION BIO BIO,ARAUCO,CHOQUE,CHOQUE,RURAL,TRAMO DE VIA RECTA,IMPRUDENCIA DEL CONDUCTOR,CONDUCCION NO ATENTO CONDICIONES TRANSITO MOMENTO,PRINCIPAL DE TUBUL, ,- PRINCIPAL DE TUBUL,1, , ,BIDIRECCIONAL,ASFALTO,BUENO,SECO,DESPEJADO,0,0,0,0
-8131478.03352761,-4413638.17234769,6020,2024,1659911,-36.817062,-73.04631,1,2024/12/26 00:00:00+00,1899/12/30 00:00:00+00,REGION BIO BIO,CONCEPCION,CHOQUE,CHOQUE,URBANA,CRUCE CON SEMAFORO FUNCIONANDO,IMPRUDENCIA DEL CONDUCTOR,CONDUCCION NO ATENTO CONDICIONES TRANSITO MOMENTO,PAICAVI,MANUEL BULNES,MANUEL BULNES - PAICAVI,0, , ,BIDIRECCIONAL,CONCRETO,BUENO,SECO,DESPEJADO,0,0,0,0
-8144352.80055479,-4450915.83174509,6021,2024,1659926,-37.084674,-73.161966,1,2024/12/26 00:00:00+00,1899/12/30 00:00:00+00,REGION BIO BIO,LOTA,COLISION FRONTAL,COLISION,URBANA,TRAMO DE VIA RECTA,IMPRUDENCIA DEL CONDUCTOR,CONDUCCION NO ATENTO CONDICIONES TRANSITO MOMENTO,ARTURO PRAT,CARLOS COUSINO,ARTURO PRAT - CARLOS COUSINO,0, , ,BIDIRECCIONAL,CONCRETO,BUENO,SECO,DESPEJADO,0,0,0,1
-8142796.99935147,-4449190.66703379,6022,2024,1659939,-37.07231,-73.14799,1,2024/12/29 00:00:00+00,1899/12/30 00:00:00+00,REGION BIO BIO,LOTA,CHOQUE FRONTAL,CHOQUE,URBANA,TRAMO DE VIA RECTA,ALCOHOL EN CONDUCTOR,CONDUCCION EN ESTADO DE EBRIEDAD,PLAYA BLANCA, ,- PLAYA BLANCA,15, , ,BIDIRECCIONAL,CONCRETO,BUENO,SECO,DESPEJADO,0,0,0,2
-8121544.32744718,-4385719.77582848,6023,2024,1659940,-36.616024,-72.957074,1,2024/12/28 00:00:00+00,1899/12/30 00:00:00+00,REGION BIO BIO,TOME,CHOQUE POSTERIOR/FRENTE,CHOQUE,URBANA,TRAMO DE VIA RECTA,DEFICIENCIAS VIALES,SENALIZACION SEMAFORO MAL ESTADO O DEFICIENTE,MARIANO EGANA,COVADONGA,COVADONGA - MARIANO EGANA,0, , ,UNIDIRECCIONAL,CONCRETO,BUENO,SECO,DESPEJADO,0,0,0,0
-8136214.90049984,-4405671.17745039,6024,2024,1659945,-36.759746,-73.088862,1,2024/12/23 00:00:00+00,1899/12/30 00:00:00+00,REGION BIO BIO,TALCAHUANO,CHOQUE FRENTE/POSTERIOR,CHOQUE,URBANA,CRUCE CON SEMAFORO FUNCIONANDO,IMPRUDENCIA DEL CONDUCTOR,CONDUCCION SIN MANTENER DISTANCIA RAZONABLE NI PRUDENTE,CRISTOBAL COLON, ,- CRISTOBAL COLON,5215, , ,BIDIRECCIONAL CON BANDEJON,CONCRETO,BUENO,SECO,DESPEJADO,0,0,0,1
-8133879.30626351,-4410087.62259247,6025,2024,1659946,-36.791524,-73.067881,1,2024/12/20 00:00:00+00,1899/12/30 00:00:00+00,REGION BIO BIO,TALCAHUANO,CHOQUE FRENTE/POSTERIOR,CHOQUE,URBANA,OTROS NO CONSIDERADOS,IMPRUDENCIA DEL CONDUCTOR,CONDUCCION NO ATENTO CONDICIONES TRANSITO MOMENTO,PRESIDENTE JORGE ALESSANDRI, ,- PRESIDENTE JORGE ALESSANDRI,3177, , ,BIDIRECCIONAL,CONCRETO,BUENO,SECO,DESPEJADO,0,0,0,0
-8139124.01275274,-4400770.5905452,6026,2024,1659947,-36.724469,-73.114995,1,2024/12/22 00:00:00+00,1899/12/30 00:00:00+00,REGION BIO BIO,TALCAHUANO,ATROPELLO,ATROPELLO,URBANA,TRAMO DE VIA RECTA,IMPRUDENCIA DEL CONDUCTOR,NO RESPETAR DERECHO PREFERENTE DE PASO A PEATON,BILBAO, ,- BILBAO,384, , ,BIDIRECCIONAL,CONCRETO,BUENO,SECO,DESPEJADO,0,1,0,0
-8136893.05883776,-4403968.90691114,6027,2024,1659948,-36.747494,-73.094954,1,2024/12/26 00:00:00+00,1899/12/30 00:00:00+00,REGION BIO BIO,TALCAHUANO,COLISION LATERAL,COLISION,URBANA,CRUCE CON SEMAFORO FUNCIONANDO,DESOBEDIENCIA A SENALIZACION,SENALIZACION DESOBEDECER LUZ ROJA DE SEMAFORO,CRISTOBAL COLON, ,- CRISTOBAL COLON,3594, , ,BIDIRECCIONAL CON BANDEJON,CONCRETO,BUENO,SECO,DESPEJADO,0,0,0,1
-8136332.45388212,-4402653.34860114,6028,2024,1659949,-36.738024,-73.089918,1,2024/12/23 00:00:00+00,1899/12/30 00:00:00+00,REGION BIO BIO,TALCAHUANO,CHOQUE LADO/LADO,CHOQUE,URBANA,TRAMO DE VIA RECTA,IMPRUDENCIA DEL CONDUCTOR,CONDUCCION NO ATENTO CONDICIONES TRANSITO MOMENTO,HERNAN MERINO CORREA, ,- HERNAN MERINO CORREA,870, , ,BIDIRECCIONAL,CONCRETO,BUENO,SECO,DESPEJADO,0,0,0,0
-8134639.9523441,-4407955.05346226,6029,2024,1659950,-36.776181,-73.074714,1,2024/12/24 00:00:00+00,1899/12/30 00:00:00+00,REGION BIO BIO,TALCAHUANO,VOLCADURA,VOLCADURA,URBANA,TRAMO DE VIA RECTA,VELOCIDAD IMPRUDENTE,VELOCIDAD NO RAZONABLE NI PRUDENTE,IFARLE ORIENTE, ,- IFARLE ORIENTE,1684, , ,BIDIRECCIONAL,CONCRETO,BUENO,SECO,DESPEJADO,0,0,0,1
-8136166.14256288,-4405786.64492092,6030,2024,1659952,-36.760577,-73.088424,1,2024/12/26 00:00:00+00,1899/12/30 00:00:00+00,REGION BIO BIO,TALCAHUANO,COLISION LATERAL,COLISION,URBANA,CRUCE CON SEMAFORO FUNCIONANDO,DESOBEDIENCIA A SENALIZACION,SENALIZACION DESOBEDECER LUZ ROJA DE SEMAFORO,CRISTOBAL COLON, ,- CRISTOBAL COLON,5335, , ,BIDIRECCIONAL CON BANDEJON,CONCRETO,BUENO,SECO,DESPEJADO,0,0,0,1
-8135523.16118405,-4409077.09047976,6031,2024,1660005,-36.784254,-73.082648,1,2024/12/27 00:00:00+00,1899/12/30 00:00:00+00,REGION BIO BIO,HUALPEN,COLISION,COLISION,URBANA,TRAMO DE VIA RECTA,IMPRUDENCIA DEL CONDUCTOR,CONDUCCION NO ATENTO CONDICIONES TRANSITO MOMENTO,O'HIGGINS, ,- O'HIGGINS,225, , ,BIDIRECCIONAL CON BANDEJON,CONCRETO,BUENO,SECO,DESPEJADO,0,0,0,2
-8139401.30960431,-4408712.09928547,6032,2024,1660021,-36.781628,-73.117486,1,2024/12/27 00:00:00+00,1899/12/30 00:00:00+00,REGION BIO BIO,HUALPEN,COLISION,COLISION,URBANA,TRAMO DE VIA RECTA,IMPRUDENCIA DEL CONDUCTOR,VIRAJES INDEBIDOS,CAMINO RAMUNTCHO, ,- CAMINO RAMUNTCHO,2501, , ,BIDIRECCIONAL,CONCRETO,REGULAR,SECO,DESPEJADO,0,1,0,0
-8051424.62547446,-4500771.2088336,6033,2024,1660029,-37.441108,-72.327178,1,2024/12/26 00:00:00+00,1899/12/30 00:00:00+00,REGION BIO BIO,LOS ANGELES,CHOQUE POSTERIOR/FRENTE,CHOQUE,URBANA,CRUCE CON SEMAFORO FUNCIONANDO,ALCOHOL EN CONDUCTOR,CONDUCCION EN ESTADO DE EBRIEDAD,SOR VICENTA,LAS INDUSTRIAS,LAS INDUSTRIAS - SOR VICENTA,0, , ,BIDIRECCIONAL CON BANDEJON,CONCRETO,BUENO,SECO,DESPEJADO,0,0,0,1